{"train_recall":0.00910643141718839,"train_accuracy":0.6568359375,"train_hamming_loss":0.3431640625,"val_hamming_loss":0.340625,"train_f1_score":0.017887087758524316,"val_f1_score":0.0045662100456621,"val_precision":0.5,"hamming_loss":0.3431640625,"_timestamp":1.728639495744448e+09,"_wandb":{"runtime":1},"train_precision":0.5,"val_loss":5.154777323607402,"epoch":34,"_step":35,"train_loss":5.056810501169805,"val_recall":0.0022935779816513763,"val_accuracy":0.659375,"_runtime":1.687237}