{"_runtime":3.6555210000000002,"train_loss":0.154165383720031,"val_loss":0.16501690047177683,"_timestamp":1.72859572030718e+09,"_step":133,"epoch":133,"_wandb":{"runtime":3},"train_accuracy":0.6028446389496718,"val_accuracy":0.62882096069869}