{"_wandb":{"runtime":3},"val_recall":0.3577127659574468,"_timestamp":1.728597814395581e+09,"train_recall":0.28081448601423237,"train_f1_score":0.284748710191451,"train_precision":0.28879473807597544,"val_accuracy":0.5956284153005464,"_runtime":3.77488,"_step":86,"val_f1_score":0.34644121251425836,"train_loss":0.15423891312496613,"val_precision":0.3358582949308756,"val_loss":0.17258241977070743,"train_accuracy":0.600547195622435,"epoch":85}