{"val_f1_score":0.1322314049586777,"train_accuracy":0.6693359375,"val_accuracy":0.671875,"val_recall":0.07339449541284404,"train_precision":0.6951219512195121,"train_hamming_loss":0.3306640625,"hamming_loss":0.330078125,"val_hamming_loss":0.328125,"_step":86,"train_recall":0.06488332384746727,"val_precision":0.6666666666666666,"epoch":85,"val_loss":5.0355124315351985,"train_loss":5.021691530418931,"_timestamp":1.728639847011879e+09,"_wandb":{"runtime":1},"train_f1_score":0.11868818323789691,"_runtime":1.38651}