{"epoch":11,"train_accuracy":0.41466083150984684,"_step":11,"val_loss":0.19885136927906438,"val_accuracy":0.45414847161572053,"_timestamp":1.728595473704191e+09,"_wandb":{"runtime":0},"train_loss":0.217201012340721,"_runtime":0.521346}