{"val_f1_score":0.17943891727166802,"_wandb":{"runtime":0},"train_accuracy":0.4911080711354309,"_step":8,"train_precision":0.15438368993588358,"val_loss":0.22170999148856646,"val_recall":0.22127659574468087,"_runtime":0.520132,"epoch":7,"train_f1_score":0.16776209848118448,"val_accuracy":0.31693989071038253,"train_loss":0.21865022985441945,"val_precision":0.150906418422342,"_timestamp":1.728597209812618e+09,"train_recall":0.18367916108879964}