{"train_accuracy":0.454172366621067,"_runtime":1.4524,"_wandb":{"runtime":1},"val_f1_score":0.08173913043478262,"train_recall":0.16666666666666666,"epoch":13,"val_recall":0.2,"val_accuracy":0.2568306010928962,"val_precision":0.05136612021857924,"_timestamp":1.728597656874754e+09,"_step":14,"train_f1_score":0.10410787080589524,"train_precision":0.0756953944368445,"train_loss":0.2834052426359925,"val_loss":0.22617483429771487}