{"train_mse":0.17729449598381578,"mse_train":0.17570144883354127,"epoch":4,"mae_train":0.34320035518551406,"_step":6,"val_mse":0.13529826342545076,"rmse_train":0.4191675665334107,"val_loss":0.06764913171272538,"_timestamp":1.728680845435673e+09,"train_loss":0.08864724799190789,"r2_val":-1.774882528265342,"mae_val":0.34029464805340287,"val_r_squared":-1.7639183656684372,"rmse_val":0.3685579694900459,"train_rmse":0.4210635296292185,"mse_val":0.1358349768746256,"val_rmse":0.36782912259016515,"_runtime":0.838842,"_wandb":{"runtime":0},"train_r_squared":-3.771983597328564,"r2_train":-3.7291058146388254}