{"train_accuracy":0.0328125,"_timestamp":1.7286085231049442e+09,"val_recall":0.08027522935779817,"_step":59,"train_precision":0.6775956284153005,"hamming_loss":0.330078125,"val_loss":5.043747077106114,"train_recall":0.07057484348321001,"val_hamming_loss":0.3265625,"train_hamming_loss":0.33046875,"val_precision":0.6730769230769231,"_wandb":{"runtime":2},"_runtime":2.41325,"train_loss":5.033375341359103,"train_f1_score":0.12783505154639174,"epoch":58,"val_f1_score":0.14344262295081966,"val_accuracy":0.01875}