{"_timestamp":1.728641852345902e+09,"train_hamming_loss":0.3306640625,"_runtime":1.119713,"val_hamming_loss":0.34375,"val_recall":0.08944954128440367,"_step":20,"train_f1_score":0.19265617548879352,"val_precision":0.47560975609756095,"_wandb":{"runtime":1},"train_recall":0.11496869664200342,"val_accuracy":0.65625,"val_loss":5.117300740647716,"train_accuracy":0.6693359375,"train_precision":0.5941176470588235,"hamming_loss":0.33125,"train_loss":4.966173444331586,"epoch":19,"val_f1_score":0.15057915057915058}