{"val_f1_score":0.3360099270261558,"epoch":68,"val_precision":0.323892599154968,"train_recall":0.2921530175282025,"train_loss":0.15465670477068394,"val_loss":0.1707777629001486,"_step":69,"train_accuracy":0.615595075239398,"val_accuracy":0.5683060109289617,"_timestamp":1.728598603652282e+09,"_runtime":2.333663,"_wandb":{"runtime":2},"train_f1_score":0.29642130470276923,"train_precision":0.30081615833594727,"val_recall":0.34906914893617025}