{"val_f1_score":0.0045045045045045045,"_wandb":{"runtime":1},"train_accuracy":0.003125,"val_accuracy":0.00625,"train_loss":5.074387430040167,"_step":20,"_runtime":0.547669,"val_hamming_loss":0.3453125,"train_recall":0.014797951052931132,"epoch":19,"val_precision":0.125,"val_recall":0.0022935779816513763,"_timestamp":1.7286082813105159e+09,"train_hamming_loss":0.3408203125,"val_loss":5.192400054429497,"hamming_loss":0.341015625,"train_f1_score":0.028937117417918753,"train_precision":0.65}