{"val_precision":0,"train_accuracy":0.6568359375,"train_hamming_loss":0.3431640625,"epoch":9,"val_loss":5.133661341763293,"train_f1_score":0,"val_f1_score":0,"hamming_loss":0.3431640625,"_timestamp":1.728641523085564e+09,"_step":10,"val_recall":0,"train_precision":0,"val_hamming_loss":0.340625,"_wandb":{"runtime":0},"train_loss":5.143539733760277,"train_recall":0,"val_accuracy":0.659375,"_runtime":0.522614}