{"_wandb":{"runtime":130},"_runtime":130.858804,"_step":10,"train_loss":0.05544047530156315,"val_loss":0.0005975727740569369,"_timestamp":1.730461459457197e+09,"val_acc":1,"test_acc":0.9993478260869565}