{"val_loss":25.246368251495483,"val_recall":0.32798165137614677,"train_f1_score":0.3479026107362863,"train_recall":0.33750711439954467,"hamming_loss":0.5359375,"train_loss":23.943842158748975,"train_accuracy":0.5658203125,"_wandb":{"runtime":0},"val_hamming_loss":0.44609375,"_runtime":0.593099,"_timestamp":1.728641661479889e+09,"val_f1_score":0.3337222870478413,"train_precision":0.3589588377723971,"epoch":4,"_step":5,"train_hamming_loss":0.4341796875,"val_accuracy":0.55390625,"val_precision":0.33966745843230406}