{"val_mse":0.22059061182037482,"train_mse":0.12639522331652422,"train_r_squared":-2.4020003221205086,"epoch":6,"_step":8,"mae_train":0.2509788158427771,"mae_val":0.4056342101260891,"val_loss":0.11029530591018741,"rmse_train":0.33926150139311845,"val_rmse":0.4696707483124479,"r2_val":-3.6264412040175618,"mse_train":0.11509836632751291,"rmse_val":0.47589049311570897,"_runtime":0.513964,"mse_val":0.22647176143791264,"_wandb":{"runtime":0},"_timestamp":1.728682139380079e+09,"train_rmse":0.35552105889317476,"r2_train":-2.097938901861588,"val_r_squared":-3.5062991044250325,"train_loss":0.06319761165826211}