{"val_loss":0.16956042353976405,"_step":100,"val_f1_score":0.3263586673014665,"_wandb":{"runtime":1},"train_recall":0.26037815981274026,"train_accuracy":0.573187414500684,"epoch":99,"val_recall":0.33869680851063827,"train_f1_score":0.2680590384604727,"train_loss":0.16000395253886726,"_runtime":1.630321,"val_accuracy":0.5409836065573771,"val_precision":0.3148878455920709,"_timestamp":1.728599405126604e+09,"train_precision":0.2762068465229515}