{"val_precision":0.19179425837320574,"val_loss":0.1957059020449367,"_step":100,"train_precision":0.1696249581086433,"train_recall":0.20839654915960137,"val_f1_score":0.22434835108779838,"_timestamp":1.7285963865442e+09,"train_f1_score":0.18702245899516676,"val_accuracy":0.4808743169398907,"epoch":99,"val_recall":0.2702127659574468,"train_loss":0.18178161764222783,"_runtime":2.5480080000000003,"_wandb":{"runtime":2},"train_accuracy":0.5389876880984952}