{"epoch":199,"rmse_val":0.301357433058778,"_step":201,"_timestamp":1.728681228306381e+09,"mae_val":0.22730443471916476,"mae_train":0.2993073237991088,"mse_train":0.12717748365130177,"val_rmse":0.301357433058778,"r2_val":-0.8552259276334309,"train_r_squared":-2.4230553101261147,"_runtime":1.418663,"train_mse":0.12717748365130177,"val_loss":0.045408151229887936,"rmse_train":0.35661952225208,"train_rmse":0.35661952225208,"mse_val":0.09081630245977587,"val_r_squared":-0.8552259276334309,"val_mse":0.09081630245977587,"_wandb":{"runtime":1},"train_loss":0.06358874182565089,"r2_train":-2.4230553101261147}