{"val_precision":0.10273224043715848,"_step":5,"_wandb":{"runtime":0},"train_recall":0.16666666666666666,"train_loss":4.855318695462433,"train_accuracy":0.3693570451436389,"epoch":4,"val_accuracy":0.5136612021857924,"val_f1_score":0.13574007220216605,"val_loss":6.555109836631183,"_runtime":0.482447,"_timestamp":1.728597295693911e+09,"train_precision":0.061559507523939815,"val_recall":0.2,"train_f1_score":0.0899100899100899}