{"val_accuracy":0.26229508196721313,"train_f1_score":0.1488668886946293,"_step":26,"val_f1_score":0.1508329773601025,"val_loss":0.1846806935100687,"train_accuracy":0.45690834473324216,"train_recall":0.17017543859649123,"val_recall":0.20625,"epoch":25,"_runtime":1.5529190000000002,"_wandb":{"runtime":1},"train_precision":0.13230081676683617,"val_precision":0.11888888888888889,"_timestamp":1.728597241474732e+09,"train_loss":0.19024980742405015}