{"_timestamp":1.7286416306628082e+09,"train_f1_score":0.28471615720524013,"_wandb":{"runtime":0},"_step":9,"train_accuracy":0.680078125,"val_hamming_loss":0.353125,"val_recall":0.12844036697247707,"val_precision":0.4375,"_runtime":0.913259,"train_loss":4.853305524535989,"train_precision":0.6116322701688556,"epoch":8,"val_f1_score":0.19858156028368795,"hamming_loss":0.320703125,"train_hamming_loss":0.319921875,"train_recall":0.18554354012521343,"val_accuracy":0.646875,"val_loss":5.16477442926435}