{"train_accuracy":0.66484375,"train_hamming_loss":0.33515625,"val_recall":0.052752293577981654,"val_precision":0.5,"_timestamp":1.72863996748404e+09,"val_hamming_loss":0.340625,"_wandb":{"runtime":2},"epoch":103,"_step":104,"val_accuracy":0.659375,"train_f1_score":0.12180143295803478,"train_recall":0.06772908366533864,"train_precision":0.6040609137055838,"hamming_loss":0.3349609375,"val_loss":5.103643509498431,"train_loss":5.009476964101323,"_runtime":2.457077,"val_f1_score":0.09543568464730291}