{"_timestamp":1.72859830466609e+09,"val_loss":0.22250620963475146,"train_f1_score":0.10410787080589524,"train_recall":0.16666666666666666,"_step":8,"val_accuracy":0.2568306010928962,"_runtime":0.528475,"train_precision":0.0756953944368445,"epoch":7,"train_loss":0.2780890979833899,"val_f1_score":0.08173913043478262,"val_precision":0.05136612021857924,"train_accuracy":0.454172366621067,"_wandb":{"runtime":0},"val_recall":0.2}