{"_step":11,"train_recall":0,"train_hamming_loss":0.3431640625,"_timestamp":1.728608715568863e+09,"val_f1_score":0,"val_hamming_loss":0.340625,"train_f1_score":0,"epoch":10,"val_accuracy":0,"val_recall":0,"train_precision":0,"train_loss":5.142561786118286,"_runtime":0.592369,"hamming_loss":0.3431640625,"val_loss":5.1374602831358755,"val_precision":0,"train_accuracy":0,"_wandb":{"runtime":0}}