{"val_loss":0.0007841008907048684,"_timestamp":1.730458455220639e+09,"_runtime":58.094224,"_step":3,"val_acc":0.9996666666666667,"test_acc":1,"_wandb":{"runtime":58},"train_loss":0.010724888386741745}