{"train_loss":0.17290615386908192,"train_f1_score":0.19790520836172756,"_wandb":{"runtime":4},"val_f1_score":0.3415115897924899,"_step":200,"val_loss":0.18656948664770817,"val_precision":0.40453431372549015,"val_accuracy":0.5191256830601093,"train_precision":0.18017874502691797,"epoch":199,"train_accuracy":0.5595075239398085,"train_recall":0.21950022311468095,"val_recall":0.2954787234042553,"_timestamp":1.728597116932759e+09,"_runtime":4.75328}