{"hamming_loss":0.33359375,"train_f1_score":0.11232449297971918,"train_recall":0.061468412066021626,"val_loss":5.063413646491534,"val_accuracy":0.66171875,"_step":173,"train_hamming_loss":0.3333984375,"val_recall":0.04357798165137615,"_wandb":{"runtime":1},"_timestamp":1.728641436613568e+09,"train_precision":0.6506024096385542,"train_accuracy":0.6666015625,"_runtime":1.467743,"val_hamming_loss":0.33828125,"val_f1_score":0.08067940552016985,"epoch":172,"val_precision":0.5428571428571428,"train_loss":5.030967468970033}