{"_step":200,"val_loss":0.16630711419336122,"_timestamp":1.728599491695515e+09,"train_f1_score":0.2942814175728427,"train_accuracy":0.6169630642954856,"train_loss":0.14888733147406902,"val_f1_score":0.3474818296890084,"_wandb":{"runtime":1},"train_recall":0.2921939218863759,"epoch":199,"val_precision":0.3292756435701789,"train_precision":0.29639895491194085,"val_recall":0.36781914893617024,"val_accuracy":0.5737704918032787,"_runtime":1.5183529999999998}