{"train_accuracy":0.6693359375,"val_precision":0.4492753623188406,"val_recall":0.07110091743119266,"_runtime":1.71598,"_step":30,"train_hamming_loss":0.3306640625,"train_f1_score":0.15729218516674962,"epoch":29,"val_hamming_loss":0.34609375,"train_recall":0.08992601024473534,"_wandb":{"runtime":1},"train_loss":4.974490636903907,"val_loss":5.12866608829794,"val_accuracy":0.65390625,"_timestamp":1.728641946805818e+09,"val_f1_score":0.1227722772277228,"train_precision":0.626984126984127,"hamming_loss":0.330859375}