{"val_acc":0.9276666666666666,"test_acc":0.9210869565217391,"_wandb":{"runtime":200},"train_loss":0.15478426819374114,"val_loss":0.08188773608429635,"_timestamp":1.730459047749484e+09,"_runtime":200.888401,"_step":10}