{"train_loss":4.9909670995946485,"epoch":40,"val_accuracy":0.03125,"hamming_loss":0.3337890625,"train_f1_score":0.1644640234948605,"train_accuracy":0.0375,"_step":41,"val_hamming_loss":0.34453125,"train_precision":0.5874125874125874,"_wandb":{"runtime":1},"_runtime":1.673944,"val_f1_score":0.1301775147928994,"_timestamp":1.728610867615873e+09,"val_precision":0.4647887323943662,"train_hamming_loss":0.3333984375,"val_loss":5.1329065668866045,"val_recall":0.07568807339449542,"train_recall":0.09561752988047809}