{"train_loss":0.23307674512418394,"val_loss":0.09946116476141392,"_timestamp":1.730461322829949e+09,"_runtime":128.281792,"_step":10,"val_acc":0.8753333333333333,"test_acc":0.8556521739130435,"_wandb":{"runtime":128}}