{"epoch":9,"val_accuracy":0.5573770491803278,"val_loss":0.17428159487426662,"_wandb":{"runtime":0},"train_accuracy":0.6087551299589603,"val_precision":0.3254622577846332,"val_recall":0.3610372340425532,"_timestamp":1.7285984625664132e+09,"_runtime":0.941256,"_step":10,"train_recall":0.30391155264332187,"train_loss":0.1580416857753977,"train_precision":0.2951843895452918,"train_f1_score":0.29948440583674435,"val_f1_score":0.34232798344266757}