{"train_recall":0,"val_precision":0,"_wandb":{"runtime":1},"val_loss":5.116155563784341,"val_accuracy":0.659375,"train_loss":5.094821576624089,"_timestamp":1.728641414587649e+09,"epoch":99,"train_precision":0,"hamming_loss":0.3431640625,"val_recall":0,"train_hamming_loss":0.3431640625,"train_f1_score":0,"val_hamming_loss":0.340625,"train_accuracy":0.6568359375,"_step":100,"_runtime":1.536796,"val_f1_score":0}