{"val_accuracy":0.5628415300546448,"_step":23,"epoch":22,"_runtime":1.5526849999999999,"_wandb":{"runtime":1},"val_precision":0.32936083524318815,"train_precision":0.2908290850959188,"val_recall":0.3675531914893617,"train_f1_score":0.2947201273894225,"train_recall":0.2987166991552957,"val_f1_score":0.34741050259185885,"train_loss":0.15520838714512658,"train_accuracy":0.6046511627906976,"val_loss":0.17351856493087078,"_timestamp":1.72859737633611e+09}