{"mse_val":0.14784562222965475,"_runtime":2.285544,"train_loss":0.04048968713917565,"mae_val":0.33036744134693397,"_step":12,"train_mse":0.0809793742783513,"val_rmse":0.38427579528016087,"train_rmse":0.2845687514087787,"val_r_squared":-2.016609187127044,"train_r_squared":-1.1796065559389857,"_wandb":{"runtime":2},"rmse_val":0.3845069859308862,"_timestamp":1.728682451131743e+09,"mae_train":0.2304290627829419,"rmse_train":0.2792654374196304,"epoch":10,"val_mse":0.14766788683820012,"val_loss":0.07383394341910006,"r2_train":-1.0991238747446181,"r2_val":-2.020240025396756,"mse_train":0.0779891845371775}