{"_timestamp":1.728599014697335e+09,"train_loss":0.1919375835906346,"val_accuracy":0.2568306010928962,"val_loss":0.21026699174992103,"epoch":99,"val_recall":0.2,"val_f1_score":0.08209606986899565,"_wandb":{"runtime":1},"train_f1_score":0.1540390495685391,"val_precision":0.05164835164835165,"train_accuracy":0.45554035567715456,"train_precision":0.14265381083562903,"_runtime":1.6321560000000002,"_step":100,"train_recall":0.1673992265357727}