{"_step":10,"Test Loss":0.1252747669246546,"_wandb":{"runtime":76},"Train Loss":0.12440915454341017,"Val Loss":0.12518524127021716,"_timestamp":1.730574912991576e+09,"_runtime":76.349028}