{"_wandb":{"runtime":1},"val_accuracy":0.5846994535519126,"val_f1_score":0.35244454078038795,"_timestamp":1.7285963688454568e+09,"val_precision":0.33478208716513397,"epoch":76,"train_f1_score":0.2806543209623076,"train_loss":0.15380936106823812,"train_precision":0.2828384320050614,"_step":77,"train_accuracy":0.5937072503419972,"train_recall":0.2785036833493819,"_runtime":1.379122,"val_loss":0.1662968852076052,"val_recall":0.37207446808510636}