{"val_recall":0.06192660550458716,"train_accuracy":0.0234375,"_timestamp":1.7286083630321789e+09,"val_precision":0.574468085106383,"val_hamming_loss":0.33515625,"train_f1_score":0.13414634146341464,"train_precision":0.6255924170616114,"_wandb":{"runtime":1},"val_f1_score":0.11180124223602485,"train_loss":4.995880275542353,"_runtime":1.71097,"train_recall":0.07512805919180421,"hamming_loss":0.333203125,"val_loss":5.094832042639406,"train_hamming_loss":0.3328125,"_step":24,"epoch":23,"val_accuracy":0.01875}