{"hamming_loss":0.3431640625,"train_hamming_loss":0.3431640625,"val_accuracy":0.659375,"_wandb":{"runtime":1},"val_hamming_loss":0.340625,"val_f1_score":0,"val_recall":0,"train_loss":5.1496736003699155,"epoch":8,"train_precision":0,"_runtime":1.242704,"train_accuracy":0.6568359375,"train_recall":0,"_step":9,"_timestamp":1.7286414218818078e+09,"val_precision":0,"train_f1_score":0,"val_loss":5.136332797581782}