{"val_recall":0.2723404255319149,"train_recall":0.20630670831474043,"train_precision":0.1680314652293092,"_wandb":{"runtime":0},"_runtime":0.544606,"val_loss":0.20588859568750142,"train_accuracy":0.53077975376197,"_timestamp":1.728597683522486e+09,"_step":18,"val_accuracy":0.4808743169398907,"train_loss":0.1977201617435085,"val_precision":0.19362318840579712,"train_f1_score":0.1852123076658773,"val_f1_score":0.2263327862777278,"epoch":17}