{"train_f1_score":0.20517737296260785,"_runtime":0.856139,"train_accuracy":0.676171875,"val_accuracy":0.65078125,"train_loss":4.896450467106628,"val_recall":0.09403669724770643,"_timestamp":1.728640414518677e+09,"train_hamming_loss":0.323828125,"val_precision":0.44086021505376344,"train_recall":0.1217985202048947,"val_loss":5.147054917862335,"train_precision":0.6504559270516718,"_step":12,"val_hamming_loss":0.34921875,"hamming_loss":0.3248046875,"epoch":11,"val_f1_score":0.15500945179584122,"_wandb":{"runtime":0}}