{"_wandb":{"runtime":2},"_step":79,"val_accuracy":0.5901639344262295,"_timestamp":1.728599482339526e+09,"train_accuracy":0.600547195622435,"_runtime":2.354235,"train_loss":0.15328133551970513,"train_f1_score":0.2844550476028838,"train_recall":0.28341886062769595,"val_f1_score":0.35801894983900034,"train_precision":0.28549883903505663,"val_recall":0.3783244680851064,"val_precision":0.339782087165134,"val_loss":0.16568303822370448,"epoch":78}