{"train_loss":0.01530190405129247,"_timestamp":1.7286819343244631e+09,"mse_train":0.030425120508396904,"val_rmse":0.17902635918753865,"_wandb":{"runtime":1},"_runtime":1.423382,"mse_val":0.03209654759860164,"val_mse":0.032050437283945604,"val_r_squared":0.34526290290775363,"train_r_squared":0.17628085705121044,"epoch":265,"val_loss":0.016025218641972802,"r2_train":0.18109033669004382,"rmse_val":0.1791550936998489,"mae_val":0.12241385568012514,"_step":267,"rmse_train":0.17442798086430086,"mae_train":0.119654794978799,"train_mse":0.03060380810258494,"train_rmse":0.17493944124349128,"r2_val":0.3443209459136437}