{"train_rmse":0.5838324997166253,"mae_train":0.5522711531796062,"train_loss":0.17043019386268168,"val_rmse":0.7209043050747358,"_wandb":{"runtime":1},"rmse_train":0.5838324997166253,"mse_train":0.34086038772536337,"_timestamp":1.728682112847976e+09,"val_mse":0.5197030170752878,"train_r_squared":-8.174453894795302,"mse_val":0.5197030170752878,"train_mse":0.34086038772536337,"mae_val":0.688131851729778,"val_r_squared":-9.616667776960416,"r2_train":-8.174453894795302,"_runtime":1.399842,"r2_val":-9.616667776960416,"epoch":399,"val_loss":0.2598515085376439,"rmse_val":0.7209043050747358,"_step":401}