{"mse_train":0.02943877211796488,"val_rmse":0.1728220001818339,"mae_train":0.12901332546724517,"train_loss":0.01475919603030281,"rmse_train":0.17157730653546488,"_wandb":{"runtime":1},"_step":162,"train_r_squared":0.20549545573269135,"mse_val":0.02987671438877177,"train_mse":0.02951839206060562,"r2_train":0.2076384724021797,"mae_val":0.12630551072509374,"r2_val":0.38966844426309655,"train_rmse":0.171809173388983,"_timestamp":1.7286812919739451e+09,"val_r_squared":0.38985782804985747,"val_loss":0.014933721873424899,"_runtime":1.376765,"val_mse":0.029867443746849798,"rmse_val":0.17284881946016226,"epoch":160}