{"test_exact_match_accuracy":0.023695652173913045,"train_exact_match_accuracy":0.09444444444444444,"test_hamming_score":0.42101449275362324,"val_exact_match_accuracy":0.036,"_timestamp":1.7305363984423082e+09,"_step":5,"train_hamming_score":0.43148148148148147,"val_hamming_score":0.3896666666666667,"val_loss":0.2179353877584985,"_runtime":268.41235,"train_loss":0.22135221477843783,"_wandb":{"runtime":268}}