{"epoch":71,"rmse_val":0.5147009575420208,"_wandb":{"runtime":1},"_timestamp":1.7286811522313201e+09,"mae_val":0.3916458356909438,"r2_val":-4.411814995653135,"_step":73,"rmse_train":0.3978042549207675,"val_rmse":0.5145772359914028,"mse_train":0.15824822523306695,"train_mse":0.159989559355982,"train_r_squared":-3.306211248995928,"val_mse":0.2647897318005519,"val_loss":0.13239486590027594,"train_rmse":0.39998694898206616,"train_loss":0.079994779677991,"mae_train":0.32454464572172614,"val_r_squared":-4.409213571815116,"_runtime":1.6621160000000001,"mse_val":0.2649170756946731,"r2_train":-3.2593422369270044}