{"_step":26,"train_precision":0.5992647058823529,"_runtime":1.862816,"train_recall":0.09277177006260671,"epoch":25,"train_accuracy":0.0203125,"val_accuracy":0.0125,"_wandb":{"runtime":1},"train_loss":4.967904185648361,"train_f1_score":0.16067028092656482,"hamming_loss":0.332421875,"val_f1_score":0.11313131313131314,"train_hamming_loss":0.3326171875,"val_recall":0.06422018348623854,"_timestamp":1.728610937737198e+09,"val_precision":0.4745762711864407,"val_hamming_loss":0.34296875,"val_loss":5.13494820200147}