{"hamming_loss":0.33046875,"train_precision":0.6347826086956522,"_wandb":{"runtime":0},"val_loss":5.074659394650309,"val_hamming_loss":0.3359375,"train_hamming_loss":0.3310546875,"val_recall":0.07339449541284404,"val_f1_score":0.12955465587044535,"train_recall":0.08309618668184406,"_timestamp":1.728607938503648e+09,"_runtime":0.856187,"epoch":10,"train_f1_score":0.14695520885757424,"train_accuracy":0.028125,"val_precision":0.5517241379310345,"train_loss":4.95804108334101,"val_accuracy":0.025,"_step":11}