{"train_loss":0.005935478572151166,"val_loss":0.02454548451682396,"val_rmse":0.2215648190341777,"epoch":99,"val_r_squared":-0.0028468027996639833,"r2_val":-0.0028468027996639833,"_wandb":{"runtime":1},"val_mse":0.04909096903364792,"_timestamp":1.728680890448365e+09,"rmse_val":0.2215648190341777,"_runtime":1.774725,"rmse_train":0.10895392211527923,"mae_train":0.08129706049695702,"r2_train":0.680486343003157,"mse_val":0.04909096903364792,"train_rmse":0.10895392211527923,"train_r_squared":0.680486343003157,"_step":101,"train_mse":0.011870957144302332,"mae_val":0.1602020445280881,"mse_train":0.011870957144302332}