{"train_f1_score":0.2943810349852247,"val_recall":0.3761968085106383,"val_accuracy":0.5901639344262295,"_timestamp":1.728599194038157e+09,"train_loss":0.15369040110213972,"train_recall":0.29307737773706916,"train_precision":0.29569634182415094,"train_accuracy":0.612859097127223,"_wandb":{"runtime":1},"_step":25,"val_loss":0.168564832388588,"val_f1_score":0.35629547952453433,"_runtime":1.420116,"epoch":24,"val_precision":0.33839397259220816}