{"rmse_train":0.2619400881113926,"mse_val":0.10235306719539843,"train_loss":0.03635622437189398,"mae_train":0.20143608163912652,"val_rmse":0.3128160774462869,"train_rmse":0.26965245918364616,"val_mse":0.09785389830888137,"_wandb":{"runtime":0},"_timestamp":1.728682242341384e+09,"mse_train":0.0686126097598041,"_step":17,"train_mse":0.07271244874378796,"_runtime":0.498809,"val_loss":0.04892694915444069,"train_r_squared":-0.957097488004502,"r2_val":-1.0909028323170795,"val_r_squared":-0.9989922992410925,"rmse_val":0.3199266590882955,"r2_train":-0.8467479575540751,"mae_val":0.2657732837503275,"epoch":15}