{"_runtime":0.579091,"_timestamp":1.7285950419236548e+09,"val_accuracy":0.4279475982532751,"train_loss":0.19966363079558566,"train_accuracy":0.3982494529540481,"_step":14,"_wandb":{"runtime":0},"val_loss":0.1897235876000459,"epoch":14}