{"val_loss":5.046191423556055,"val_f1_score":0.1127348643006263,"train_accuracy":0.6697265625,"hamming_loss":0.3306640625,"train_hamming_loss":0.3302734375,"val_accuracy":0.66796875,"_runtime":2.980161,"val_hamming_loss":0.33203125,"_step":73,"epoch":72,"train_f1_score":0.12155844155844156,"train_loss":5.0365552209959885,"val_recall":0.06192660550458716,"_wandb":{"runtime":2},"train_recall":0.0665907797381901,"train_precision":0.6964285714285714,"_timestamp":1.7286398707346518e+09,"val_precision":0.627906976744186}