{"_step":200,"_wandb":{"runtime":2},"train_f1_score":0.10410787080589524,"val_f1_score":0.08173913043478262,"epoch":199,"val_precision":0.05136612021857924,"_runtime":2.706381,"train_precision":0.0756953944368445,"val_loss":0.21319510559271798,"train_accuracy":0.454172366621067,"_timestamp":1.7285991247272818e+09,"train_loss":0.19486730283551054,"val_recall":0.2,"train_recall":0.16666666666666666,"val_accuracy":0.2568306010928962}