{"val_accuracy":0.66640625,"train_accuracy":0.6654296875,"train_precision":0.6833333333333333,"train_recall":0.0466704610130905,"val_precision":0.6363636363636364,"epoch":197,"train_loss":5.023944241319329,"val_loss":5.065175439701164,"_timestamp":1.728641464161081e+09,"val_f1_score":0.08955223880597016,"hamming_loss":0.3345703125,"val_recall":0.0481651376146789,"train_hamming_loss":0.3345703125,"_step":198,"val_hamming_loss":0.33359375,"_runtime":6.352763,"train_f1_score":0.08737346830047948,"_wandb":{"runtime":6}}