{"train_recall":0.16666666666666666,"val_loss":0.2260398164193289,"val_accuracy":0.2568306010928962,"train_precision":0.0756953944368445,"epoch":6,"_wandb":{"runtime":0},"train_f1_score":0.10410787080589524,"val_precision":0.05136612021857924,"_timestamp":1.728598022184387e+09,"_runtime":0.583455,"val_f1_score":0.08173913043478262,"train_accuracy":0.454172366621067,"val_recall":0.2,"train_loss":0.2821561852298781,"_step":7}