{"_runtime":1.484801,"val_precision":0.31119855940443114,"train_accuracy":0.5950752393980848,"epoch":39,"train_precision":0.2838057121157613,"val_loss":0.17066978068255795,"_step":40,"val_accuracy":0.5573770491803278,"val_recall":0.33882978723404256,"train_f1_score":0.2795291150861898,"_timestamp":1.728596530500107e+09,"_wandb":{"runtime":1},"val_f1_score":0.3244269029676282,"train_loss":0.1566731619360093,"train_recall":0.2753794906722406}