{"val_hamming_loss":0.34453125,"train_loss":4.973347598690939,"val_recall":0.0963302752293578,"train_f1_score":0.17504835589941972,"train_precision":0.5819935691318328,"train_accuracy":0.0265625,"val_precision":0.47191011235955055,"_runtime":0.636533,"val_f1_score":0.16,"_wandb":{"runtime":0},"_step":11,"val_loss":5.128959032605046,"val_accuracy":0.025,"train_hamming_loss":0.333203125,"train_recall":0.10301650540694365,"hamming_loss":0.335546875,"_timestamp":1.728609273924591e+09,"epoch":10}