{"mae_val":0.19990146542283388,"r2_train":-0.1955180378628507,"mae_train":0.16568087389771524,"val_loss":0.029413371517651162,"mse_train":0.044417329531709314,"val_mse":0.058826743035302324,"rmse_val":0.242543816493683,"train_loss":0.022224647617675328,"val_rmse":0.2425422500004944,"_wandb":{"runtime":1},"val_r_squared":-0.2017324639005298,"r2_val":-0.2017479870664809,"_timestamp":1.72868146542039e+09,"_step":207,"train_mse":0.044449295235350655,"epoch":205,"train_rmse":0.21083001502478402,"train_r_squared":-0.19637841320957028,"_runtime":1.46083,"rmse_train":0.21075419220435287,"mse_val":0.05882750291932137}