{"val_loss":0.1973871616379855,"train_accuracy":0.3982494529540481,"val_accuracy":0.4279475982532751,"epoch":5,"_step":5,"_wandb":{"runtime":0},"_timestamp":1.728594949960372e+09,"_runtime":0.752299,"train_loss":0.20262060246481495}