{"epoch":224,"val_mse":0.06239703668311741,"val_rmse":0.249793988484746,"_runtime":1.461393,"r2_val":-0.27782087531193755,"val_r_squared":-0.2746676216341897,"mse_train":0.05686724410025396,"rmse_train":0.2384685390156403,"train_r_squared":-0.5370231804764556,"_step":226,"rmse_val":0.2501027659547964,"train_loss":0.028552670450351918,"mse_val":0.06255139353823967,"_timestamp":1.728682313456339e+09,"train_mse":0.057105340900703835,"_wandb":{"runtime":1},"val_loss":0.031198518341558706,"mae_val":0.20761207256038475,"r2_train":-0.5306146677924131,"mae_train":0.18530997123414225,"train_rmse":0.2389672381325604}