{"val_loss":0.2708464350472105,"_timestamp":1.730531740933166e+09,"val_exact_match_accuracy":0,"_runtime":241.791622,"_step":5,"_wandb":{"runtime":241},"val_hamming_score":0.8788080808080808,"test_exact_match_accuracy":0.0002173913043478261,"train_hamming_score":0.8862481962481963,"train_loss":0.30146737540433854,"train_exact_match_accuracy":0.041428571428571426,"test_hamming_score":0.8911198945981554}