{"val_exact_match_accuracy":0.068,"_timestamp":1.7305309852697191e+09,"test_hamming_score":0.9160869565217391,"train_exact_match_accuracy":0.3138888888888889,"train_loss":0.15433886265240346,"val_loss":0.20958495488826265,"val_hamming_score":0.9102828282828282,"train_hamming_score":0.9345021645021645,"test_exact_match_accuracy":0.058478260869565216,"_step":5,"_wandb":{"runtime":244},"_runtime":244.392695}