{"_runtime":0.59627,"val_f1_score":0,"val_accuracy":0,"val_hamming_loss":0.340625,"val_recall":0,"_step":11,"train_recall":0,"val_loss":5.139391487137186,"_wandb":{"runtime":0},"train_accuracy":0,"epoch":10,"train_precision":0,"train_loss":5.142114148122535,"val_precision":0,"hamming_loss":0.3431640625,"train_hamming_loss":0.3431640625,"_timestamp":1.72860854844545e+09,"train_f1_score":0}