{"test_hamming_score":0.9677733860342556,"_timestamp":1.730530496074393e+09,"val_exact_match_accuracy":0.6673333333333333,"train_hamming_score":0.9918518518518519,"_wandb":{"runtime":236},"train_loss":0.06416475401746893,"_runtime":236.627652,"_step":5,"val_loss":0.09066250531914387,"test_exact_match_accuracy":0.5845652173913043,"val_hamming_score":0.9778181818181818,"train_exact_match_accuracy":0.8708730158730159}