{"val_precision":0.4880952380952381,"_wandb":{"runtime":1},"_timestamp":1.7286418702062411e+09,"_step":38,"train_accuracy":0.6716796875,"train_f1_score":0.2089411764705882,"_runtime":1.528626,"val_recall":0.09403669724770643,"hamming_loss":0.3296875,"train_recall":0.1263517359134889,"train_hamming_loss":0.3283203125,"train_loss":4.9269182441138195,"epoch":37,"val_hamming_loss":0.3421875,"train_precision":0.6032608695652174,"val_accuracy":0.6578125,"val_f1_score":0.1576923076923077,"val_loss":5.093866900629554}