{"_timestamp":1.7286082055459578e+09,"epoch":54,"train_hamming_loss":0.330859375,"val_f1_score":0.1141732283464567,"_runtime":1.43286,"val_recall":0.06651376146788991,"val_precision":0.4027777777777778,"_wandb":{"runtime":1},"val_accuracy":0.0125,"train_f1_score":0.17123287671232876,"val_loss":5.191542296478046,"train_accuracy":0.0296875,"val_hamming_loss":0.3515625,"_step":55,"train_recall":0.099601593625498,"train_precision":0.6097560975609756,"train_loss":4.944766875404122,"hamming_loss":0.3302734375}