{"train_f1_score":0.24974821821227242,"epoch":99,"_step":100,"_wandb":{"runtime":1},"train_loss":0.15626822626847325,"train_precision":0.2547470900137105,"val_accuracy":0.5792349726775956,"val_f1_score":0.325976893444761,"_timestamp":1.728596637445696e+09,"_runtime":1.503128,"val_precision":0.3667679837892604,"val_recall":0.29335106382978726,"val_loss":0.17101965693435356,"train_recall":0.24494175532539517,"train_accuracy":0.5923392612859097}