{"val_f1_score":0.3568403875561744,"val_precision":0.3377712429606566,"val_recall":0.3781914893617021,"train_precision":0.2889663898774219,"_step":68,"val_accuracy":0.5846994535519126,"train_accuracy":0.6087551299589603,"_timestamp":1.7285988111703758e+09,"train_loss":0.15599658479302114,"epoch":67,"train_f1_score":0.2890740916286212,"_runtime":2.713169,"val_loss":0.17330275465116715,"_wandb":{"runtime":2},"train_recall":0.2891818736936048}