{"hamming_loss":0.3318359375,"_runtime":1.5492599999999999,"_wandb":{"runtime":1},"val_loss":5.123565836868634,"train_loss":4.966852479470451,"val_accuracy":0.66328125,"val_f1_score":0.1532416502946955,"train_f1_score":0.17526777020447906,"val_recall":0.08944954128440367,"_timestamp":1.728640442961974e+09,"epoch":52,"train_recall":0.10244735344336937,"val_hamming_loss":0.33671875,"train_hamming_loss":0.330859375,"train_accuracy":0.669140625,"train_precision":0.6060606060606061,"val_precision":0.5342465753424658,"_step":53}