{"train_hamming_loss":0.339453125,"val_hamming_loss":0.3421875,"val_f1_score":0.013513513513513514,"train_f1_score":0.034444444444444444,"train_precision":0.7209302325581395,"_step":18,"val_loss":5.13772596929646,"_wandb":{"runtime":0},"hamming_loss":0.3392578125,"epoch":17,"val_precision":0.375,"_runtime":0.497767,"train_recall":0.017643710870802503,"train_loss":5.0771052315966285,"_timestamp":1.728639658129727e+09,"val_accuracy":0.6578125,"val_recall":0.006880733944954129,"train_accuracy":0.660546875}