{"_runtime":0.500099,"train_accuracy":0.6568359375,"epoch":6,"val_recall":0,"train_precision":0,"val_f1_score":0,"val_precision":0,"train_f1_score":0,"_wandb":{"runtime":0},"_step":7,"val_loss":5.149403906560536,"train_hamming_loss":0.3431640625,"_timestamp":1.728640019647126e+09,"val_hamming_loss":0.340625,"hamming_loss":0.3431640625,"val_accuracy":0.659375,"train_loss":5.151668014977944,"train_recall":0}