{"val_loss":0.004273818611065817,"_timestamp":1.73045954376565e+09,"_runtime":183.243607,"_step":10,"test_acc":1,"val_acc":0.9996666666666667,"_wandb":{"runtime":183},"train_loss":0.009898425215650776}