{"val_precision":0.5172413793103449,"train_f1_score":0.20222544750846638,"_step":14,"val_recall":0.10321100917431193,"train_precision":0.6741935483870968,"val_loss":5.110056082273239,"val_accuracy":0.0125,"_timestamp":1.728608024553129e+09,"val_hamming_loss":0.33828125,"_runtime":0.943031,"train_recall":0.11895276038702333,"val_f1_score":0.17208413001912046,"train_loss":4.8848578773227915,"train_accuracy":0.0421875,"train_hamming_loss":0.3220703125,"_wandb":{"runtime":0},"hamming_loss":0.3236328125,"epoch":13}