{"train_f1_score":0.14192903548225888,"train_hamming_loss":0.3353515625,"val_f1_score":0.10141987829614604,"_wandb":{"runtime":1},"_step":25,"_runtime":1.4129909999999999,"train_precision":0.5819672131147541,"val_accuracy":0.01875,"hamming_loss":0.336328125,"val_recall":0.05733944954128441,"val_precision":0.43859649122807015,"epoch":24,"val_hamming_loss":0.34609375,"_timestamp":1.728608253029532e+09,"train_loss":4.995514149484068,"val_loss":5.134131409898872,"train_recall":0.08081957882754695,"train_accuracy":0.028125}