{"val_hamming_loss":0.340625,"train_recall":0,"train_hamming_loss":0.3431640625,"_step":12,"epoch":11,"_timestamp":1.728608770292707e+09,"val_f1_score":0,"val_precision":0,"val_recall":0,"train_accuracy":0,"train_precision":0,"val_loss":5.135054700688505,"_wandb":{"runtime":0},"hamming_loss":0.3431640625,"val_accuracy":0,"train_loss":5.138013125437084,"_runtime":0.993637,"train_f1_score":0}