{"val_accuracy":0.2568306010928962,"_step":5,"epoch":4,"train_accuracy":0.454172366621067,"_runtime":0.504057,"_wandb":{"runtime":0},"train_f1_score":0.10410787080589524,"train_recall":0.16666666666666666,"_timestamp":1.7285974302934458e+09,"val_f1_score":0.08173913043478262,"train_loss":1.0220966933767166,"val_recall":0.2,"train_precision":0.0756953944368445,"val_loss":0.8310724294036907,"val_precision":0.05136612021857924}