{"val_accuracy":0.659375,"train_f1_score":0,"train_recall":0,"val_f1_score":0,"_timestamp":1.7286403616143e+09,"train_hamming_loss":0.3431640625,"train_loss":26.32318827478905,"hamming_loss":0.6099609375,"train_precision":0,"val_precision":0,"val_hamming_loss":0.340625,"train_accuracy":0.6568359375,"_step":5,"val_loss":26.87319152652765,"val_recall":0,"_runtime":0.500658,"epoch":4,"_wandb":{"runtime":0}}