{"rmse_train":0.22598725770804398,"_runtime":2.922762,"mae_val":0.24786480889973958,"val_loss":0.046593354593843145,"_step":56,"_wandb":{"runtime":2},"mse_val":0.09324568940676396,"rmse_val":0.3053615715946654,"r2_train":-0.37458497695551074,"_timestamp":1.728681251039066e+09,"r2_val":-0.9048542601049359,"val_mse":0.09318670918768629,"mse_train":0.05107024064640188,"train_rmse":0.22672247261433442,"train_loss":0.025701539794178812,"val_r_squared":-0.9036493923808964,"train_r_squared":-0.38354352901180255,"val_rmse":0.3052649819217499,"epoch":54,"train_mse":0.051403079588357624,"mae_train":0.17444927635800223}