{"val_accuracy":0.5737704918032787,"_runtime":1.855471,"_wandb":{"runtime":1},"val_loss":0.16959728945602986,"_step":100,"train_loss":0.157451496558185,"train_f1_score":0.2729405489537498,"val_recall":0.330718085106383,"train_recall":0.2662439230606637,"val_f1_score":0.32260358921065735,"epoch":99,"_timestamp":1.728596741776928e+09,"train_precision":0.27998273651394906,"val_precision":0.31487775159240317,"train_accuracy":0.5909712722298222}