{"_step":4,"train_loss":0.00925565304532316,"val_loss":0.001070026680629761,"_wandb":{"runtime":86},"_timestamp":1.730456549293074e+09,"_runtime":81.974568}