{"epoch":84,"train_accuracy":0.4993160054719562,"train_recall":0.21478858905407203,"_runtime":1.55443,"val_precision":0.22444038929440388,"_wandb":{"runtime":1},"val_accuracy":0.33879781420765026,"_timestamp":1.7285975978165681e+09,"train_loss":0.19840370103327035,"_step":85,"val_f1_score":0.2356951664799408,"train_f1_score":0.23029329946053143,"val_recall":0.2481382978723404,"train_precision":0.24821060888322385,"val_loss":0.18564913790420337}