{"val_loss":0.16288365729149,"val_accuracy":0.6200873362445415,"_wandb":{"runtime":1},"_step":44,"train_accuracy":0.5984682713347921,"train_loss":0.15283010497957347,"_timestamp":1.728595771979382e+09,"epoch":44,"_runtime":1.656094}