{"train_accuracy":0.6183310533515732,"train_precision":0.300888791250711,"_runtime":3.342362,"_step":99,"train_recall":0.30253137305557515,"val_recall":0.3570478723404255,"_wandb":{"runtime":3},"val_loss":0.1677349975453607,"train_loss":0.15343004074485456,"_timestamp":1.72859707149545e+09,"val_precision":0.33740642356918615,"train_f1_score":0.30170784650115023,"epoch":98,"val_accuracy":0.5792349726775956,"val_f1_score":0.3469493856080931}