{"_timestamp":1.7286080519577549e+09,"train_loss":5.13992339143158,"train_recall":0.0005691519635742744,"train_precision":0.5,"val_f1_score":0,"train_f1_score":0.0011370096645821489,"train_accuracy":0,"hamming_loss":0.3431640625,"_runtime":2.677584,"val_recall":0,"_step":30,"val_precision":0,"val_accuracy":0,"val_hamming_loss":0.340625,"epoch":29,"_wandb":{"runtime":2},"train_hamming_loss":0.3431640625,"val_loss":5.136906203055347}