{"val_mse":0.049478688278223555,"r2_val":-0.0107882413768563,"train_rmse":0.16486899658018483,"_timestamp":1.7286824887926269e+09,"rmse_val":0.22244036338997367,"_runtime":2.528069,"epoch":166,"_step":168,"mse_train":0.027038704873939168,"mse_val":0.049479715265063534,"r2_train":0.27223766628816337,"val_rmse":0.22243805492366533,"train_mse":0.027181786033356997,"_wandb":{"runtime":2},"val_r_squared":-0.01076726174477205,"rmse_train":0.1644345002544757,"train_loss":0.013590893016678499,"train_r_squared":0.2683865543738321,"mae_val":0.17459593340515447,"val_loss":0.024739344139111778,"mae_train":0.12002138110667133}