{"_step":14,"val_f1_score":0.3388947485734464,"train_accuracy":0.6142270861833106,"train_loss":0.15820680232044645,"train_recall":0.310253098162631,"_runtime":0.903548,"_timestamp":1.728596362744361e+09,"val_precision":0.32293339619182315,"val_accuracy":0.546448087431694,"val_recall":0.35651595744680853,"epoch":13,"train_precision":0.3000247659572485,"train_f1_score":0.3050532180058551,"_wandb":{"runtime":0},"val_loss":0.17375035758559412}