{"_wandb":{"runtime":1},"_step":200,"val_precision":0.1978871548619448,"val_f1_score":0.23071324599708878,"train_loss":0.17036423558498612,"epoch":199,"_runtime":1.4683,"_timestamp":1.7285968962337651e+09,"train_f1_score":0.1975350535033031,"val_recall":0.276595744680851,"train_precision":0.17969816791880847,"val_loss":0.1811668772797317,"train_accuracy":0.5567715458276333,"train_recall":0.2193031384798453,"val_accuracy":0.4972677595628415}