{"train_loss":0.18841233459043005,"val_loss":0.20210856951428433,"val_precision":0.1732415150024594,"epoch":24,"val_accuracy":0.4262295081967213,"train_recall":0.20472631265803956,"val_recall":0.25531914893617025,"train_f1_score":0.1838769161187447,"val_f1_score":0.2064206068953391,"_wandb":{"runtime":1},"_runtime":1.4256630000000001,"train_precision":0.16688163434738779,"_timestamp":1.728596298733388e+09,"train_accuracy":0.5280437756497948,"_step":25}