{"train_f1_score":0.29241898821964085,"val_precision":0.3385158051824718,"_timestamp":1.728598746003842e+09,"_step":100,"val_f1_score":0.35642265208359186,"epoch":99,"val_loss":0.1706773152898893,"val_recall":0.37632978723404253,"_wandb":{"runtime":3},"train_loss":0.153411860443237,"val_accuracy":0.5901639344262295,"_runtime":3.150627,"train_accuracy":0.6087551299589603,"train_precision":0.2903614457831325,"train_recall":0.2945058988390208}