{"_runtime":146.638415,"_step":15,"Test Loss":0.006295223889433464,"_wandb":{"runtime":146},"Train Loss":0.006368587905293345,"Val Loss":0.006317475914456852,"_timestamp":1.7305753783099039e+09}