{"train_f1_score":0.14064837905236907,"_wandb":{"runtime":0},"val_precision":0.5789473684210527,"train_hamming_loss":0.3365234375,"train_recall":0.08025042686397268,"val_accuracy":0.66640625,"_timestamp":1.728641123666142e+09,"train_accuracy":0.6634765625,"val_loss":5.102864447001096,"epoch":18,"hamming_loss":0.33671875,"_runtime":0.552368,"_step":19,"train_precision":0.5685483870967742,"val_hamming_loss":0.33359375,"val_recall":0.07568807339449542,"val_f1_score":0.13387423935091278,"train_loss":5.001070918754966}