{"train_loss":4.882862391004214,"train_accuracy":0.6720703125,"val_precision":0.475,"_timestamp":1.7286416680433762e+09,"_wandb":{"runtime":0},"_step":12,"val_f1_score":0.20503597122302158,"epoch":11,"train_f1_score":0.25675077467906154,"hamming_loss":0.328515625,"val_loss":5.15376939870547,"train_precision":0.5776892430278885,"train_recall":0.16505406943653955,"val_recall":0.13073394495412843,"val_accuracy":0.6546875,"val_hamming_loss":0.3453125,"_runtime":0.813608,"train_hamming_loss":0.3279296875}