{"rmse_train":0.33073264752700043,"_wandb":{"runtime":1},"train_r_squared":-1.976676611008772,"val_loss":0.03246937190040729,"val_rmse":0.25483081407242447,"rmse_val":0.2549313590921898,"_timestamp":1.728681508538477e+09,"_runtime":1.372036,"val_r_squared":-0.3265904682760772,"train_loss":0.055296541646858904,"val_mse":0.06493874380081457,"_step":130,"mse_train":0.10938408414021909,"mae_val":0.20352302954063634,"r2_train":-1.9441357016158114,"train_rmse":0.3325553837990265,"mse_val":0.06498999784859102,"r2_val":-0.3276375031779126,"epoch":128,"train_mse":0.11059308329371781,"mae_train":0.23373995530439406}