{"val_f1_score":0.0625,"val_accuracy":0.6484375,"epoch":5,"_step":6,"_wandb":{"runtime":0},"train_accuracy":0.6626953125,"_timestamp":1.728641678930887e+09,"val_loss":5.227439352225625,"train_precision":0.5882352941176471,"train_loss":5.0311126805080395,"hamming_loss":0.337890625,"train_hamming_loss":0.3373046875,"train_recall":0.056915196357427436,"_runtime":0.614962,"val_recall":0.034403669724770644,"train_f1_score":0.10378827192527244,"val_precision":0.3409090909090909,"val_hamming_loss":0.3515625}