{"_step":65,"epoch":64,"val_hamming_loss":0.3453125,"hamming_loss":0.328515625,"train_accuracy":0.671875,"train_hamming_loss":0.328125,"train_precision":0.6149253731343284,"_timestamp":1.728640551378214e+09,"train_recall":0.11724530449630051,"_runtime":1.6242619999999999,"val_accuracy":0.6546875,"_wandb":{"runtime":1},"val_recall":0.08944954128440367,"val_f1_score":0.15000000000000002,"train_f1_score":0.19694072657743783,"train_loss":4.923804146010177,"val_precision":0.4642857142857143,"val_loss":5.162740552685893}