{"val_f1_score":0.34545337153180977,"_wandb":{"runtime":1},"val_accuracy":0.5355191256830601,"train_precision":0.28524697078913946,"_timestamp":1.72859950751012e+09,"train_loss":0.15508921233033693,"_runtime":1.419782,"epoch":199,"train_recall":0.28654735902675027,"val_loss":0.17388500911472932,"val_precision":0.32258721670486373,"_step":200,"train_accuracy":0.5937072503419972,"train_f1_score":0.28589568622104616,"val_recall":0.3718085106382979}