{"train_recall":0.10756972111553785,"val_loss":5.149268705512315,"train_accuracy":0.6685546875,"epoch":26,"_step":27,"_timestamp":1.728640490701789e+09,"_runtime":1.464165,"train_f1_score":0.1821686746987952,"val_precision":0.4647887323943662,"train_loss":4.977378459996734,"val_accuracy":0.65546875,"val_hamming_loss":0.34453125,"val_recall":0.07568807339449542,"train_hamming_loss":0.3314453125,"hamming_loss":0.3314453125,"train_precision":0.5943396226415094,"_wandb":{"runtime":1},"val_f1_score":0.13017751479289943}