{"train_hamming_score":0.8974987974987975,"_timestamp":1.7305312342299058e+09,"train_loss":0.22113079634414712,"_runtime":242.458041,"val_exact_match_accuracy":0.034666666666666665,"train_exact_match_accuracy":0.09714285714285714,"val_hamming_score":0.8885252525252525,"_wandb":{"runtime":242},"val_loss":0.2178550662195429,"_step":5,"test_exact_match_accuracy":0.022391304347826088,"test_hamming_score":0.8957048748353096}