{"val_loss":0.042604392629028605,"train_loss":0.015925454762197606,"rmse_train":0.17764765358239878,"r2_train":0.1505796918146649,"rmse_val":0.2922113859244607,"mae_val":0.21472961469992344,"mse_train":0.031558688823331967,"val_rmse":0.29190543889769716,"_wandb":{"runtime":0},"mae_train":0.12918298790246463,"_timestamp":1.728680937589803e+09,"train_r_squared":0.14271440313474482,"r2_val":-0.7443244064373351,"val_r_squared":-0.7406736829316969,"_step":6,"val_mse":0.08520878525805721,"_runtime":0.449991,"train_rmse":0.1784682311348303,"epoch":4,"mse_val":0.08538749406389412,"train_mse":0.03185090952439521}