{"train_recall":0.1109846328969835,"val_loss":5.1569140994378175,"_runtime":0.567781,"train_loss":4.907652218822094,"val_precision":0.5432098765432098,"_step":17,"val_f1_score":0.1702127659574468,"train_f1_score":0.18642447418738053,"train_precision":0.582089552238806,"val_recall":0.10091743119266056,"hamming_loss":0.3318359375,"_wandb":{"runtime":0},"train_accuracy":0.667578125,"_timestamp":1.728640755290827e+09,"train_hamming_loss":0.332421875,"val_accuracy":0.66484375,"epoch":16,"val_hamming_loss":0.33515625}