{"_timestamp":1.730532242139241e+09,"val_exact_match_accuracy":0.034,"_wandb":{"runtime":245},"test_exact_match_accuracy":0.023043478260869565,"test_hamming_score":0.8954018445322793,"train_exact_match_accuracy":0.09666666666666666,"_runtime":245.924533,"val_hamming_score":0.8886464646464647,"train_hamming_score":0.8965175565175565,"train_loss":0.2249496304973733,"val_loss":0.2180636907194523,"_step":5}