{"val_accuracy":0.2568306010928962,"_wandb":{"runtime":1},"train_loss":0.1896508588486614,"val_f1_score":0.08173913043478262,"_timestamp":1.728599535713412e+09,"train_precision":0.15900777320530407,"train_recall":0.16678194258515544,"_step":38,"val_recall":0.2,"val_loss":0.19799420350468638,"epoch":37,"val_precision":0.05136612021857924,"train_accuracy":0.454172366621067,"train_f1_score":0.1628021021902193,"_runtime":1.478026}