{"train_precision":0.5720338983050848,"val_accuracy":0.65234375,"val_f1_score":0.08247422680412371,"hamming_loss":0.3365234375,"epoch":30,"train_f1_score":0.13547415955845457,"_step":31,"train_accuracy":0.6634765625,"train_recall":0.07683551508252703,"_timestamp":1.7286417600927832e+09,"val_hamming_loss":0.34765625,"val_precision":0.40816326530612246,"val_recall":0.045871559633027525,"val_loss":5.159598444398327,"_wandb":{"runtime":1},"train_hamming_loss":0.3365234375,"train_loss":5.0316558495677794,"_runtime":1.616725}