{"val_loss":0.16855844215596372,"train_f1_score":0.28376860546083144,"val_recall":0.36808510638297876,"train_accuracy":0.6032831737346102,"_timestamp":1.728597543960623e+09,"train_loss":0.1532343793523426,"epoch":191,"val_precision":0.33406063815702364,"_wandb":{"runtime":1},"_step":192,"val_f1_score":0.35024849610090725,"val_accuracy":0.5846994535519126,"_runtime":1.468416,"train_recall":0.27862209070198923,"train_precision":0.28910882391018883}