{"train_accuracy":0.3982494529540481,"_runtime":0.522341,"epoch":8,"val_loss":0.35475341753000744,"_timestamp":1.72859518817561e+09,"val_accuracy":0.4279475982532751,"train_loss":0.34365402896969194,"_step":8,"_wandb":{"runtime":0}}