{"epoch":12,"train_loss":0.15945569951654476,"val_accuracy":0.6244541484716157,"_timestamp":1.728595248639099e+09,"train_accuracy":0.5919037199124726,"_wandb":{"runtime":0},"val_loss":0.1691315703810376,"_runtime":0.916598,"_step":12}