{"train_accuracy":0.5595075239398085,"train_f1_score":0.2568361552309741,"train_loss":0.16228519382469728,"train_recall":0.24664408119808667,"epoch":99,"_runtime":1.544807,"_timestamp":1.728597587196e+09,"val_accuracy":0.5300546448087432,"val_recall":0.3347074468085106,"train_precision":0.26790687160940324,"val_precision":0.3093267808074403,"val_f1_score":0.32151700202894584,"_step":100,"_wandb":{"runtime":1},"val_loss":0.17659372429487732}