{"_wandb":{"runtime":119},"val_loss":0.004108449466254202,"_timestamp":1.730460899215393e+09,"_runtime":119.02779,"_step":10,"train_loss":0.04727308141240991,"val_acc":0.9993333333333333,"test_acc":1}