{"train_loss":0.15644138969403598,"val_f1_score":0.35252499191014114,"epoch":12,"_wandb":{"runtime":0},"_runtime":0.892902,"_step":13,"val_loss":0.1673191961968274,"train_f1_score":0.2969276956957732,"_timestamp":1.728597511945122e+09,"train_precision":0.2907997041834063,"val_accuracy":0.5409836065573771,"val_recall":0.3795212765957447,"train_accuracy":0.6087551299589603,"val_precision":0.3291142811639706,"train_recall":0.30331951588028533}