{"_wandb":{"runtime":1},"train_recall":0.3153727972318123,"val_recall":0.3672872340425532,"val_f1_score":0.34446537285837736,"val_loss":0.1688943696750021,"_runtime":1.416977,"epoch":21,"_step":22,"train_loss":0.15238862295692793,"train_precision":0.3071167919701597,"train_accuracy":0.627906976744186,"_timestamp":1.72859810847135e+09,"val_precision":0.3243137254901961,"train_f1_score":0.3111900453938805,"val_accuracy":0.546448087431694}