{"val_precision":0.05136612021857924,"train_precision":0.0756953944368445,"_wandb":{"runtime":7},"train_accuracy":0.454172366621067,"train_loss":0.1951273729162993,"_step":200,"val_loss":0.21196485251315983,"_runtime":7.999478,"epoch":199,"_timestamp":1.728596758970442e+09,"train_recall":0.16666666666666666,"val_accuracy":0.2568306010928962,"train_f1_score":0.10410787080589524,"val_recall":0.2,"val_f1_score":0.08173913043478262}