{"train_f1_score":0.3027174995201778,"epoch":15,"_timestamp":1.728598434650676e+09,"train_loss":0.15440332387307298,"train_recall":0.30788886540313304,"train_accuracy":0.615595075239398,"_wandb":{"runtime":1},"_step":16,"val_loss":0.1731016637763655,"train_precision":0.29771698270984687,"val_recall":0.3672872340425532,"val_accuracy":0.5628415300546448,"_runtime":1.01538,"val_precision":0.329296066252588,"val_f1_score":0.3472556442388489}