{"_wandb":{"runtime":1},"_runtime":1.478164,"train_accuracy":0.5868673050615595,"_timestamp":1.728599557302304e+09,"epoch":42,"train_f1_score":0.27628005897206714,"val_f1_score":0.33513084337126003,"val_recall":0.3349734042553192,"train_precision":0.2875326940275274,"_step":43,"val_precision":0.3352884305510796,"val_accuracy":0.5846994535519126,"train_recall":0.26587500097857314,"train_loss":0.15774480543806482,"val_loss":0.1694736423288815}