{"train_rmse":0.20504987785391357,"r2_val":-0.059649603018577135,"val_loss":0.025743053923339962,"val_rmse":0.22690550422296926,"_step":20,"train_r_squared":-0.1316775973186226,"rmse_train":0.2045169712814744,"rmse_val":0.22775328263818642,"_wandb":{"runtime":1},"epoch":18,"mae_train":0.1483811220691307,"mse_val":0.05187155775246963,"val_r_squared":-0.051775502888353975,"r2_train":-0.1258029802553362,"train_mse":0.042045452407904874,"_runtime":0.555888,"train_loss":0.021022726203952437,"mse_train":0.04182719154214742,"mae_val":0.17001025323770716,"val_mse":0.051486107846679924,"_timestamp":1.728681788043536e+09}