{"train_loss":0.06466056883032552,"val_acc":0.9993333333333333,"test_acc":0.9997826086956522,"_wandb":{"runtime":197},"val_loss":0.031108010302674263,"_timestamp":1.7304586596012669e+09,"_runtime":197.78722,"_step":10}