{"train_recall":0.2781200826698607,"_wandb":{"runtime":3},"val_precision":0.3222257250945776,"_step":200,"val_recall":0.33882978723404256,"train_accuracy":0.6019151846785226,"val_accuracy":0.5683060109289617,"train_f1_score":0.2845392516577059,"val_loss":0.1722720741583135,"epoch":199,"_timestamp":1.7285962692622411e+09,"val_f1_score":0.33031922989504103,"train_loss":0.15650699572622787,"_runtime":3.675362,"train_precision":0.2912617374797575}