{"train_r_squared":-1.929836690911364,"val_mse":0.17500407281865904,"r2_val":-2.575041975293237,"_step":401,"r2_train":-1.929836690911364,"val_rmse":0.41833488118809675,"val_loss":0.08750203640932952,"rmse_train":0.32992852260884054,"rmse_val":0.41833488118809675,"mse_train":0.10885283003085221,"val_r_squared":-2.575041975293237,"train_rmse":0.32992852260884054,"_timestamp":1.728682536871933e+09,"epoch":399,"mse_val":0.17500407281865904,"mae_train":0.25196923135928995,"mae_val":0.3298752197769948,"_runtime":1.399453,"train_mse":0.10885283003085221,"train_loss":0.054426415015426104,"_wandb":{"runtime":1}}