{"_wandb":{"runtime":2},"_timestamp":1.72859556799649e+09,"_step":99,"val_accuracy":0.6506550218340611,"val_loss":0.16566507323820112,"train_loss":0.15436996267776099,"train_accuracy":0.600656455142232,"_runtime":2.852166,"epoch":99}