{"_wandb":{"runtime":1},"train_hamming_loss":0.3353515625,"train_recall":0.11212293682413205,"val_f1_score":0.12692307692307692,"val_accuracy":0.01875,"train_accuracy":0.028125,"epoch":41,"train_loss":4.934352257053999,"_step":42,"val_precision":0.39285714285714285,"_runtime":1.754154,"val_loss":5.154441016048883,"val_recall":0.07568807339449542,"_timestamp":1.728610997034121e+09,"train_precision":0.556497175141243,"val_hamming_loss":0.3546875,"train_f1_score":0.18664140217906205,"hamming_loss":0.3361328125}