{"train_recall":0.2656266391100464,"_runtime":1.441113,"val_precision":0.3300067204301075,"epoch":99,"train_f1_score":0.27230037550887015,"val_accuracy":0.5737704918032787,"train_precision":0.27931810308952393,"_wandb":{"runtime":1},"train_accuracy":0.5896032831737346,"val_f1_score":0.3383886409151708,"_timestamp":1.728598239375374e+09,"_step":100,"val_recall":0.3472074468085106,"train_loss":0.15762763776362176,"val_loss":0.1682962180144852}