{"val_f1_score":0.04721030042918455,"train_recall":0.056346044393853156,"val_accuracy":0.653125,"epoch":14,"_step":15,"val_hamming_loss":0.346875,"_timestamp":1.728640986668776e+09,"val_recall":0.02522935779816514,"val_loss":5.201062442617429,"_runtime":0.612971,"_wandb":{"runtime":0},"train_accuracy":0.6619140625,"train_f1_score":0.10264385692068428,"train_hamming_loss":0.3380859375,"hamming_loss":0.3376953125,"val_precision":0.36666666666666664,"train_precision":0.5755813953488372,"train_loss":5.064920121563185}