{"val_accuracy":0.025,"_timestamp":1.7286110351966121e+09,"epoch":44,"_wandb":{"runtime":2},"train_loss":4.957358757390665,"train_recall":0.10700056915196357,"_runtime":2.160525,"val_hamming_loss":0.34296875,"train_hamming_loss":0.331640625,"val_precision":0.48314606741573035,"train_precision":0.5930599369085173,"val_loss":5.125805955384147,"val_recall":0.09862385321100918,"train_accuracy":0.0171875,"val_f1_score":0.16380952380952382,"train_f1_score":0.18129218900675023,"_step":45,"hamming_loss":0.3326171875}