{"_step":32,"val_hamming_loss":0.3515625,"val_precision":0.41025641025641024,"_wandb":{"runtime":1},"_timestamp":1.728610959778659e+09,"_runtime":1.5637910000000002,"hamming_loss":0.33359375,"train_accuracy":0.021875,"train_loss":4.955726651784636,"val_f1_score":0.1245136186770428,"val_recall":0.07339449541284404,"epoch":31,"train_precision":0.572289156626506,"train_f1_score":0.18190521780756344,"train_hamming_loss":0.3337890625,"val_loss":5.154306736645728,"val_accuracy":0.0125,"train_recall":0.10813887307911212}