{"_step":100,"train_loss":0.15845764431986645,"train_f1_score":0.29392534374468365,"_timestamp":1.728598917104672e+09,"train_recall":0.29883725936885946,"_runtime":5.258592,"train_precision":0.2891722888983163,"val_accuracy":0.5409836065573771,"epoch":99,"train_accuracy":0.6114911080711354,"val_precision":0.3204233409610984,"_wandb":{"runtime":5},"val_recall":0.356781914893617,"val_loss":0.1719460152972942,"val_f1_score":0.3376265974794413}