{"_runtime":5.095021,"train_hamming_loss":0.330078125,"val_recall":0.06880733944954129,"train_precision":0.6558139534883721,"val_loss":5.041277854193491,"train_f1_score":0.14300202839756593,"_wandb":{"runtime":5},"val_hamming_loss":0.33203125,"epoch":61,"_timestamp":1.728639839528502e+09,"hamming_loss":0.3302734375,"train_loss":5.030821333658145,"train_recall":0.08025042686397268,"train_accuracy":0.669921875,"val_f1_score":0.12371134020618559,"val_accuracy":0.66796875,"_step":62,"val_precision":0.6122448979591837}