{"_wandb":{"runtime":0},"epoch":4,"r2_val":-11.374202192666441,"mae_val":0.6674125796434579,"r2_train":-2.5898425607391657,"val_loss":0.30277958498721325,"_step":6,"train_rmse":0.36535752868748855,"val_mse":0.6055591699744265,"val_rmse":0.7781768243621925,"mse_val":0.6057371624064872,"_timestamp":1.728681405848479e+09,"train_loss":0.06674306188431452,"_runtime":0.46578,"rmse_val":0.7782911809897933,"val_r_squared":-11.3705661034849,"train_r_squared":-2.592855996798772,"mae_train":0.2580582363333019,"rmse_train":0.3652042783893969,"train_mse":0.13348612376862903,"mse_train":0.1333741649539201}