{"test_acc":0.9223913043478261,"val_acc":0.929,"_wandb":{"runtime":236},"train_loss":0.13302837154322167,"val_loss":0.0790027508393247,"_timestamp":1.730457775911649e+09,"_runtime":236.543002,"_step":10}