{"_wandb":{"runtime":1},"val_f1_score":0.04329004329004329,"epoch":24,"train_f1_score":0.045951859956236324,"val_hamming_loss":0.3453125,"val_precision":0.38461538461538464,"train_recall":0.02390438247011952,"_step":25,"train_loss":5.071898428925861,"train_hamming_loss":0.340625,"train_precision":0.5915492957746479,"val_accuracy":0.6546875,"_timestamp":1.728639463376405e+09,"val_recall":0.022935779816513763,"train_accuracy":0.659375,"_runtime":1.493495,"val_loss":5.177033053537156,"hamming_loss":0.340625}