{"val_hamming_loss":0.334375,"val_recall":0.06880733944954129,"train_accuracy":0.6705078125,"train_recall":0.09391007398975526,"_wandb":{"runtime":1},"_runtime":1.5988310000000001,"val_accuracy":0.665625,"hamming_loss":0.3296875,"_step":71,"val_precision":0.5769230769230769,"_timestamp":1.728640458140807e+09,"epoch":70,"train_f1_score":0.16360932077342588,"train_loss":4.987878962055296,"train_hamming_loss":0.3294921875,"val_loss":5.116410019374189,"train_precision":0.6346153846153846,"val_f1_score":0.12295081967213113}