{"val_accuracy":0.273224043715847,"train_loss":0.1904552506493777,"_wandb":{"runtime":2},"train_precision":0.13613762224578768,"val_recall":0.20638297872340425,"train_accuracy":0.46785225718194257,"_timestamp":1.728597700270302e+09,"train_recall":0.1733006098467946,"val_f1_score":0.1523104531179901,"epoch":199,"_runtime":2.59556,"val_precision":0.12068965517241378,"train_f1_score":0.15248751131197477,"_step":200,"val_loss":0.20630336376216613}