{"epoch":7,"_timestamp":1.728598798260798e+09,"train_precision":0.0756953944368445,"val_precision":0.05136612021857924,"train_loss":0.27828745332747556,"train_accuracy":0.454172366621067,"_step":8,"train_f1_score":0.10410787080589524,"val_loss":0.22421330459095504,"train_recall":0.16666666666666666,"val_f1_score":0.08173913043478262,"_runtime":0.519332,"val_accuracy":0.2568306010928962,"_wandb":{"runtime":0},"val_recall":0.2}