{"train_accuracy":0.3982494529540481,"_wandb":{"runtime":0},"val_loss":0.22928661534617686,"train_loss":0.23513166874129665,"_timestamp":1.728594872656394e+09,"epoch":9,"val_accuracy":0.4279475982532751,"_step":9,"_runtime":0.505301}