{"val_precision":0.34467690779166194,"train_loss":0.15059476604529123,"val_accuracy":0.5956284153005464,"_wandb":{"runtime":1},"_timestamp":1.7285971666537468e+09,"_runtime":1.468061,"train_accuracy":0.6087551299589603,"val_f1_score":0.3653657365890911,"train_recall":0.2960044857793748,"val_loss":0.16634816428330332,"epoch":59,"_step":60,"train_precision":0.2941123399962371,"train_f1_score":0.29505537940739307,"val_recall":0.38869680851063826}