{"train_f1_score":0.15614122327200397,"train_loss":4.966510957483811,"epoch":101,"train_accuracy":0.01875,"val_hamming_loss":0.33984375,"val_precision":0.5068493150684932,"hamming_loss":0.3314453125,"train_recall":0.08935685828116106,"_runtime":4.926934,"val_accuracy":0.03125,"val_f1_score":0.14538310412573674,"val_loss":5.135285347036211,"_step":102,"_timestamp":1.728608198056866e+09,"train_hamming_loss":0.3314453125,"val_recall":0.08486238532110092,"_wandb":{"runtime":5},"train_precision":0.6181102362204725}