{"train_r_squared":-10.115519862770949,"val_rmse":0.5533449909194632,"rmse_train":0.6426330322055095,"val_r_squared":-5.254966025366767,"train_mse":0.41297721408164745,"val_mse":0.3061906789756609,"train_rmse":0.6426330322055095,"mae_val":0.5104055467515584,"val_loss":0.15309533948783044,"r2_val":-5.254966025366767,"_step":401,"rmse_val":0.5533449909194632,"_timestamp":1.728681950262006e+09,"mse_val":0.3061906789756609,"mae_train":0.6097673823796581,"train_loss":0.20648860704082372,"_wandb":{"runtime":1},"epoch":399,"r2_train":-10.115519862770949,"_runtime":1.68331,"mse_train":0.41297721408164745}