{"train_accuracy":0.666015625,"train_loss":5.001622157544358,"train_recall":0.07114399544678429,"train_precision":0.6157635467980296,"train_hamming_loss":0.333984375,"train_f1_score":0.12755102040816327,"epoch":145,"val_accuracy":0.66796875,"val_recall":0.07110091743119266,"_timestamp":1.7286413616713889e+09,"val_hamming_loss":0.33203125,"val_loss":5.078568933715364,"val_precision":0.6078431372549019,"_step":146,"_wandb":{"runtime":1},"_runtime":1.614623,"val_f1_score":0.12731006160164274,"hamming_loss":0.33359375}