{"val_precision":0.4230769230769231,"val_f1_score":0.16296296296296298,"_timestamp":1.7286109281902661e+09,"train_loss":4.9171596070407775,"train_f1_score":0.2073114298935678,"_runtime":3.154261,"val_loss":5.118597728269579,"train_accuracy":0.0296875,"train_hamming_loss":0.3345703125,"val_accuracy":0.025,"epoch":145,"train_recall":0.12749003984063745,"val_hamming_loss":0.353125,"_step":146,"hamming_loss":0.3341796875,"train_precision":0.5544554455445545,"val_recall":0.10091743119266056,"_wandb":{"runtime":3}}