{"_timestamp":1.728594726343884e+09,"val_accuracy":0.4279475982532751,"epoch":4,"val_loss":0.19533122170906178,"train_loss":0.2014914661734094,"_runtime":0.549402,"_step":4,"_wandb":{"runtime":0},"train_accuracy":0.3982494529540481}