{"train_recall":0.3020980608594221,"_timestamp":1.728598162695637e+09,"val_f1_score":0.31161142641966033,"_runtime":0.506909,"val_precision":0.29838581897405425,"train_accuracy":0.5198358413132695,"val_recall":0.326063829787234,"train_precision":0.2691524908777789,"epoch":5,"train_f1_score":0.2846752456427088,"train_loss":0.19765383955099858,"_step":6,"_wandb":{"runtime":0},"val_loss":0.19482947800278372,"val_accuracy":0.44808743169398907}