{"val_recall":0.36529255319148934,"_timestamp":1.728596946755508e+09,"val_f1_score":0.34175131835885897,"_wandb":{"runtime":2},"train_accuracy":0.6196990424076607,"train_precision":0.29408708575375236,"_runtime":2.2688610000000002,"val_accuracy":0.546448087431694,"train_loss":0.1420694415698262,"val_loss":0.1675261296665169,"epoch":78,"val_precision":0.32106060606060605,"train_f1_score":0.29602693977771755,"train_recall":0.2979925550153832,"_step":79}