{"val_loss":0.18615945333542913,"_timestamp":1.728595025039788e+09,"train_accuracy":0.4113785557986871,"val_accuracy":0.44541484716157204,"epoch":15,"_step":15,"_runtime":0.551857,"_wandb":{"runtime":0},"train_loss":0.19887571485858524}