{"epoch":13,"_step":13,"_wandb":{"runtime":1},"train_loss":0.19907238977196612,"_runtime":0.991483,"_timestamp":1.728594619263257e+09,"val_accuracy":0.4279475982532751,"val_loss":0.19090887417929733,"train_accuracy":0.3982494529540481}