{"epoch":10,"val_accuracy":0.31693989071038253,"_timestamp":1.728597468540071e+09,"_runtime":0.522371,"_step":11,"train_loss":0.1933519762516405,"val_f1_score":0.16706089273128183,"train_recall":0.18224750855272942,"val_loss":0.21161674030171657,"train_precision":0.1428552562070787,"train_f1_score":0.16016483001390083,"val_recall":0.2148936170212766,"val_precision":0.13664529914529916,"_wandb":{"runtime":0},"train_accuracy":0.4856361149110807}