{"val_loss":0.16570771316938457,"_wandb":{"runtime":3},"val_accuracy":0.62882096069869,"epoch":99,"_runtime":3.125163,"train_loss":0.15002325837591898,"train_accuracy":0.6137855579868708,"_step":99,"_timestamp":1.728595298158606e+09}