{"epoch":199,"val_r_squared":-15.623600134404317,"train_rmse":1.0208280624992623,"mae_train":1.0026468523795233,"mse_train":1.0420899331859976,"val_loss":0.4068760239089138,"train_r_squared":-27.048451479050666,"mae_val":0.8749855529032184,"mse_val":0.8137520478178276,"val_rmse":0.902082062684891,"rmse_train":1.0208280624992623,"rmse_val":0.902082062684891,"train_mse":1.0420899331859976,"_step":201,"_timestamp":1.728681841727881e+09,"r2_val":-15.623600134404317,"_wandb":{"runtime":1},"r2_train":-27.048451479050666,"train_loss":0.5210449665929988,"_runtime":1.423992,"val_mse":0.8137520478178276}