{"val_recall":0.35545212765957446,"_wandb":{"runtime":1},"train_precision":0.2867278031924998,"val_loss":0.1690477450581651,"train_f1_score":0.28053878985445735,"val_precision":0.32389705882352937,"train_recall":0.27461131074003614,"val_accuracy":0.5683060109289617,"_timestamp":1.728596977650021e+09,"val_f1_score":0.33894174304532054,"_step":194,"epoch":193,"_runtime":1.3781430000000001,"train_accuracy":0.5991792065663475,"train_loss":0.15503275605347414}