{"_step":200,"val_recall":0.28936170212765955,"_timestamp":1.728596675697366e+09,"val_accuracy":0.5355191256830601,"_wandb":{"runtime":6},"train_loss":0.1712580845323153,"train_precision":0.17927143424462835,"_runtime":6.404747,"train_recall":0.21891640636620555,"train_f1_score":0.1971203243612144,"val_precision":0.2121495327102804,"train_accuracy":0.5554035567715458,"epoch":199,"val_loss":0.18249579974785854,"val_f1_score":0.24481186312993142}