{"_step":11,"train_f1_score":0,"val_f1_score":0,"hamming_loss":0.3431640625,"val_hamming_loss":0.340625,"_runtime":0.534873,"val_accuracy":0,"train_loss":5.142089362186452,"_wandb":{"runtime":0},"epoch":10,"val_recall":0,"train_hamming_loss":0.3431640625,"train_accuracy":0,"val_precision":0,"train_recall":0,"_timestamp":1.728608018713761e+09,"val_loss":5.139409526942293,"train_precision":0}