{"_runtime":0.543754,"train_precision":0.5567567567567567,"train_loss":4.9558077257593,"val_hamming_loss":0.35703125,"epoch":10,"train_accuracy":0.669140625,"_wandb":{"runtime":0},"_timestamp":1.728641716251879e+09,"val_accuracy":0.64296875,"train_hamming_loss":0.330859375,"hamming_loss":0.3322265625,"val_recall":0.1444954128440367,"train_f1_score":0.2673010380622837,"val_f1_score":0.21612349914236706,"_step":11,"val_loss":5.182338794520815,"train_recall":0.17586795674445077,"val_precision":0.42857142857142855}