{"mae_train":0.15290437672329765,"mae_val":0.21570271282973855,"val_mse":0.0946930959579021,"r2_val":-0.9454360191180595,"train_mse":0.0426870132684676,"epoch":11,"_step":13,"val_loss":0.04734654797895105,"r2_train":-0.14034561832542258,"mse_train":0.04236749718954202,"rmse_val":0.3085972002251958,"rmse_train":0.2058336638879608,"val_r_squared":-0.9344223672483345,"train_rmse":0.20660835720867538,"_runtime":0.545204,"_wandb":{"runtime":0},"mse_val":0.09523223198682959,"_timestamp":1.728682171762508e+09,"train_r_squared":-0.1489455778405493,"train_loss":0.0213435066342338,"val_rmse":0.30772243330297205}