{"train_rmse":0.2599084637015505,"val_mse":0.04530296099127032,"r2_train":-0.7655507878046801,"r2_val":0.048500896103960134,"mae_val":0.1680973571751002,"epoch":13,"_timestamp":1.728681454925735e+09,"_step":15,"train_mse":0.0675524095037002,"rmse_val":0.21581801668467604,"_runtime":0.867329,"train_r_squared":-0.818212056290264,"train_loss":0.0337762047518501,"mse_val":0.046577416325707104,"mae_train":0.18288659118645076,"val_rmse":0.21284492239954966,"_wandb":{"runtime":0},"val_r_squared":0.07453589770628921,"val_loss":0.02265148049563516,"rmse_train":0.25611691564050965,"mse_train":0.06559587447720792}