{"hamming_loss":0.3431640625,"epoch":11,"val_hamming_loss":0.340625,"val_loss":5.137687804954996,"train_precision":0,"_step":12,"train_hamming_loss":0.3431640625,"_timestamp":1.728640155173693e+09,"val_precision":0,"train_accuracy":0.6568359375,"train_recall":0,"val_accuracy":0.659375,"train_f1_score":0,"_runtime":1.1823,"train_loss":5.13939006398723,"val_recall":0,"val_f1_score":0,"_wandb":{"runtime":1}}