{"train_loss":5.022088386199537,"_runtime":1.368363,"epoch":26,"val_f1_score":0.13664596273291926,"hamming_loss":0.3306640625,"val_precision":0.7021276595744681,"_wandb":{"runtime":1},"_timestamp":1.7286397175531871e+09,"train_hamming_loss":0.3294921875,"train_accuracy":0.6705078125,"train_precision":0.6881720430107527,"train_recall":0.07285145133750712,"val_accuracy":0.67421875,"val_loss":5.049415037929759,"train_f1_score":0.13175501801338135,"_step":27,"val_hamming_loss":0.32578125,"val_recall":0.07568807339449542}