{"val_loss":5.151017712361939,"epoch":10,"_wandb":{"runtime":0},"val_recall":0,"_timestamp":1.728639976416321e+09,"val_accuracy":0.659375,"_step":11,"train_loss":5.127219576055641,"train_hamming_loss":0.3431640625,"hamming_loss":0.3431640625,"val_hamming_loss":0.340625,"train_precision":0,"train_accuracy":0.6568359375,"_runtime":0.623529,"val_f1_score":0,"val_precision":0,"train_recall":0,"train_f1_score":0}