{"_wandb":{"runtime":3},"_step":201,"_runtime":3.021514,"val_rmse":0.1870816413584284,"train_r_squared":0.7703853835226752,"mae_val":0.14258015126795545,"_timestamp":1.728682232791573e+09,"mse_train":0.00853091945279407,"train_rmse":0.09236297663454805,"train_mse":0.00853091945279407,"rmse_train":0.09236297663454805,"val_r_squared":0.2850176312616016,"val_loss":0.017499770266681813,"rmse_val":0.1870816413584284,"r2_train":0.7703853835226752,"mse_val":0.03499954053336363,"mae_train":0.06482417508204667,"val_mse":0.03499954053336363,"epoch":199,"train_loss":0.004265459726397035,"r2_val":0.2850176312616016}