{"_timestamp":1.728639392484716e+09,"_runtime":0.568121,"_step":7,"val_hamming_loss":0.340625,"train_recall":0,"train_loss":5.142098823554338,"val_recall":0,"train_hamming_loss":0.3431640625,"hamming_loss":0.3431640625,"_wandb":{"runtime":0},"train_accuracy":0.6568359375,"val_accuracy":0.659375,"train_precision":0,"train_f1_score":0,"val_f1_score":0,"val_loss":5.139066989700867,"val_precision":0,"epoch":6}