{"val_hamming_loss":0.340625,"train_accuracy":0.6568359375,"_runtime":1.477911,"val_f1_score":0,"train_recall":0,"train_loss":5.10087015906236,"_timestamp":1.728640133549984e+09,"_step":200,"val_recall":0,"train_hamming_loss":0.3431640625,"val_accuracy":0.659375,"hamming_loss":0.3431640625,"epoch":199,"val_precision":0,"_wandb":{"runtime":1},"train_precision":0,"train_f1_score":0,"val_loss":5.108379325468787}