{"train_hamming_loss":0.332421875,"train_accuracy":0.667578125,"val_recall":0.0871559633027523,"train_precision":0.5951557093425606,"val_f1_score":0.15049504950495052,"_runtime":1.53511,"train_f1_score":0.16813294232649073,"val_precision":0.5507246376811594,"val_hamming_loss":0.33515625,"val_accuracy":0.66484375,"_timestamp":1.728641744307246e+09,"epoch":94,"_step":95,"train_loss":4.9618745001623905,"val_loss":5.118253401509999,"hamming_loss":0.3326171875,"_wandb":{"runtime":1},"train_recall":0.09789413773477519}