{"train_f1_score":0.15797317436661698,"val_hamming_loss":0.3296875,"hamming_loss":0.3328125,"train_recall":0.09049516220830962,"train_precision":0.62109375,"val_f1_score":0.1491935483870968,"_step":25,"val_recall":0.08486238532110092,"train_hamming_loss":0.3310546875,"_runtime":1.543952,"_wandb":{"runtime":1},"_timestamp":1.7286395663038468e+09,"epoch":24,"val_precision":0.6166666666666667,"val_loss":5.086398567962784,"val_accuracy":0.6703125,"train_loss":4.989339280754037,"train_accuracy":0.6689453125}