{"train_recall":0.24701195219123506,"hamming_loss":0.38125,"train_accuracy":0.0109375,"epoch":4,"_wandb":{"runtime":0},"train_f1_score":0.2903981264637002,"val_recall":0.23853211009174313,"val_f1_score":0.27440633245382584,"val_loss":42.82633211154338,"_step":5,"val_accuracy":0,"_runtime":0.559046,"train_precision":0.3522727272727273,"train_hamming_loss":0.4142578125,"train_loss":42.708714537317135,"val_precision":0.32298136645962733,"_timestamp":1.728608833564895e+09,"val_hamming_loss":0.4296875}