{"_wandb":{"runtime":1},"val_loss":0.16461016384731156,"train_recall":0.310565263001323,"train_accuracy":0.5964432284541724,"_timestamp":1.728596314657685e+09,"_runtime":1.438088,"val_precision":0.3234875066454014,"train_precision":0.2977949622877159,"epoch":199,"_step":200,"train_f1_score":0.30404607973643566,"val_f1_score":0.33449434559830815,"train_loss":0.15401552835168836,"val_recall":0.34627659574468084,"val_accuracy":0.546448087431694}