{"val_precision":0.5272727272727272,"train_hamming_loss":0.3328125,"val_hamming_loss":0.33828125,"_wandb":{"runtime":2},"_runtime":2.434001,"hamming_loss":0.332421875,"train_recall":0.06772908366533864,"epoch":61,"_step":62,"train_accuracy":0.6671875,"val_recall":0.06651376146788991,"train_loss":4.985367489653429,"val_loss":5.074392588951594,"train_precision":0.6432432432432432,"_timestamp":1.728639581956568e+09,"val_f1_score":0.11812627291242363,"train_f1_score":0.12255406797116372,"val_accuracy":0.66171875}