{"_wandb":{"runtime":2},"mae_train":0.7593340714667669,"train_loss":0.33415291428599775,"train_rmse":0.8174997422458282,"mae_val":0.863873132522616,"rmse_train":0.8174997422458282,"val_rmse":0.9279426516752752,"mse_train":0.6683058285719955,"train_mse":0.6683058285719955,"_timestamp":1.728682509121354e+09,"_step":201,"val_loss":0.4305387823990706,"train_r_squared":-16.987836758540755,"_runtime":2.4301909999999998,"val_mse":0.8610775647981412,"r2_val":-16.59038168972498,"mse_val":0.8610775647981412,"r2_train":-16.987836758540755,"rmse_val":0.9279426516752752,"epoch":199,"val_r_squared":-16.59038168972498}