{"_step":83,"train_recall":0.08594194649971543,"train_loss":4.943540294586673,"train_f1_score":0.15062344139650874,"val_f1_score":0.11881188118811883,"val_hamming_loss":0.34765625,"val_recall":0.06880733944954129,"_runtime":2.778937,"val_precision":0.43478260869565216,"_wandb":{"runtime":2},"epoch":82,"train_precision":0.6088709677419355,"_timestamp":1.72864191568044e+09,"train_accuracy":0.6673828125,"train_hamming_loss":0.3326171875,"val_loss":5.140523515790249,"val_accuracy":0.65234375,"hamming_loss":0.332421875}