{"train_accuracy":0.6703125,"val_recall":0.0963302752293578,"train_precision":0.6048632218844985,"_step":79,"_timestamp":1.728640464628559e+09,"val_accuracy":0.6484375,"train_recall":0.11326124075128059,"epoch":78,"train_f1_score":0.19079578139980824,"val_precision":0.42857142857142855,"train_hamming_loss":0.3296875,"_runtime":1.48329,"_wandb":{"runtime":1},"val_f1_score":0.15730337078651685,"val_loss":5.173135939100828,"train_loss":4.9782505889422755,"val_hamming_loss":0.3515625,"hamming_loss":0.3298828125}