{"epoch":99,"_step":100,"train_recall":0.16666666666666666,"val_recall":0.2,"train_precision":0.0756953944368445,"_timestamp":1.728596577866724e+09,"_runtime":1.718778,"val_f1_score":0.08173913043478262,"train_accuracy":0.454172366621067,"val_loss":0.21191439303410034,"val_accuracy":0.2568306010928962,"_wandb":{"runtime":1},"train_f1_score":0.10410787080589524,"train_loss":0.19518554754265194,"val_precision":0.05136612021857924}