{"train_loss":5.001053777621773,"hamming_loss":0.3302734375,"train_f1_score":0.13936927772126145,"_wandb":{"runtime":1},"_timestamp":1.728608600407584e+09,"train_accuracy":0.0265625,"val_loss":5.1003688479380305,"train_recall":0.07797381900967558,"val_hamming_loss":0.33125,"train_precision":0.6555023923444976,"epoch":159,"val_precision":0.6,"_runtime":1.5978539999999999,"train_hamming_loss":0.33046875,"val_f1_score":0.14516129032258066,"val_recall":0.08256880733944955,"_step":160,"val_accuracy":0.01875}