{"train_hamming_loss":0.4578125,"val_loss":18.522195250241996,"val_precision":0.3320388349514563,"train_precision":0.3554899064500246,"val_hamming_loss":0.47578125,"_runtime":0.503178,"train_loss":19.056904492778152,"val_accuracy":0.52421875,"train_recall":0.4109277177006261,"hamming_loss":0.393359375,"val_f1_score":0.3596214511041009,"_step":5,"val_recall":0.3922018348623853,"train_f1_score":0.3812038014783527,"_wandb":{"runtime":0},"epoch":4,"_timestamp":1.728641722166728e+09,"train_accuracy":0.5421875}