{"train_hamming_loss":0.330078125,"val_precision":0.4117647058823529,"val_hamming_loss":0.34765625,"train_accuracy":0.669921875,"train_precision":0.6515837104072398,"train_loss":4.962587531180628,"_timestamp":1.7286396053081532e+09,"val_loss":5.13007199206655,"val_accuracy":0.65234375,"_wandb":{"runtime":2},"_runtime":2.041044,"train_f1_score":0.1456016177957533,"val_recall":0.0481651376146789,"epoch":66,"hamming_loss":0.3291015625,"train_recall":0.08195788275469551,"val_f1_score":0.08624229979466119,"_step":67}