{"train_recall":0.3040595129054229,"_timestamp":1.728598501225579e+09,"val_precision":0.33956588909858254,"val_accuracy":0.5737704918032787,"train_accuracy":0.6142270861833106,"_step":51,"train_precision":0.2912161342532586,"_runtime":2.056235,"_wandb":{"runtime":2},"epoch":50,"train_loss":0.1528090061380024,"val_f1_score":0.3614298781633041,"train_f1_score":0.2974992723249847,"val_recall":0.3863031914893617,"val_loss":0.17045289743747527}