{"_runtime":0.86957,"val_precision":0.3303391293624368,"_wandb":{"runtime":0},"train_precision":0.3025317551436954,"val_accuracy":0.5683060109289617,"train_recall":0.30507174898424105,"_step":13,"val_f1_score":0.3478347478938946,"epoch":12,"_timestamp":1.72859839251526e+09,"val_loss":0.1710476371205051,"train_f1_score":0.3037964430354108,"train_loss":0.155856018894609,"val_recall":0.3672872340425532,"train_accuracy":0.612859097127223}