{"_wandb":{"runtime":2},"train_loss":0.15780360139222332,"train_precision":0.2854923515791313,"epoch":60,"train_f1_score":0.28655187307195834,"_timestamp":1.728597393581939e+09,"_runtime":2.281875,"train_recall":0.28761928806845316,"val_recall":0.38444148936170214,"train_accuracy":0.6032831737346102,"val_precision":0.3434361585304982,"val_loss":0.1726574040362031,"val_f1_score":0.3627837966132472,"_step":61,"val_accuracy":0.5956284153005464}