{"val_accuracy":0.0125,"train_f1_score":0.06311207834602829,"_wandb":{"runtime":1},"train_precision":0.7160493827160493,"train_hamming_loss":0.336328125,"train_loss":5.045413101724313,"val_f1_score":0.0437636761487965,"train_accuracy":0.0140625,"val_loss":5.171938269595264,"val_hamming_loss":0.34140625,"train_recall":0.033010813887307915,"_timestamp":1.728608319404874e+09,"hamming_loss":0.3361328125,"_step":46,"val_precision":0.47619047619047616,"val_recall":0.022935779816513763,"_runtime":1.504759,"epoch":45}