{"_wandb":{"runtime":0},"_timestamp":1.728641187990358e+09,"epoch":14,"train_precision":0.6303317535545023,"train_loss":5.014251805679995,"val_recall":0.05733944954128441,"train_f1_score":0.13516260162601626,"val_f1_score":0.10482180293501048,"_runtime":0.818142,"val_precision":0.6097560975609756,"train_accuracy":0.667578125,"_step":15,"hamming_loss":0.333203125,"train_hamming_loss":0.332421875,"val_accuracy":0.66640625,"val_loss":5.101015593612295,"train_recall":0.07569721115537849,"val_hamming_loss":0.33359375}