{"train_hamming_loss":0.334375,"train_loss":4.991510279395043,"val_recall":0.08944954128440367,"val_loss":5.1102618567076705,"_step":21,"train_f1_score":0.16731517509727628,"val_precision":0.5416666666666666,"_timestamp":1.72863971156262e+09,"epoch":20,"train_precision":0.5752508361204013,"train_recall":0.09789413773477519,"_runtime":1.2350240000000001,"val_hamming_loss":0.3359375,"val_accuracy":0.6640625,"hamming_loss":0.3353515625,"val_f1_score":0.1535433070866142,"train_accuracy":0.665625,"_wandb":{"runtime":1}}