{"_step":32,"val_accuracy":0.5737704918032787,"train_recall":0.30094060452335664,"_runtime":1.5003739999999999,"train_loss":0.15041326914653813,"train_precision":0.3009869129414435,"_timestamp":1.7285993553452559e+09,"val_f1_score":0.36040865075451217,"epoch":31,"val_precision":0.3378692634715308,"train_f1_score":0.30096375695106464,"_wandb":{"runtime":1},"train_accuracy":0.6224350205198358,"val_loss":0.16813187389639278,"val_recall":0.3861702127659575}