{"train_accuracy":0.3982494529540481,"val_loss":0.3541848365383787,"_timestamp":1.728594526432404e+09,"_step":9,"_wandb":{"runtime":0},"train_loss":0.340212983405865,"epoch":9,"_runtime":0.542118,"val_accuracy":0.4279475982532751}