{"train_f1_score":0.09543786051389619,"_step":92,"train_loss":5.021536929637064,"train_precision":0.6066666666666667,"train_recall":0.05179282868525897,"_timestamp":1.728639944282093e+09,"_wandb":{"runtime":1},"val_f1_score":0.089171974522293,"hamming_loss":0.3369140625,"train_hamming_loss":0.3369140625,"val_accuracy":0.66484375,"val_recall":0.0481651376146789,"epoch":91,"val_hamming_loss":0.33515625,"val_precision":0.6,"_runtime":1.869701,"val_loss":5.090089248977571,"train_accuracy":0.6630859375}