{"r2_val":-0.39627339644273274,"_step":6,"mse_train":0.0377747338932351,"train_mse":0.03770999170710569,"train_loss":0.018854995853552846,"train_r_squared":-0.014986172487448934,"rmse_val":0.2614380147645639,"val_mse":0.0670248707477729,"mae_train":0.15206495072492918,"r2_train":-0.01672874576108807,"val_loss":0.03351243537388645,"rmse_train":0.19435723267538849,"_wandb":{"runtime":0},"mae_val":0.21657276347115637,"_runtime":0.587573,"_timestamp":1.728681848087484e+09,"val_r_squared":-0.3692065701818559,"train_rmse":0.1941906066397283,"mse_val":0.06834983556403633,"val_rmse":0.258891619693981,"epoch":4}