{"_step":7,"hamming_loss":0.332421875,"train_precision":0.5942028985507246,"train_loss":4.972394895447517,"epoch":6,"train_hamming_loss":0.33046875,"_wandb":{"runtime":0},"val_precision":0.44047619047619047,"val_recall":0.08486238532110092,"train_recall":0.11667615253272624,"train_accuracy":0.66953125,"_timestamp":1.72864170068799e+09,"val_accuracy":0.6515625,"train_f1_score":0.1950523311132255,"val_f1_score":0.1423076923076923,"_runtime":0.96696,"val_loss":5.1744951316600645,"val_hamming_loss":0.3484375}