{"train_accuracy":0.670703125,"_step":42,"val_accuracy":0.6515625,"val_hamming_loss":0.3484375,"train_recall":0.09846328969834946,"val_loss":5.123673753513481,"_runtime":1.867059,"hamming_loss":0.329296875,"train_precision":0.6290909090909091,"_wandb":{"runtime":1},"val_f1_score":0.108,"train_hamming_loss":0.329296875,"val_precision":0.421875,"_timestamp":1.728640568040169e+09,"val_recall":0.06192660550458716,"train_f1_score":0.17027559055118108,"train_loss":4.960955848337191,"epoch":41}