{"_timestamp":1.728597053007863e+09,"val_loss":0.16904482388707942,"train_accuracy":0.6210670314637483,"train_precision":0.30081326879836906,"val_f1_score":0.3458828307808594,"epoch":13,"val_precision":0.326835815407244,"train_recall":0.3108034477089645,"val_accuracy":0.5519125683060109,"val_recall":0.3672872340425532,"train_f1_score":0.3057267682055435,"_step":14,"_wandb":{"runtime":0},"_runtime":0.805086,"train_loss":0.1541960751959568}