{"_timestamp":1.728608400474286e+09,"val_hamming_loss":0.340625,"train_f1_score":0.0011370096645821489,"val_precision":0,"train_hamming_loss":0.3431640625,"train_loss":5.101344636475195,"_wandb":{"runtime":0},"_step":15,"val_loss":5.166410619026051,"hamming_loss":0.3431640625,"val_accuracy":0,"val_recall":0,"val_f1_score":0,"train_accuracy":0,"train_precision":0.5,"epoch":14,"_runtime":0.534644,"train_recall":0.0005691519635742744}