{"_runtime":1.690042,"_wandb":{"runtime":1},"val_accuracy":0.5846994535519126,"train_loss":0.15200967102748092,"train_accuracy":0.600547195622435,"train_precision":0.28915271749323473,"val_precision":0.33580932066384517,"_step":37,"epoch":36,"train_f1_score":0.28574296466002375,"_timestamp":1.728596804380269e+09,"val_recall":0.3761968085106383,"val_loss":0.16898910111270107,"val_f1_score":0.35485760452184456,"train_recall":0.28241269170248245}