{"val_accuracy":0.2568306010928962,"train_loss":0.19506944059388281,"train_recall":0.16666666666666666,"val_recall":0.2,"train_precision":0.0756953944368445,"val_precision":0.05136612021857924,"_step":200,"_wandb":{"runtime":9},"val_loss":0.21168119941097738,"val_f1_score":0.08173913043478262,"epoch":199,"_timestamp":1.7285991442658272e+09,"_runtime":9.572434,"train_f1_score":0.10410787080589524,"train_accuracy":0.454172366621067}