{"val_recall":0.0481651376146789,"epoch":199,"_step":200,"val_precision":0.75,"val_hamming_loss":0.3296875,"_wandb":{"runtime":1},"train_loss":5.021433406261222,"hamming_loss":0.3359375,"val_loss":5.081851530968342,"train_f1_score":0.0851063829787234,"train_accuracy":0.01875,"val_f1_score":0.09051724137931035,"train_recall":0.045532157085941945,"_runtime":1.715782,"train_precision":0.6504065040650406,"_timestamp":1.72860867221699e+09,"val_accuracy":0.0125,"train_hamming_loss":0.3359375}