{"val_loss":0.2243559081780428,"train_recall":0.16666666666666666,"_runtime":0.580048,"val_f1_score":0.08173913043478262,"_timestamp":1.728597182448791e+09,"epoch":13,"train_f1_score":0.10410787080589524,"train_accuracy":0.454172366621067,"val_recall":0.2,"_step":14,"val_precision":0.05136612021857924,"train_loss":0.27992944066965497,"val_accuracy":0.2568306010928962,"train_precision":0.0756953944368445,"_wandb":{"runtime":0}}