{"_timestamp":1.7285994373135612e+09,"val_precision":0.15215686274509804,"_runtime":1.500063,"train_loss":0.195878801634557,"train_accuracy":0.478796169630643,"val_f1_score":0.18031995710072393,"_wandb":{"runtime":1},"val_accuracy":0.3224043715846995,"train_f1_score":0.15592074274834086,"_step":84,"val_loss":0.18905344104931981,"train_recall":0.17800832961475532,"val_recall":0.22127659574468087,"train_precision":0.1387094322413924,"epoch":83}