{"_step":15,"Train Loss":0.1243323476132377,"Val Loss":0.12515508862817362,"_timestamp":1.730575543750889e+09,"_runtime":140.842602,"Test Loss":0.1252421431575611,"_wandb":{"runtime":140}}