{"_step":35,"train_recall":0.07171314741035857,"val_f1_score":0.12244897959183673,"train_f1_score":0.12759493670886077,"_timestamp":1.7286406005513349e+09,"_wandb":{"runtime":1},"train_precision":0.5779816513761468,"val_hamming_loss":0.3359375,"_runtime":1.421683,"train_loss":4.987892958232582,"val_accuracy":0.6640625,"val_loss":5.140832373342822,"train_accuracy":0.6634765625,"hamming_loss":0.3361328125,"epoch":34,"val_precision":0.5555555555555556,"train_hamming_loss":0.3365234375,"val_recall":0.06880733944954129}