{"epoch":49,"train_precision":0.2977095246311085,"train_recall":0.31115142832538734,"train_f1_score":0.3042820971364221,"val_f1_score":0.35881802873596913,"_runtime":1.9022160000000001,"_step":50,"_wandb":{"runtime":1},"val_recall":0.38018617021276596,"val_precision":0.33972403776325344,"train_loss":0.1465183643893422,"train_accuracy":0.6183310533515732,"val_accuracy":0.5846994535519126,"_timestamp":1.728599259950397e+09,"val_loss":0.16631806877854916}