{"train_accuracy":0,"train_precision":0,"epoch":99,"train_f1_score":0,"train_loss":5.136803408255425,"val_loss":5.136659527915843,"_step":100,"val_hamming_loss":0.340625,"_runtime":4.017086,"hamming_loss":0.3431640625,"train_recall":0,"_wandb":{"runtime":4},"_timestamp":1.728608740708655e+09,"val_recall":0,"train_hamming_loss":0.3431640625,"val_precision":0,"val_f1_score":0,"val_accuracy":0}