{"train_f1_score":0.2936777360780352,"train_accuracy":0.6073871409028728,"val_accuracy":0.5683060109289617,"val_loss":0.17201641666950618,"_wandb":{"runtime":2},"val_precision":0.3302564102564102,"train_recall":0.29652430384305256,"_timestamp":1.728597481627618e+09,"val_f1_score":0.347908074912926,"train_precision":0.29088530148901665,"epoch":75,"_runtime":2.850394,"_step":76,"val_recall":0.3675531914893617,"train_loss":0.15563901545526596}