{"val_hamming_loss":0.33046875,"_step":24,"train_f1_score":0.11482254697286014,"_runtime":2.363111,"train_recall":0.06260671599317018,"val_recall":0.05733944954128441,"_timestamp":1.7286412305892448e+09,"train_precision":0.6918238993710691,"train_hamming_loss":0.33125,"train_accuracy":0.66875,"_wandb":{"runtime":2},"epoch":23,"train_loss":5.0302733648795055,"hamming_loss":0.3318359375,"val_loss":5.057873394070546,"val_accuracy":0.66953125,"val_precision":0.6756756756756757,"val_f1_score":0.10570824524312897}