{"train_hamming_loss":0.3302734375,"val_loss":5.122155468724455,"val_precision":0.4823529411764706,"_timestamp":1.728640169721466e+09,"_runtime":1.002529,"train_recall":0.12009106431417188,"val_f1_score":0.15738963531669867,"train_f1_score":0.19971604353999053,"_wandb":{"runtime":1},"train_accuracy":0.6697265625,"val_accuracy":0.65703125,"train_precision":0.5926966292134831,"hamming_loss":0.331640625,"epoch":20,"val_hamming_loss":0.34296875,"train_loss":4.948190079971322,"_step":21,"val_recall":0.09403669724770643}