{"train_loss":0.018463307376142577,"mae_train":0.14796825895119775,"_runtime":10.183878,"val_loss":0.03267025292038984,"train_r_squared":0.006098869990519784,"_timestamp":1.728682133156769e+09,"r2_val":-0.33479779816172495,"r2_train":0.006098869990519784,"epoch":399,"val_mse":0.06534050584077968,"rmse_train":0.19216299006906912,"_wandb":{"runtime":10},"val_r_squared":-0.33479779816172495,"mse_val":0.06534050584077968,"mae_val":0.2088248306268935,"train_mse":0.036926614752285154,"mse_train":0.036926614752285154,"val_rmse":0.25561789029874193,"_step":401,"rmse_val":0.25561789029874193,"train_rmse":0.19216299006906912}