{"_runtime":73.730754,"_step":4,"train_loss":0.0016869150150883626,"val_loss":7.344896673852808e-05,"_timestamp":1.7304571689666948e+09,"val_acc":1,"test_acc":1,"_wandb":{"runtime":73}}