{"epoch":5,"hamming_loss":0.6173828125,"val_accuracy":0.659375,"train_recall":0,"val_hamming_loss":0.340625,"val_loss":30.85073594502782,"_timestamp":1.728640175911903e+09,"train_hamming_loss":0.3431640625,"train_precision":0,"val_f1_score":0,"train_accuracy":0.6568359375,"_runtime":0.547278,"val_recall":0,"train_f1_score":0,"val_precision":0,"train_loss":29.477130172037818,"_wandb":{"runtime":0},"_step":6}