{"_timestamp":1.728598695806957e+09,"val_recall":0.2,"_runtime":2.114977,"_wandb":{"runtime":2},"val_loss":0.21575532892044694,"train_accuracy":0.454172366621067,"val_precision":0.05136612021857924,"train_precision":0.0756953944368445,"val_f1_score":0.08173913043478262,"_step":22,"train_f1_score":0.10410787080589524,"val_accuracy":0.2568306010928962,"train_loss":0.19919353295793926,"epoch":21,"train_recall":0.16666666666666666}