{"train_accuracy":0.6685546875,"_runtime":0.664355,"train_f1_score":0.20959478341872376,"val_precision":0.44680851063829785,"train_hamming_loss":0.3314453125,"_timestamp":1.728640191284451e+09,"train_recall":0.12805919180421171,"val_accuracy":0.6515625,"train_loss":4.956585816119214,"hamming_loss":0.3326171875,"val_f1_score":0.15849056603773587,"val_hamming_loss":0.3484375,"val_recall":0.0963302752293578,"epoch":12,"train_precision":0.5769230769230769,"_wandb":{"runtime":0},"val_loss":5.131410516268781,"_step":13}