{"_runtime":0.524231,"_wandb":{"runtime":0},"train_recall":0,"train_precision":0,"_timestamp":1.728608439994142e+09,"val_loss":5.140760000792363,"val_accuracy":0,"val_precision":0,"train_loss":5.142941896147825,"train_f1_score":0,"_step":11,"train_accuracy":0,"epoch":10,"val_recall":0,"val_f1_score":0,"val_hamming_loss":0.340625,"hamming_loss":0.3431640625,"train_hamming_loss":0.3431640625}