{"train_precision":0.061559507523939815,"train_recall":0.16666666666666666,"_runtime":0.487905,"train_f1_score":0.0899100899100899,"_step":5,"_wandb":{"runtime":0},"val_f1_score":0.13574007220216605,"val_accuracy":0.5136612021857924,"train_loss":1.6706031553968372,"epoch":4,"_timestamp":1.728599323429648e+09,"train_accuracy":0.3693570451436389,"val_loss":2.262243180121062,"val_precision":0.10273224043715848,"val_recall":0.2}