{"train_f1_score":0.10410787080589524,"val_precision":0.05136612021857924,"val_f1_score":0.08173913043478262,"train_loss":0.27932970988631123,"_runtime":0.492941,"train_accuracy":0.454172366621067,"_wandb":{"runtime":0},"val_loss":0.224559277271769,"train_precision":0.0756953944368445,"val_accuracy":0.2568306010928962,"_timestamp":1.728596993264319e+09,"_step":9,"val_recall":0.2,"train_recall":0.16666666666666666,"epoch":8}