{"_wandb":{"runtime":256},"test_exact_match_accuracy":0,"test_hamming_score":0.3833333333333333,"val_loss":0.2575098859502914,"_timestamp":1.730538313556264e+09,"train_loss":0.25272318720817566,"val_hamming_score":0.34111111111111114,"_step":5,"train_hamming_score":0.37142857142857144,"_runtime":256.280096,"train_exact_match_accuracy":0.03968253968253968,"val_exact_match_accuracy":0}