{"val_accuracy":0.6462882096069869,"epoch":99,"val_loss":0.16412527485443795,"train_loss":0.1570730689668416,"train_accuracy":0.6258205689277899,"_timestamp":1.728594829883938e+09,"_step":99,"_wandb":{"runtime":1},"_runtime":1.593475}