{"train_loss":0.011361010721706293,"train_mse":0.022722021443412586,"train_r_squared":0.3884236900619258,"rmse_train":0.14828944147273418,"r2_train":0.40813297073164645,"train_rmse":0.1507382547444828,"_wandb":{"runtime":0},"val_r_squared":-0.40305671344851657,"mae_train":0.11509503276803082,"_timestamp":1.728682296418412e+09,"val_loss":0.03434094493798392,"mae_val":0.21352330382587795,"val_rmse":0.2620722989481487,"val_mse":0.06868188987596784,"epoch":5,"mse_val":0.06674944084370701,"mse_train":0.02198975845229546,"r2_val":-0.36357999559746434,"_runtime":0.794532,"rmse_val":0.25835913152762185,"_step":7}