{"train_loss":0.15169981847697825,"epoch":99,"_wandb":{"runtime":3},"val_accuracy":0.6506550218340611,"_timestamp":1.7285946001160269e+09,"val_loss":0.16573452699473706,"_step":99,"train_accuracy":0.6203501094091903,"_runtime":3.741626}