{"_step":201,"_wandb":{"runtime":2},"val_rmse":0.2351136162446296,"_runtime":2.1029,"mse_train":0.047882479907359166,"val_loss":0.027639206271813474,"train_mse":0.047882479907359166,"train_r_squared":-0.288784558423012,"_timestamp":1.728680970745454e+09,"val_r_squared":-0.1292459768968981,"rmse_val":0.2351136162446296,"epoch":199,"mae_val":0.1522547300643709,"mse_val":0.05527841254362695,"rmse_train":0.2188206569484681,"val_mse":0.05527841254362695,"train_rmse":0.2188206569484681,"r2_train":-0.288784558423012,"r2_val":-0.1292459768968981,"train_loss":0.023941239953679583,"mae_train":0.16514768814862735}