{"train_accuracy":0.6568359375,"_wandb":{"runtime":0},"train_f1_score":0,"_runtime":0.669883,"_step":11,"val_hamming_loss":0.340625,"train_hamming_loss":0.3431640625,"val_precision":0,"val_accuracy":0.659375,"train_precision":0,"val_loss":5.139352899202507,"epoch":10,"train_loss":5.142089093126692,"val_f1_score":0,"_timestamp":1.728639337334313e+09,"train_recall":0,"hamming_loss":0.3431640625,"val_recall":0}