{"epoch":22,"val_recall":0.3694148936170213,"val_accuracy":0.5355191256830601,"_timestamp":1.728598147276035e+09,"train_precision":0.29527794859408907,"train_f1_score":0.30021867110853856,"_step":23,"val_precision":0.32234405070890054,"val_loss":0.17241731329867113,"_runtime":1.553685,"train_recall":0.3053275480087993,"train_loss":0.1518671996706484,"_wandb":{"runtime":1},"val_f1_score":0.3442780008193269,"train_accuracy":0.6142270861833106}