{"mae_train":0.09173329328887415,"val_rmse":0.2123718096292831,"train_loss":0.007813490008484383,"train_r_squared":0.5793908214524413,"r2_val":0.07864557769234848,"train_rmse":0.12500791981698106,"mse_val":0.04510178552521646,"mae_val":0.1633170126168317,"val_r_squared":0.07864557769234848,"r2_train":0.5793908214524413,"_step":101,"epoch":99,"val_loss":0.02255089276260823,"mse_train":0.015626980016968765,"train_mse":0.015626980016968765,"val_mse":0.04510178552521646,"_timestamp":1.728680961799291e+09,"rmse_train":0.12500791981698106,"_wandb":{"runtime":2},"_runtime":2.687447,"rmse_val":0.2123718096292831}