{"_step":100,"epoch":99,"val_hamming_loss":0.33515625,"_wandb":{"runtime":1},"train_accuracy":0.664453125,"val_loss":5.10585527630023,"_timestamp":1.728641344679355e+09,"train_f1_score":0.07534983853606028,"train_recall":0.0398406374501992,"val_f1_score":0.06535947712418301,"train_hamming_loss":0.335546875,"train_loss":5.04140914997847,"val_recall":0.034403669724770644,"train_precision":0.693069306930693,"hamming_loss":0.335546875,"val_accuracy":0.66484375,"_runtime":1.541038,"val_precision":0.6521739130434783}