{"val_f1_score":0.3471489401301662,"val_loss":0.16712373433374386,"val_recall":0.3695478723404255,"train_precision":0.3034145485942475,"_runtime":1.357054,"_wandb":{"runtime":1},"train_f1_score":0.3066251060573975,"_timestamp":1.728599211848955e+09,"epoch":50,"_step":51,"val_accuracy":0.5628415300546448,"train_recall":0.3099043346876786,"val_precision":0.3273101112723754,"train_accuracy":0.625170998632011,"train_loss":0.14946301371990753}