{"_wandb":{"runtime":0},"_step":15,"val_f1_score":0.09037328094302555,"val_recall":0.052752293577981654,"train_precision":0.6366782006920415,"epoch":14,"_timestamp":1.7286403832048e+09,"hamming_loss":0.3298828125,"train_f1_score":0.17986314760508307,"train_accuracy":0.672265625,"val_accuracy":0.63828125,"train_loss":4.930270764068894,"val_hamming_loss":0.36171875,"train_hamming_loss":0.327734375,"val_loss":5.182985756840152,"val_precision":0.3150684931506849,"_runtime":0.577512,"train_recall":0.10472396129766648}