{"train_precision":0.17678606712394504,"_timestamp":1.728598923402185e+09,"val_accuracy":0.43169398907103823,"train_f1_score":0.19416585382110027,"train_loss":0.18337223965108337,"val_precision":0.17523602033405955,"epoch":99,"train_accuracy":0.5512995896032832,"train_recall":0.21533541573702217,"val_recall":0.251063829787234,"_step":100,"val_loss":0.2010018550672049,"_wandb":{"runtime":1},"_runtime":1.460147,"val_f1_score":0.2064060138384977}