{"train_hamming_score":0.7452116402116402,"_step":5,"val_hamming_score":0.5747777777777778,"train_exact_match_accuracy":0.41515873015873017,"_wandb":{"runtime":213},"val_loss":0.1783068782471596,"test_exact_match_accuracy":0.09652173913043478,"train_loss":0.13536476860115976,"_timestamp":1.73053805174526e+09,"val_exact_match_accuracy":0.111,"test_hamming_score":0.6189130434782608,"_runtime":213.27368}