{"val_loss":5.19554949890574,"val_hamming_loss":0.34921875,"train_loss":4.888850192797144,"_runtime":1.657991,"hamming_loss":0.32734375,"train_accuracy":0.672265625,"val_precision":0.43820224719101125,"train_precision":0.5965770171149144,"_wandb":{"runtime":1},"val_accuracy":0.65078125,"_timestamp":1.728641859207423e+09,"train_hamming_loss":0.327734375,"val_recall":0.08944954128440367,"_step":61,"epoch":60,"train_recall":0.13887307911212293,"val_f1_score":0.14857142857142858,"train_f1_score":0.2253000923361034}