{"_runtime":2.864661,"val_accuracy":0.5683060109289617,"train_accuracy":0.5896032831737346,"train_f1_score":0.271745922849876,"val_recall":0.34308510638297873,"val_f1_score":0.3308389044878765,"val_loss":0.17077806135969903,"val_precision":0.31943681318681316,"train_precision":0.2794117047797114,"_timestamp":1.728599394345231e+09,"train_recall":0.2644895370957514,"epoch":99,"_wandb":{"runtime":2},"_step":100,"train_loss":0.15780846847173938}