{"mse_val":0.5611039926722963,"val_r_squared":-10.462420811124176,"r2_train":-0.7878396390686728,"val_rmse":0.7490687502975253,"epoch":99,"mse_train":0.06642397678944555,"_wandb":{"runtime":1},"train_r_squared":-0.7878396390686728,"mae_train":0.19105637652193075,"train_rmse":0.2577284943296832,"r2_val":-10.462420811124176,"train_mse":0.06642397678944555,"_timestamp":1.728681088920424e+09,"_step":101,"_runtime":1.474942,"val_mse":0.5611039926722963,"rmse_val":0.7490687502975253,"val_loss":0.28055199633614814,"mae_val":0.6011522382998932,"train_loss":0.03321198839472277,"rmse_train":0.2577284943296832}