{"val_f1_score":0.19593345656192238,"_wandb":{"runtime":0},"train_f1_score":0.2358834244080146,"val_recall":0.12155963302752294,"_runtime":0.644214,"epoch":7,"val_loss":5.158086442312606,"_timestamp":1.7286403283832471e+09,"train_recall":0.14741035856573706,"train_loss":4.946049162750606,"val_hamming_loss":0.33984375,"train_hamming_loss":0.327734375,"train_accuracy":0.672265625,"val_accuracy":0.66015625,"hamming_loss":0.3294921875,"_step":8,"train_precision":0.5899772209567198,"val_precision":0.5047619047619047}