{"val_hamming_loss":0.3625,"val_accuracy":0.6375,"train_accuracy":0.6630859375,"train_loss":4.987748893628317,"val_precision":0.36538461538461536,"train_precision":0.5421052631578948,"train_recall":0.11724530449630051,"train_f1_score":0.19279363593823115,"val_recall":0.0871559633027523,"_runtime":2.471013,"_timestamp":1.728641935205923e+09,"epoch":58,"val_loss":5.147860514076255,"train_hamming_loss":0.3369140625,"_wandb":{"runtime":2},"val_f1_score":0.14074074074074075,"hamming_loss":0.33828125,"_step":59}