{"val_r_squared":-0.7391592489505421,"epoch":5,"val_rmse":0.2917784283856949,"rmse_train":0.19659574074887903,"r2_val":-0.7436750613753549,"train_loss":0.019573031424570158,"train_rmse":0.1978536399693984,"val_loss":0.042567325635613044,"train_r_squared":-0.053638855394264606,"_step":7,"rmse_val":0.29215699131704626,"_wandb":{"runtime":0},"train_mse":0.039146062849140316,"_runtime":0.519006,"mae_train":0.14803400655671664,"val_mse":0.08513465127122609,"mse_val":0.08535570757542865,"r2_train":-0.04028395001327212,"_timestamp":1.728680813676594e+09,"mae_val":0.24594500790446647,"mse_train":0.038649885280600454}