{"_timestamp":1.730549310615526e+09,"_runtime":193.308331,"_step":10,"Test Loss":0.002156899238723051,"_wandb":{"runtime":193},"Train Loss":0.002289310367591679,"Val Loss":0.0021598865596909717}