{"epoch":20,"val_f1_score":0.0045351473922902496,"train_recall":0.003414911781445646,"_wandb":{"runtime":1},"hamming_loss":0.344140625,"_timestamp":1.7286396368253849e+09,"_step":21,"train_precision":0.375,"val_loss":5.149908313402728,"train_loss":5.114936859666526,"val_accuracy":0.65703125,"val_hamming_loss":0.34296875,"train_accuracy":0.6560546875,"train_f1_score":0.006768189509306261,"val_precision":0.2,"train_hamming_loss":0.3439453125,"_runtime":1.167093,"val_recall":0.0022935779816513763}