{"test_hamming_score":0.5273188405797101,"train_loss":0.16128369558810582,"val_exact_match_accuracy":0.12133333333333333,"test_exact_match_accuracy":0.043478260869565216,"_wandb":{"runtime":283},"val_loss":0.18458487331233125,"_timestamp":1.730536124389777e+09,"_step":5,"train_hamming_score":0.651984126984127,"val_hamming_score":0.514,"_runtime":283.223414,"train_exact_match_accuracy":0.32722222222222225}