{"val_accuracy":0.45414847161572053,"_step":9,"val_loss":0.35339023133335207,"_wandb":{"runtime":0},"_runtime":0.467552,"epoch":9,"_timestamp":1.7285955772025201e+09,"train_accuracy":0.41466083150984684,"train_loss":0.3486013734412244}