{"_wandb":{"runtime":1},"train_recall":0.1109846328969835,"train_hamming_loss":0.3341796875,"val_accuracy":0.01875,"val_loss":5.096218640423987,"_step":25,"_timestamp":1.728610974564384e+09,"train_f1_score":0.18562589243217514,"train_accuracy":0.03125,"train_precision":0.5668604651162791,"val_precision":0.43023255813953487,"train_loss":4.961681980891351,"val_f1_score":0.1417624521072797,"epoch":24,"val_hamming_loss":0.35,"val_recall":0.08486238532110092,"hamming_loss":0.33515625,"_runtime":1.807509}