{"train_loss":0.9530848473461752,"val_acc":0.711,"test_acc":0.5843478260869566,"_wandb":{"runtime":163},"val_loss":0.8449112500282044,"_timestamp":1.730457531249611e+09,"_runtime":163.546332,"_step":10}