{"train_loss":0.1539412188781788,"train_f1_score":0.28169559459061716,"_wandb":{"runtime":1},"val_f1_score":0.3450826657174479,"_timestamp":1.728598716910518e+09,"_step":100,"val_accuracy":0.5792349726775956,"epoch":99,"val_precision":0.32992337164750957,"train_recall":0.27958207097395427,"_runtime":1.5257239999999999,"train_accuracy":0.5950752393980848,"val_loss":0.17113799045984018,"train_precision":0.2838413163221347,"val_recall":0.3617021276595745}