{"val_rmse":0.17188912788694494,"mse_val":0.02965827420835096,"val_r_squared":0.396426997858464,"epoch":37,"train_mse":0.011010150456321395,"mse_train":0.010850729299202687,"_runtime":2.198783,"train_loss":0.005505075228160698,"r2_train":0.7079463637744605,"mae_val":0.11816332848080133,"rmse_train":0.10416683396937187,"val_mse":0.029545872285734513,"mae_train":0.07478005336363668,"train_rmse":0.10492926406070613,"r2_val":0.3941308136326611,"_step":39,"_timestamp":1.728682329511529e+09,"train_r_squared":0.7036554513994534,"val_loss":0.014772936142867257,"_wandb":{"runtime":2},"rmse_val":0.1722157780470505}