{"train_accuracy":0.028125,"train_precision":0.6223021582733813,"val_loss":5.10081861521784,"_step":25,"epoch":24,"train_f1_score":0.17002457002457003,"_wandb":{"runtime":1},"val_accuracy":0.0125,"val_precision":0.5303030303030303,"train_loss":4.98878481852073,"hamming_loss":0.3302734375,"val_f1_score":0.1394422310756972,"train_hamming_loss":0.3298828125,"val_hamming_loss":0.3375,"_runtime":1.7619289999999999,"val_recall":0.08027522935779817,"_timestamp":1.728608374430463e+09,"train_recall":0.09846328969834946}