{"epoch":99,"train_hamming_loss":0.3314453125,"val_accuracy":0.66640625,"train_accuracy":0.6685546875,"train_recall":0.07342060330108138,"_wandb":{"runtime":1},"train_precision":0.6515151515151515,"val_precision":0.6,"_timestamp":1.728639912106348e+09,"val_recall":0.06192660550458716,"_runtime":1.99583,"_step":100,"hamming_loss":0.3314453125,"val_hamming_loss":0.33359375,"train_loss":5.021169275643184,"train_f1_score":0.13196930946291557,"val_f1_score":0.11226611226611227,"val_loss":5.0788823854228395}