{"train_hamming_loss":0.3341796875,"train_f1_score":0.18484992853739876,"val_hamming_loss":0.34921875,"hamming_loss":0.33671875,"_timestamp":1.72860880217256e+09,"_runtime":0.618367,"val_recall":0.08027522935779817,"val_accuracy":0.00625,"val_precision":0.43209876543209874,"epoch":8,"_wandb":{"runtime":0},"train_precision":0.5672514619883041,"val_loss":5.1232787239488315,"_step":9,"val_f1_score":0.13539651837524178,"train_recall":0.11041548093340922,"train_accuracy":0.028125,"train_loss":4.978023459057459}