{"Test Loss":0.00828109493265581,"_wandb":{"runtime":79},"_runtime":79.171765,"_step":10,"Train Loss":0.008415801713214544,"Val Loss":0.008292985605491195,"_timestamp":1.730574617760438e+09}