{"train_hamming_score":0.9218855218855219,"test_exact_match_accuracy":0.03804347826086957,"_runtime":240.683247,"train_exact_match_accuracy":0.20642857142857143,"test_hamming_score":0.9046772068511199,"val_hamming_score":0.903070707070707,"val_loss":0.2014499736276079,"_step":5,"train_loss":0.17654114250604272,"_wandb":{"runtime":240},"_timestamp":1.7305319908143349e+09,"val_exact_match_accuracy":0.05366666666666667}