{"val_accuracy":0.6578125,"train_loss":4.843830068116864,"val_recall":0.11467889908256881,"hamming_loss":0.3212890625,"epoch":14,"train_hamming_loss":0.320703125,"train_f1_score":0.2529572338489536,"_timestamp":1.728640837007465e+09,"val_precision":0.49019607843137253,"val_f1_score":0.1858736059479554,"train_recall":0.15822424587364825,"val_hamming_loss":0.3421875,"_step":15,"_wandb":{"runtime":0},"val_loss":5.13242376569414,"train_precision":0.6303854875283447,"train_accuracy":0.679296875,"_runtime":0.810255}