{"val_precision":0.33172503395736136,"val_loss":0.17019131985862146,"_timestamp":1.728596401544786e+09,"train_recall":0.27958207097395427,"val_recall":0.36994680851063827,"epoch":79,"train_f1_score":0.279434541603608,"_step":80,"train_accuracy":0.5950752393980848,"train_precision":0.2792871678472195,"_wandb":{"runtime":1},"_runtime":1.540611,"train_loss":0.15444080609435124,"val_accuracy":0.5792349726775956,"val_f1_score":0.34979490464933605}