{"r2_val":0.025143174385915068,"mae_train":0.15629661540624695,"epoch":215,"val_loss":0.023785179400403478,"train_r_squared":-0.46916997834379837,"val_r_squared":0.028216733739282684,"mae_val":0.15564253319808044,"r2_train":-0.44528340876684913,"train_loss":0.027292188406812204,"val_rmse":0.21810630160728267,"_timestamp":1.7286820160176058e+09,"_runtime":2.147303,"_step":217,"rmse_train":0.23172594619861822,"train_rmse":0.23363299598649248,"mse_val":0.0477208144901685,"rmse_val":0.21845094298301507,"val_mse":0.047570358800806956,"_wandb":{"runtime":2},"train_mse":0.05458437681362441,"mse_train":0.0536969141416449}