{"_step":8,"train_loss":0.27869131486160204,"train_accuracy":0.454172366621067,"val_recall":0.2,"train_recall":0.16666666666666666,"val_loss":0.2237123409785941,"train_precision":0.0756953944368445,"_runtime":0.939839,"val_precision":0.05136612021857924,"val_f1_score":0.08173913043478262,"_timestamp":1.7285975549641511e+09,"val_accuracy":0.2568306010928962,"epoch":7,"_wandb":{"runtime":0},"train_f1_score":0.10410787080589524}