{"train_precision":0.2904667428637151,"val_recall":0.3816489361702128,"val_precision":0.3239293450347246,"train_accuracy":0.612859097127223,"val_f1_score":0.35042827484909084,"epoch":20,"train_loss":0.1529975058907752,"_wandb":{"runtime":1},"val_accuracy":0.5300546448087432,"_step":21,"train_recall":0.3166420066229832,"_timestamp":1.728598370802916e+09,"_runtime":0.960742,"val_loss":0.17254472813266597,"train_f1_score":0.302990106452498}