{"rmse_val":0.27006693829521555,"train_r_squared":0.11263788831715471,"mse_val":0.07293615116015177,"rmse_train":0.179156589049237,"mse_train":0.03209708339975719,"train_loss":0.016484174257641763,"mae_train":0.13511972401870478,"r2_val":-0.48996419177093453,"train_mse":0.032968348515283526,"_wandb":{"runtime":1},"val_r_squared":-0.48828328745335736,"r2_train":0.1360884913217496,"val_mse":0.0728538681817623,"train_rmse":0.1815718825018993,"val_loss":0.03642693409088115,"mae_val":0.1636031417902633,"_timestamp":1.728682161139055e+09,"val_rmse":0.26991455718757057,"_runtime":1.327566,"_step":22,"epoch":20}