{"epoch":99,"train_loss":0.1844146627381094,"train_accuracy":0.5426695842450766,"val_accuracy":0.6026200873362445,"_wandb":{"runtime":2},"_step":99,"val_loss":0.18108765891559336,"_timestamp":1.728595797435285e+09,"_runtime":2.002818}