{"train_rmse":0.22416206609435194,"train_loss":0.025124315937844303,"train_mse":0.05024863187568861,"val_mse":0.05343973514618698,"mae_val":0.17055049396580607,"val_rmse":0.23117035957532917,"val_loss":0.02671986757309349,"epoch":14,"r2_val":-0.1150649019948149,"_step":16,"val_r_squared":-0.09168485749551025,"mae_train":0.15006728217225243,"rmse_val":0.233632673328898,"_timestamp":1.728681999594877e+09,"mse_val":0.054584226046807564,"rmse_train":0.22071506062500748,"_wandb":{"runtime":0},"mse_train":0.048715137986700734,"_runtime":0.757073,"train_r_squared":-0.35247090310618545,"r2_train":-0.31119603078571756}