{"rmse_train":0.2123556367708967,"mae_train":0.1608852160156739,"train_r_squared":-0.2582162311543592,"train_rmse":0.21621001019034086,"train_mse":0.0467467685065073,"val_mse":0.0845306181428415,"val_rmse":0.29074149711185276,"mse_val":0.08514920982870855,"_wandb":{"runtime":0},"r2_train":-0.21375568099768572,"train_loss":0.02337338425325365,"mse_train":0.04509491646837301,"_runtime":0.589795,"mae_val":0.23989293736983788,"rmse_val":0.29180337528669636,"val_r_squared":-0.7268198573371809,"_step":7,"epoch":5,"_timestamp":1.728680861202881e+09,"val_loss":0.04226530907142075,"r2_val":-0.7394566560523379}