{"_timestamp":1.730529239712234e+09,"_runtime":37.742847,"_step":4,"train_loss":0.0662447808045648,"val_loss":0.11599466307683194,"_wandb":{"runtime":37}}