{"mae_val":0.21060079605786458,"r2_val":-0.34509139342224704,"r2_train":-0.02303625938604026,"train_rmse":0.19495917073762417,"rmse_val":0.25660162496936,"mae_train":0.15120451824918657,"val_r_squared":-0.34509139342224704,"train_loss":0.019004539127351047,"_timestamp":1.728682053463135e+09,"train_mse":0.038009078254702094,"rmse_train":0.19495917073762417,"mse_val":0.06584439393691609,"_wandb":{"runtime":1},"_step":201,"val_rmse":0.25660162496936,"val_loss":0.032922196968458044,"mse_train":0.038009078254702094,"epoch":199,"_runtime":1.338543,"val_mse":0.06584439393691609,"train_r_squared":-0.02303625938604026}