{"train_accuracy":0.6712890625,"val_recall":0.07568807339449542,"hamming_loss":0.3296875,"_step":63,"train_precision":0.6330935251798561,"train_f1_score":0.17297297297297298,"val_accuracy":0.65703125,"_wandb":{"runtime":2},"train_hamming_loss":0.3287109375,"epoch":62,"val_f1_score":0.1306930693069307,"val_hamming_loss":0.34296875,"train_loss":4.974636612954289,"val_precision":0.4782608695652174,"_runtime":2.081101,"val_loss":5.0862412998629924,"_timestamp":1.7286409931836329e+09,"train_recall":0.10017074558907228}