{"_timestamp":1.728681314064716e+09,"r2_val":0.10599531636682724,"_step":6,"val_r_squared":0.10287287308912285,"_wandb":{"runtime":0},"val_rmse":0.20956101814548744,"rmse_val":0.20919601260503037,"mse_train":0.03348163664847904,"train_loss":0.01766597493472965,"val_mse":0.04391582032617331,"mae_train":0.14897573713090778,"val_loss":0.021957910163086656,"_runtime":0.592067,"train_mse":0.0353319498694593,"r2_train":0.09882244222154657,"mae_val":0.1671944548809626,"epoch":4,"mse_val":0.04376297168984403,"train_rmse":0.1879679490483931,"train_r_squared":0.049020194884754065,"rmse_train":0.18297988044722033}