{"train_loss":5.142089536764668,"val_loss":5.139502970237755,"val_precision":0,"val_recall":0,"val_hamming_loss":0.340625,"epoch":10,"_runtime":0.53535,"train_precision":0,"val_f1_score":0,"train_f1_score":0,"val_accuracy":0.659375,"_timestamp":1.7286392999104981e+09,"_wandb":{"runtime":0},"train_accuracy":0.6568359375,"_step":11,"train_hamming_loss":0.3431640625,"train_recall":0,"hamming_loss":0.3431640625}