{"val_hamming_loss":0.340625,"val_precision":0.5,"epoch":48,"_runtime":1.62466,"_wandb":{"runtime":1},"val_recall":0.10779816513761468,"_timestamp":1.728640530144032e+09,"train_precision":0.6022727272727273,"val_f1_score":0.17735849056603775,"train_f1_score":0.20104314841156948,"train_recall":0.12066021627774616,"val_accuracy":0.659375,"hamming_loss":0.3291015625,"_step":49,"train_hamming_loss":0.3291015625,"val_loss":5.135653708349119,"train_accuracy":0.6708984375,"train_loss":4.903156489163519}