{"val_f1_score":0.3391272793482797,"train_loss":0.1551964964875248,"train_accuracy":0.5759233926128591,"_timestamp":1.72859775771704e+09,"_wandb":{"runtime":2},"val_accuracy":0.546448087431694,"train_recall":0.26248796355010684,"train_f1_score":0.267995484657051,"epoch":199,"_step":200,"val_loss":0.1730189556733833,"val_precision":0.32088042588042587,"train_precision":0.2737390765595395,"val_recall":0.3595744680851064,"_runtime":2.532793}