{"train_f1_score":0.00679501698754247,"val_loss":828.1178051606212,"train_loss":3293.6406092159923,"val_hamming_loss":0.340625,"val_recall":0,"val_accuracy":0,"val_f1_score":NaN,"val_precision":0,"train_precision":0.6666666666666666,"_timestamp":1.7286061449728692e+09,"train_hamming_loss":0.342578125,"train_recall":0.003414911781445646,"_wandb":{"runtime":2},"train_accuracy":0,"_step":24,"_runtime":2.766,"epoch":23}