{"train_precision":0,"val_loss":5.135498296867977,"train_recall":0,"val_precision":0,"train_accuracy":0.6568359375,"val_hamming_loss":0.340625,"_timestamp":1.7286414856061609e+09,"train_loss":5.1425676445549255,"val_accuracy":0.659375,"_step":15,"_wandb":{"runtime":0},"val_f1_score":0,"train_hamming_loss":0.3431640625,"hamming_loss":0.3431640625,"train_f1_score":0,"epoch":14,"_runtime":0.541593,"val_recall":0}