{"_runtime":1.22479,"train_accuracy":0.41466083150984684,"train_loss":0.199668472864536,"val_accuracy":0.45414847161572053,"_step":21,"epoch":21,"_wandb":{"runtime":1},"val_loss":0.18873577404105174,"_timestamp":1.728595851362068e+09}