{"_runtime":0.483428,"epoch":4,"val_loss":0.31453670133034417,"val_accuracy":0.45414847161572053,"_wandb":{"runtime":0},"train_accuracy":0.41466083150984684,"_step":4,"train_loss":0.3133224186556588,"_timestamp":1.728595534078767e+09}