{"train_loss":4.998374215262875,"val_loss":5.17320792032612,"train_precision":0.5804878048780487,"train_f1_score":0.12130479102956165,"_wandb":{"runtime":1},"train_recall":0.06772908366533864,"_timestamp":1.728640578103574e+09,"val_precision":0.4339622641509434,"val_recall":0.052752293577981654,"val_accuracy":0.65390625,"epoch":23,"val_f1_score":0.09406952965235174,"train_accuracy":0.66328125,"val_hamming_loss":0.34609375,"_step":24,"train_hamming_loss":0.33671875,"hamming_loss":0.3369140625,"_runtime":1.472478}