{"_wandb":{"runtime":1},"val_recall":0.35877659574468085,"val_loss":0.16509695634652183,"train_f1_score":0.30887043364986083,"val_f1_score":0.34087661129439184,"train_accuracy":0.612859097127223,"epoch":199,"train_recall":0.3164740834683764,"val_accuracy":0.5519125683060109,"_step":200,"train_loss":0.15386089226806138,"train_precision":0.30162358397294237,"val_precision":0.32467787114845936,"_runtime":1.7201089999999999,"_timestamp":1.728596486822187e+09}