{"train_f1_score":0.13917873750740475,"train_precision":0.11758598827072436,"_step":14,"epoch":13,"val_loss":0.19464885400310958,"val_recall":0.2127659574468085,"train_recall":0.17048564628885912,"train_loss":0.1887183041766324,"val_accuracy":0.2896174863387978,"train_accuracy":0.46238030095759236,"_wandb":{"runtime":0},"val_f1_score":0.1658991530717492,"_runtime":0.501751,"_timestamp":1.728599469673281e+09,"val_precision":0.13595238095238096}