{"epoch":199,"val_loss":0.16690447340627784,"_step":199,"_wandb":{"runtime":1},"train_accuracy":0.6214442013129103,"train_loss":0.14993232717122354,"val_accuracy":0.6462882096069869,"_runtime":1.6582270000000001,"_timestamp":1.728594634850301e+09}