{"epoch":24,"val_loss":5.096073438850615,"train_hamming_loss":0.33828125,"train_f1_score":0.1225937183383992,"val_precision":0.5294117647058824,"_step":25,"train_precision":0.5576036866359447,"_runtime":1.7987929999999999,"val_f1_score":0.1108829568788501,"hamming_loss":0.33828125,"_timestamp":1.728641902762526e+09,"_wandb":{"runtime":1},"train_loss":5.032467135667844,"val_recall":0.06192660550458716,"val_hamming_loss":0.33828125,"val_accuracy":0.66171875,"train_accuracy":0.66171875,"train_recall":0.0688673875924872}