{"val_loss":5.097766789156077,"hamming_loss":0.3333984375,"train_precision":0.5791245791245792,"train_recall":0.09789413773477519,"val_f1_score":0.147117296222664,"_timestamp":1.7286108609168582e+09,"train_accuracy":0.0203125,"val_hamming_loss":0.33515625,"_step":56,"_runtime":1.477546,"_wandb":{"runtime":1},"val_accuracy":0.025,"val_precision":0.5522388059701493,"train_f1_score":0.16747809152872445,"epoch":55,"train_hamming_loss":0.333984375,"train_loss":4.993022376099762,"val_recall":0.08486238532110092}