{"train_mse":0.05899455652515796,"val_rmse":0.2185822701770513,"epoch":244,"mae_train":0.17264137782361963,"r2_val":0.0239282927378055,"_runtime":1.455877,"train_loss":0.02949727826257898,"mse_train":0.0589046589347186,"rmse_train":0.24270282020347148,"_step":246,"r2_train":-0.5854528629493945,"mae_val":0.1516389497998665,"rmse_val":0.21858701907246528,"val_r_squared":0.023970703418206063,"train_rmse":0.24288795055572016,"val_loss":0.023889104417876728,"val_mse":0.047778208835753455,"_timestamp":1.728681556102766e+09,"mse_val":0.0477802849069863,"_wandb":{"runtime":1},"train_r_squared":-0.5878725084360492}