{"_runtime":0.526442,"val_loss":0.22277877553751985,"train_precision":0.0756953944368445,"val_accuracy":0.2568306010928962,"val_recall":0.2,"_step":8,"train_accuracy":0.454172366621067,"train_f1_score":0.10410787080589524,"train_loss":0.27862619206530814,"_timestamp":1.728598215976448e+09,"val_f1_score":0.08173913043478262,"train_recall":0.16666666666666666,"_wandb":{"runtime":0},"epoch":7,"val_precision":0.05136612021857924}