{"train_precision":0.0756953944368445,"train_f1_score":0.10410787080589524,"train_loss":0.2821605347553308,"val_loss":0.22549220676300188,"_wandb":{"runtime":0},"_timestamp":1.728598092096035e+09,"train_recall":0.16666666666666666,"val_recall":0.2,"val_f1_score":0.08173913043478262,"_runtime":0.514219,"epoch":14,"train_accuracy":0.454172366621067,"_step":15,"val_precision":0.05136612021857924,"val_accuracy":0.2568306010928962}