{"epoch":17,"val_recall":0.08256880733944955,"train_recall":0.12066021627774616,"val_hamming_loss":0.34375,"hamming_loss":0.329296875,"train_accuracy":0.67265625,"val_accuracy":0.65625,"val_loss":5.140696671937376,"train_precision":0.6180758017492711,"_step":18,"_wandb":{"runtime":0},"_runtime":0.764073,"train_loss":4.8921759851718445,"val_f1_score":0.140625,"train_f1_score":0.2019047619047619,"_timestamp":1.728640739653436e+09,"val_precision":0.47368421052631576,"train_hamming_loss":0.32734375}