{"train_loss":0.04810434096264583,"val_mse":0.10084956363889368,"_wandb":{"runtime":1},"_runtime":1.441634,"mae_train":0.23310457573935414,"mae_val":0.225437388766197,"train_mse":0.09620868192529165,"r2_train":-1.5895121533270955,"val_r_squared":-1.0601887567076687,"mse_train":0.09620868192529165,"epoch":199,"rmse_train":0.3101752438949499,"r2_val":-1.0601887567076687,"val_rmse":0.317568203129491,"val_loss":0.05042478181944684,"_timestamp":1.7286809154693482e+09,"mse_val":0.10084956363889368,"train_rmse":0.3101752438949499,"train_r_squared":-1.5895121533270955,"rmse_val":0.317568203129491,"_step":201}