{"val_precision":0.4606741573033708,"hamming_loss":0.3302734375,"_wandb":{"runtime":1},"_timestamp":1.728641836234995e+09,"val_hamming_loss":0.34609375,"train_loss":4.925103260180295,"train_recall":0.11895276038702333,"train_accuracy":0.6689453125,"val_accuracy":0.65390625,"train_hamming_loss":0.3310546875,"epoch":43,"_runtime":1.6164960000000002,"train_f1_score":0.1978230004732608,"val_recall":0.09403669724770643,"val_f1_score":0.15619047619047619,"train_precision":0.5870786516853933,"_step":44,"val_loss":5.156353627368827}