{"train_accuracy":0.6265389876880985,"_step":100,"val_accuracy":0.5573770491803278,"train_f1_score":0.3091133226021963,"train_precision":0.3229665667172387,"train_recall":0.2963996336222081,"train_loss":0.14636155203626597,"val_recall":0.33643617021276595,"val_f1_score":0.32758943787797046,"_wandb":{"runtime":3},"val_precision":0.3191960420531849,"epoch":99,"_timestamp":1.72859785782766e+09,"_runtime":3.781647,"val_loss":0.16369304293152068}