{"epoch":28,"_runtime":1.722102,"val_loss":5.131234332576849,"val_f1_score":0.05639913232104122,"hamming_loss":0.3390625,"train_accuracy":0.662109375,"val_accuracy":0.66015625,"train_f1_score":0.08562367864693445,"_timestamp":1.728641029871569e+09,"_wandb":{"runtime":1},"train_loss":5.03369181428648,"val_precision":0.52,"train_hamming_loss":0.337890625,"val_hamming_loss":0.33984375,"val_recall":0.02981651376146789,"_step":29,"train_recall":0.04610130904951622,"train_precision":0.6}