{"val_accuracy":0.62882096069869,"_step":199,"val_loss":0.17378078079369796,"train_accuracy":0.5656455142231948,"_timestamp":1.7285953720555918e+09,"_runtime":1.497605,"train_loss":0.1679813708571732,"epoch":199,"_wandb":{"runtime":1}}