{"val_hamming_loss":0.3453125,"val_recall":0.08027522935779817,"val_f1_score":0.13671875,"train_accuracy":0.669140625,"train_f1_score":0.17926356589147288,"_runtime":1.672634,"_timestamp":1.7286409398200388e+09,"_wandb":{"runtime":1},"val_loss":5.128272558409417,"train_recall":0.10529311326124074,"train_precision":0.6026058631921825,"epoch":63,"train_loss":4.944706991775578,"hamming_loss":0.33125,"_step":64,"val_accuracy":0.6546875,"val_precision":0.4605263157894737,"train_hamming_loss":0.330859375}