{"val_mse":0.08279673068802726,"_wandb":{"runtime":0},"train_mse":0.07488194753276631,"r2_val":-0.7198877697687689,"val_rmse":0.287744210520433,"train_r_squared":-1.0154907989642172,"train_rmse":0.2736456605407188,"mae_train":0.2074905172382537,"val_r_squared":-0.6913994220778343,"_step":10,"r2_train":-0.954712917697119,"mae_val":0.20351579583628354,"_timestamp":1.728682274940255e+09,"rmse_train":0.26948813389230397,"epoch":8,"val_loss":0.04139836534401363,"mse_train":0.07262385430875634,"train_loss":0.037440973766383154,"rmse_val":0.2901573388212617,"mse_val":0.08419128127183646,"_runtime":0.516451}