{"train_rmse":0.2007266392076025,"mse_train":0.04029118368757902,"_timestamp":1.7286822532781498e+09,"train_r_squared":-0.08446044310157519,"val_mse":0.06192378828545166,"val_loss":0.03096189414272583,"_runtime":3.029141,"r2_val":-0.2649999444244797,"val_r_squared":-0.2649999444244797,"r2_train":-0.08446044310157519,"_wandb":{"runtime":3},"val_rmse":0.2488449080962913,"rmse_val":0.2488449080962913,"mae_val":0.17665584462009626,"_step":401,"epoch":399,"train_mse":0.04029118368757902,"mse_val":0.06192378828545166,"train_loss":0.02014559184378951,"mae_train":0.14712937022650296,"rmse_train":0.2007266392076025}