{"val_accuracy":0.5901639344262295,"_step":96,"_runtime":1.409586,"epoch":95,"train_f1_score":0.28552232958574514,"_timestamp":1.728598647036774e+09,"train_precision":0.2896303258145363,"val_precision":0.3370931649495956,"train_recall":0.28152923585178924,"train_loss":0.15367496727384616,"_wandb":{"runtime":1},"val_loss":0.16661407913025306,"val_f1_score":0.350932783268805,"train_accuracy":0.6046511627906976,"val_recall":0.3659574468085106}