{"train_recall":0.3013651095610512,"val_f1_score":0.34817991173432655,"_wandb":{"runtime":0},"_step":9,"train_loss":0.15522084501929043,"train_precision":0.2877613254425611,"val_recall":0.37340425531914895,"_runtime":0.825549,"_timestamp":1.728597898510357e+09,"val_accuracy":0.546448087431694,"epoch":8,"train_accuracy":0.615595075239398,"val_loss":0.17269171843106756,"val_precision":0.32614785044452566,"train_f1_score":0.2944061519456312}