{"train_loss":0.18473705274934105,"val_f1_score":0.22045960219871213,"_runtime":2.396949,"val_precision":0.187202881152461,"train_accuracy":0.5362517099863201,"train_precision":0.17025325720977894,"train_recall":0.2083147404432545,"_wandb":{"runtime":2},"val_accuracy":0.4644808743169399,"_timestamp":1.728597502686667e+09,"_step":100,"val_recall":0.2680851063829787,"val_loss":0.1976158015901421,"train_f1_score":0.1873706351574885,"epoch":99}