{"train_loss":0.15173994186336826,"train_recall":0.27762335893280726,"_step":100,"train_precision":0.28602233436127467,"val_f1_score":0.3425089331616346,"val_accuracy":0.5737704918032787,"val_precision":0.3268799827623357,"val_recall":0.35970744680851063,"train_accuracy":0.6073871409028728,"val_loss":0.16827476165285893,"_timestamp":1.7285986716967978e+09,"train_f1_score":0.28176026940296084,"epoch":99,"_wandb":{"runtime":3},"_runtime":3.575942}