{"val_f1_score":0.3350345928685471,"val_accuracy":0.5737704918032787,"_wandb":{"runtime":1},"_step":100,"train_recall":0.26599556119213696,"_timestamp":1.728596217664332e+09,"epoch":99,"val_loss":0.17149247755328098,"train_loss":0.15899829240837532,"train_precision":0.28083971123052703,"_runtime":1.436648,"train_accuracy":0.5937072503419972,"train_f1_score":0.27321615982394937,"val_precision":0.32543941273779986,"val_recall":0.34521276595744677}