{"val_precision":0.26704761904761903,"val_f1_score":0.2392874756420499,"val_loss":0.18883739752780485,"train_accuracy":0.4692202462380301,"epoch":48,"train_loss":0.20868078851406677,"_step":49,"train_f1_score":0.19888782818370218,"_wandb":{"runtime":1},"val_recall":0.21675531914893614,"train_recall":0.18266888215630553,"val_accuracy":0.2786885245901639,"train_precision":0.2182675349342016,"_timestamp":1.728598521195603e+09,"_runtime":1.475206}