{"_runtime":0.779807,"val_loss":0.09176782445843853,"r2_train":-0.3888648245239492,"_step":15,"_wandb":{"runtime":0},"val_rmse":0.428410607848215,"val_r_squared":-2.7493278771884637,"mse_train":0.051600782783803464,"train_loss":0.026330702539319687,"val_mse":0.18353564891687707,"train_mse":0.052661405078639374,"_timestamp":1.7286822040552099e+09,"mae_val":0.32372762256946075,"rmse_val":0.4335087516157267,"epoch":13,"mse_val":0.18792983772742583,"rmse_train":0.22715805683224943,"mae_train":0.18020087500121873,"r2_val":-2.8390938420146306,"train_r_squared":-0.4174120852036036,"train_rmse":0.22948072920975168}