{"_timestamp":1.728599567953117e+09,"train_f1_score":0.13890626780929283,"train_recall":0.16801651048639,"train_precision":0.11839360222531292,"val_precision":0.10251396648044693,"epoch":25,"val_f1_score":0.13603464757408457,"train_accuracy":0.45690834473324216,"val_accuracy":0.26229508196721313,"_step":26,"val_recall":0.2021276595744681,"val_loss":0.20308161634162603,"_runtime":1.463389,"train_loss":0.21877656872074616,"_wandb":{"runtime":1}}