{"_wandb":{"runtime":2},"_timestamp":1.7285938018312871e+09,"epoch":46,"train_accuracy":0,"val_accuracy":0,"_runtime":2.7488070000000002,"_step":46,"train_loss":0.15388405801280808,"val_loss":0.160046732311145}