{"val_loss":5.13975831834085,"train_f1_score":0,"_step":14,"_runtime":0.518621,"train_loss":5.141375853276161,"train_precision":0,"train_accuracy":0.6568359375,"val_recall":0,"epoch":13,"val_accuracy":0.659375,"val_precision":0,"train_hamming_loss":0.3431640625,"_timestamp":1.728641507206281e+09,"train_recall":0,"val_f1_score":0,"val_hamming_loss":0.340625,"hamming_loss":0.3431640625,"_wandb":{"runtime":0}}