{"_wandb":{"runtime":251},"_step":5,"train_exact_match_accuracy":0.03968253968253968,"train_hamming_score":0.37023809523809526,"test_hamming_score":0.4007246376811594,"_runtime":251.882171,"val_exact_match_accuracy":0,"val_hamming_score":0.3194444444444444,"train_loss":0.25293880810743663,"val_loss":0.25726852851345183,"test_exact_match_accuracy":0,"_timestamp":1.730538827733695e+09}