{"mse_train":0.09115873142903862,"_runtime":1.625031,"_step":201,"r2_train":-1.4535898236364972,"val_rmse":0.30980685700807553,"val_loss":0.04799014432461108,"epoch":199,"mse_val":0.09598028864922216,"_wandb":{"runtime":1},"rmse_train":0.3019250427325276,"train_r_squared":-1.4535898236364972,"mae_val":0.24785626159255453,"train_loss":0.04557936571451931,"val_mse":0.09598028864922216,"rmse_val":0.30980685700807553,"val_r_squared":-0.9607175718549628,"mae_train":0.2395396279921679,"train_mse":0.09115873142903862,"r2_val":-0.9607175718549628,"_timestamp":1.7286824269719412e+09,"train_rmse":0.3019250427325276}