{"train_accuracy":0.6568359375,"train_precision":0,"val_f1_score":0,"_wandb":{"runtime":1},"train_hamming_loss":0.3431640625,"val_accuracy":0.659375,"train_f1_score":0,"val_precision":0,"epoch":99,"train_loss":5.058958771353641,"_runtime":1.4997639999999999,"val_loss":5.083014467185502,"hamming_loss":0.3431640625,"val_recall":0,"_step":100,"_timestamp":1.7286400134941561e+09,"train_recall":0,"val_hamming_loss":0.340625}