{"_wandb":{"runtime":1},"train_hamming_loss":0.33046875,"val_f1_score":0.11020408163265306,"_timestamp":1.7286081642981582e+09,"train_recall":0.08651109846328969,"_runtime":1.399967,"val_recall":0.06192660550458716,"epoch":60,"val_hamming_loss":0.340625,"train_loss":4.993872475932379,"train_precision":0.6359832635983264,"train_accuracy":0.0234375,"hamming_loss":0.3306640625,"val_accuracy":0.0125,"val_loss":5.133406011577377,"_step":61,"train_f1_score":0.1523046092184369,"val_precision":0.5}