{"_wandb":{"runtime":0},"_runtime":0.507276,"val_precision":0,"val_f1_score":0,"train_loss":5.140609019086246,"epoch":14,"_timestamp":1.728641208849385e+09,"val_recall":0,"train_hamming_loss":0.3431640625,"train_accuracy":0.6568359375,"val_accuracy":0.659375,"val_hamming_loss":0.340625,"train_precision":0,"val_loss":5.1399829590642225,"train_f1_score":0,"hamming_loss":0.3431640625,"_step":15,"train_recall":0}