{"_runtime":1.436806,"val_f1_score":0.12400000000000001,"train_precision":0.6145251396648045,"epoch":45,"val_precision":0.484375,"hamming_loss":0.3361328125,"val_hamming_loss":0.3421875,"train_loss":4.975204210608764,"train_hamming_loss":0.33515625,"val_loss":5.12564760756237,"_wandb":{"runtime":1},"train_accuracy":0.66484375,"train_recall":0.06260671599317018,"train_f1_score":0.11363636363636365,"val_accuracy":0.6578125,"val_recall":0.07110091743119266,"_step":46,"_timestamp":1.7286395451540658e+09}