{"train_loss":0.27572320636999487,"_timestamp":1.72859835269054e+09,"train_accuracy":0.454172366621067,"train_f1_score":0.10410787080589524,"_wandb":{"runtime":0},"val_recall":0.2,"val_f1_score":0.08173913043478262,"epoch":9,"train_recall":0.16666666666666666,"_step":10,"train_precision":0.0756953944368445,"val_precision":0.05136612021857924,"val_accuracy":0.2568306010928962,"val_loss":0.22221839109606195,"_runtime":0.549601}