{"val_f1_score":0.08620689655172414,"train_recall":0.042686397268070574,"train_precision":0.7009345794392523,"hamming_loss":0.3341796875,"val_hamming_loss":0.33125,"epoch":114,"val_precision":0.7142857142857143,"train_f1_score":0.08047210300429185,"train_loss":4.9509947218983665,"_step":115,"val_accuracy":0.00625,"train_hamming_loss":0.334765625,"_wandb":{"runtime":1},"_timestamp":1.7286082595064409e+09,"val_loss":5.099859979229725,"train_accuracy":0.021875,"_runtime":1.459398,"val_recall":0.045871559633027525}