{"hamming_loss":0.390234375,"epoch":4,"train_loss":54.622301491721075,"train_recall":0.7205463858850313,"_runtime":0.54345,"val_hamming_loss":0.58125,"val_precision":0.33476394849785407,"val_recall":0.7155963302752294,"val_accuracy":0.00625,"_wandb":{"runtime":0},"train_precision":0.3429964779192631,"_step":5,"train_f1_score":0.4647577092511013,"train_hamming_loss":0.56953125,"val_f1_score":0.45614035087719296,"train_accuracy":0,"_timestamp":1.72860929646876e+09,"val_loss":55.45956620732295}