{"val_precision":0.4946236559139785,"_wandb":{"runtime":0},"train_recall":0.11667615253272624,"epoch":13,"val_f1_score":0.17391304347826086,"_step":14,"val_loss":5.132600501554384,"val_accuracy":0.0375,"_timestamp":1.728607964187857e+09,"train_loss":4.921865873777689,"val_hamming_loss":0.34140625,"train_f1_score":0.19626615605552897,"train_precision":0.6174698795180723,"val_recall":0.10550458715596331,"_runtime":0.668156,"hamming_loss":0.326171875,"train_hamming_loss":0.3279296875,"train_accuracy":0.0359375}