{"train_accuracy":0.6568359375,"train_recall":0,"train_hamming_loss":0.3431640625,"val_precision":0,"val_hamming_loss":0.340625,"train_loss":5.142374764656511,"_runtime":0.661751,"_timestamp":1.728640147959887e+09,"train_f1_score":0,"_step":15,"hamming_loss":0.3431640625,"epoch":14,"val_accuracy":0.659375,"_wandb":{"runtime":0},"val_recall":0,"train_precision":0,"val_f1_score":0,"val_loss":5.139852984683792}