{"_step":6,"val_hamming_loss":0.340625,"train_loss":5.104953200911122,"val_precision":0,"val_accuracy":0,"train_recall":0.003414911781445646,"train_hamming_loss":0.3423828125,"hamming_loss":0.3427734375,"val_loss":5.162853230676516,"val_recall":0,"train_precision":0.75,"epoch":5,"_timestamp":1.7286080991088982e+09,"val_f1_score":0,"_wandb":{"runtime":0},"train_f1_score":0.006798866855524079,"train_accuracy":0,"_runtime":0.749405}