{"hamming_loss":0.3412109375,"val_loss":5.17919662677321,"epoch":39,"_wandb":{"runtime":1},"_timestamp":1.72864108076729e+09,"_runtime":1.807126,"train_accuracy":0.658984375,"_step":40,"train_loss":5.04828752616934,"val_f1_score":0.013513513513513514,"train_recall":0.008537279453614115,"val_accuracy":0.6578125,"train_hamming_loss":0.341015625,"val_recall":0.006880733944954129,"val_precision":0.375,"train_f1_score":0.01689189189189189,"train_precision":0.7894736842105263,"val_hamming_loss":0.3421875}