{"epoch":199,"val_loss":0.16430784466611065,"_wandb":{"runtime":5},"_step":199,"train_loss":0.15354748395822929,"_runtime":5.36764,"val_accuracy":0,"train_accuracy":0,"_timestamp":1.7285932353732312e+09}