{"val_exact_match_accuracy":0.002,"val_loss":0.2675493304082688,"_step":5,"_runtime":228.230785,"train_loss":0.2864196729765931,"test_exact_match_accuracy":0.0004347826086956522,"_wandb":{"runtime":228},"_timestamp":1.730530733886139e+09,"val_hamming_score":0.8796363636363637,"test_hamming_score":0.8902898550724637,"train_hamming_score":0.8860461760461761,"train_exact_match_accuracy":0.04134920634920635}