{"r2_val":-3.5082510708254215,"train_loss":0.1586381999233527,"_timestamp":1.72868110448801e+09,"mae_train":0.5208713875060115,"mse_val":0.22068616372506125,"rmse_val":0.4697724595216936,"mse_train":0.3172763998467054,"train_r_squared":-7.539677261194534,"val_mse":0.22068616372506125,"mae_val":0.4080578534207076,"val_r_squared":-3.5082510708254215,"train_mse":0.3172763998467054,"val_rmse":0.4697724595216936,"_step":101,"_wandb":{"runtime":1},"r2_train":-7.539677261194534,"val_loss":0.11034308186253063,"rmse_train":0.563272935482174,"epoch":99,"train_rmse":0.563272935482174,"_runtime":1.453591}