{"train_f1_score":0.1809432146294514,"epoch":100,"train_accuracy":0.667578125,"train_loss":4.951866165766413,"hamming_loss":0.332421875,"_step":101,"val_recall":0.0779816513761468,"_runtime":1.528658,"val_hamming_loss":0.3453125,"val_f1_score":0.13333333333333333,"_timestamp":1.728640949586379e+09,"val_precision":0.4594594594594595,"train_precision":0.5856697819314641,"val_accuracy":0.6546875,"train_hamming_loss":0.332421875,"val_loss":5.156718379597463,"_wandb":{"runtime":1},"train_recall":0.10700056915196357}