{"epoch":92,"_runtime":3.594431,"train_f1_score":0.2963754340945464,"val_loss":0.17124650906657102,"train_precision":0.29391427083704486,"_timestamp":1.728598849173933e+09,"train_accuracy":0.612859097127223,"_wandb":{"runtime":3},"val_precision":0.33405940689528824,"val_accuracy":0.5792349726775956,"val_f1_score":0.3510285153692251,"val_recall":0.36981382978723404,"train_loss":0.15445304707480903,"_step":93,"train_recall":0.29887816372703285}