{"train_precision":0.0756953944368445,"_step":12,"train_loss":0.2785898133651321,"_runtime":0.518325,"train_accuracy":0.454172366621067,"val_recall":0.2,"val_f1_score":0.08173913043478262,"train_recall":0.16666666666666666,"train_f1_score":0.10410787080589524,"val_accuracy":0.2568306010928962,"_wandb":{"runtime":0},"epoch":11,"val_loss":0.22390682141758686,"_timestamp":1.7285972573079412e+09,"val_precision":0.05136612021857924}