{"rmse_train":0.6885654978002856,"train_r_squared":-11.761279006264965,"train_mse":0.47412244476095516,"mse_val":0.34302301165473925,"train_rmse":0.6885654978002856,"train_loss":0.23706122238047758,"val_rmse":0.5856816640929945,"_step":401,"mse_train":0.47412244476095516,"_wandb":{"runtime":1},"_timestamp":1.728682026688428e+09,"rmse_val":0.5856816640929945,"val_loss":0.17151150582736963,"val_mse":0.34302301165473925,"r2_train":-11.761279006264965,"mae_val":0.5370911644884118,"val_r_squared":-6.007389287607728,"_runtime":1.489357,"mae_train":0.6601228710114163,"r2_val":-6.007389287607728,"epoch":399}