{"rmse_val":0.18082040390519685,"_timestamp":1.72868226617424e+09,"_wandb":{"runtime":1},"val_loss":0.016321762000257208,"mse_val":0.032696018468438524,"mse_train":0.011065900399396218,"train_r_squared":0.6979717500348919,"_runtime":1.789978,"mae_val":0.12641596921417522,"train_mse":0.011221318191540892,"train_rmse":0.1059307235486518,"val_r_squared":0.3331471282713575,"mae_train":0.0754788573125184,"val_mse":0.032643524000514415,"train_loss":0.005610659095770446,"r2_train":0.7021549095330588,"_step":40,"rmse_train":0.10519458350787943,"val_rmse":0.18067518922230139,"r2_val":0.33207475365014605,"epoch":38}