{"_timestamp":1.7286400379739468e+09,"train_accuracy":0.6568359375,"train_loss":5.1026711852339295,"train_recall":0,"val_precision":0,"val_accuracy":0.659375,"val_loss":5.118811864286723,"val_recall":0,"hamming_loss":0.3431640625,"_step":100,"_wandb":{"runtime":3},"_runtime":3.6960990000000002,"val_f1_score":0,"val_hamming_loss":0.340625,"train_hamming_loss":0.3431640625,"train_f1_score":0,"train_precision":0,"epoch":99}