{"hamming_loss":0.3263671875,"epoch":54,"_runtime":1.715474,"_step":55,"train_accuracy":0.674609375,"val_recall":0.11467889908256881,"val_loss":5.140455493502366,"_timestamp":1.728641924433203e+09,"val_hamming_loss":0.34765625,"val_accuracy":0.65234375,"train_precision":0.6226415094339622,"train_recall":0.13147410358565736,"train_loss":4.919212464072844,"val_precision":0.45871559633027525,"val_f1_score":0.18348623853211013,"train_f1_score":0.21710526315789475,"train_hamming_loss":0.325390625,"_wandb":{"runtime":1}}