{"val_hamming_loss":0.32578125,"train_precision":0.6682027649769585,"epoch":76,"val_f1_score":0.15071283095723015,"hamming_loss":0.3287109375,"val_recall":0.08486238532110092,"train_accuracy":0.67109375,"train_f1_score":0.1469098277608916,"_timestamp":1.7286412883692858e+09,"_step":77,"train_loss":4.993628517342542,"_wandb":{"runtime":3},"train_hamming_loss":0.32890625,"val_accuracy":0.67421875,"_runtime":3.352259,"val_loss":5.024001639595717,"val_precision":0.6727272727272727,"train_recall":0.08252703471826978}