{"_runtime":2.585289,"val_loss":0.1720296084004978,"_timestamp":1.728597329488554e+09,"_wandb":{"runtime":2},"val_accuracy":0.5683060109289617,"val_f1_score":0.34994307017418247,"train_recall":0.2977588717442871,"train_loss":0.1562665773032997,"val_recall":0.3718085106382979,"train_accuracy":0.6101231190150479,"train_f1_score":0.29453968913693007,"val_precision":0.3305065305065305,"_step":67,"epoch":66,"train_precision":0.29138936960121353}