{"val_precision":0.3304242376826334,"_wandb":{"runtime":3},"train_f1_score":0.28983110932296685,"train_precision":0.28803473508797,"train_recall":0.2916500309229119,"train_accuracy":0.6019151846785226,"val_recall":0.36981382978723404,"val_accuracy":0.5737704918032787,"epoch":62,"_timestamp":1.7285980440677938e+09,"_runtime":3.410205,"_step":63,"val_loss":0.170234020322672,"val_f1_score":0.3490111676831973,"train_loss":0.1530435410432132}