{"_wandb":{"runtime":0},"train_accuracy":0.025,"val_f1_score":0.15,"train_hamming_loss":0.33515625,"val_precision":0.4642857142857143,"val_accuracy":0.01875,"train_f1_score":0.20848708487084872,"train_recall":0.128628343767786,"_runtime":0.540039,"epoch":8,"train_precision":0.5498783454987834,"_step":9,"train_loss":4.963065284849062,"val_recall":0.08944954128440367,"val_loss":5.161956715414003,"_timestamp":1.728608817816845e+09,"hamming_loss":0.3341796875,"val_hamming_loss":0.3453125}