{"_wandb":{"runtime":1},"train_recall":0.2971321934913142,"_timestamp":1.728597577292824e+09,"val_loss":0.16597094728520376,"train_accuracy":0.627906976744186,"_step":41,"train_loss":0.14941066141002401,"val_precision":0.3508700209643606,"val_accuracy":0.6010928961748634,"train_precision":0.3078021845772969,"epoch":40,"_runtime":1.482461,"val_f1_score":0.36785549487343944,"train_f1_score":0.30237308898486015,"val_recall":0.3865691489361702}