{"mae_train":0.1532097724683485,"rmse_val":0.23497991352427716,"rmse_train":0.2217170509384974,"r2_train":-0.32312804748036417,"train_mse":0.05032326001918259,"_step":109,"_timestamp":1.72868175624353e+09,"mae_val":0.1683301797301484,"_wandb":{"runtime":1},"train_r_squared":-0.35447956262308833,"mse_train":0.049158450676864245,"val_rmse":0.23429833900270655,"val_r_squared":-0.12142803470298347,"train_rmse":0.22432846457634972,"r2_val":-0.12796199912111383,"epoch":107,"val_loss":0.027447855829713604,"_runtime":1.351736,"val_mse":0.05489571165942721,"train_loss":0.025161630009591294,"mse_val":0.05521555975987678}