{"_step":19,"_wandb":{"runtime":0},"val_precision":0.10273224043715848,"train_f1_score":0.0899100899100899,"epoch":18,"train_recall":0.16666666666666666,"train_accuracy":0.3693570451436389,"train_loss":0.20005200017453517,"val_accuracy":0.5136612021857924,"val_recall":0.2,"val_f1_score":0.13574007220216605,"train_precision":0.061559507523939815,"_runtime":0.558973,"val_loss":0.20351546718037608,"_timestamp":1.728596330487923e+09}