{"_runtime":0.814218,"val_recall":0.016055045871559634,"_wandb":{"runtime":0},"_step":12,"hamming_loss":0.3404296875,"train_recall":0.0421172453044963,"val_hamming_loss":0.34375,"val_f1_score":0.030837004405286344,"val_accuracy":0.65625,"_timestamp":1.728640878955789e+09,"train_accuracy":0.66015625,"train_loss":4.9865228210507215,"val_loss":5.162722250673733,"val_precision":0.3888888888888889,"train_f1_score":0.07838983050847458,"epoch":11,"train_precision":0.5648854961832062,"train_hamming_loss":0.33984375}