{"rmse_train":0.09144021443678223,"train_mse":0.008361312816244717,"val_loss":0.02828290449305857,"mae_train":0.06643011339603945,"mae_val":0.17708323206999213,"_step":201,"val_mse":0.05656580898611714,"rmse_val":0.23783567643673045,"_timestamp":1.728681241740675e+09,"r2_train":0.7749504439500754,"mse_train":0.008361312816244717,"train_loss":0.004180656408122358,"train_rmse":0.09144021443678223,"val_r_squared":-0.15554534380086027,"epoch":199,"r2_val":-0.15554534380086027,"train_r_squared":0.7749504439500754,"_wandb":{"runtime":3},"mse_val":0.05656580898611714,"val_rmse":0.23783567643673045,"_runtime":3.16197}