{"val_f1_score":0.34534014442573213,"_runtime":1.085926,"train_f1_score":0.2807482960052083,"train_loss":0.15359840207551265,"val_loss":0.1689373606037468,"val_precision":0.3255546501722286,"_wandb":{"runtime":1},"val_accuracy":0.5628415300546448,"epoch":13,"_step":14,"train_precision":0.28455542478591195,"_timestamp":1.728599339857316e+09,"train_accuracy":0.600547195622435,"val_recall":0.36768617021276595,"train_recall":0.27704169504528836}