{"_runtime":1.767924,"val_loss":0.19479077980941856,"val_accuracy":0.4890829694323144,"_step":58,"_wandb":{"runtime":1},"train_loss":0.20133784063745533,"epoch":58,"train_accuracy":0.4540481400437637,"_timestamp":1.728594510467499e+09}