{"train_f1_score":0.28148846789819154,"train_recall":0.27967953686089386,"train_loss":0.15475568975578846,"train_precision":0.28332095113157707,"_runtime":3.54178,"val_f1_score":0.3531647313519605,"val_precision":0.33608411272082644,"val_accuracy":0.5846994535519126,"_timestamp":1.7285968539457622e+09,"_step":200,"train_accuracy":0.5978112175102599,"val_recall":0.37207446808510636,"_wandb":{"runtime":3},"val_loss":0.1735334520996853,"epoch":199}