{"_timestamp":1.7286813430269241e+09,"_runtime":2.002837,"mae_val":0.20490291500376032,"train_rmse":0.10985208773209146,"rmse_val":0.26659434013774946,"val_mse":0.07102559479708243,"val_r_squared":-0.4509347047188581,"val_rmse":0.26650627534278143,"r2_train":0.6773992516095355,"_step":82,"r2_val":-0.4518937618999632,"train_r_squared":0.6751967852798496,"train_loss":0.0060337405895495595,"train_mse":0.012067481179099119,"mae_train":0.08078636719815681,"val_loss":0.03551279739854121,"_wandb":{"runtime":2},"rmse_train":0.10947900479501606,"mse_val":0.07107254219348205,"epoch":80,"mse_train":0.01198565249090715}