{"epoch":99,"val_recall":0,"_timestamp":1.72864012591924e+09,"_step":100,"val_loss":5.140831243523667,"_runtime":4.56899,"train_accuracy":0.6568359375,"_wandb":{"runtime":4},"train_recall":0,"train_precision":0,"val_precision":0,"hamming_loss":0.3431640625,"val_accuracy":0.659375,"val_f1_score":0,"train_f1_score":0,"val_hamming_loss":0.340625,"train_loss":5.135869366123667,"train_hamming_loss":0.3431640625}