{"_runtime":130.56124,"_step":10,"train_loss":0.1501166210297098,"val_loss":0.05402920684440339,"val_acc":0.9646666666666667,"test_acc":0.9776086956521739,"_wandb":{"runtime":130},"_timestamp":1.730461038933722e+09}