{"train_precision":0.3029331140350877,"_step":37,"epoch":36,"_wandb":{"runtime":1},"val_loss":0.17076325951400753,"_runtime":1.510791,"train_accuracy":0.6374829001367989,"val_precision":0.3356250446205469,"train_loss":0.14823742193435682,"val_accuracy":0.5683060109289617,"train_recall":0.3148678534801976,"val_recall":0.3841755319148936,"_timestamp":1.728598402830221e+09,"train_f1_score":0.3087852055263738,"val_f1_score":0.3582629251609386}