{"_step":5,"test_hamming_score":0.41094202898550725,"train_hamming_score":0.41560846560846565,"train_exact_match_accuracy":0.09,"_wandb":{"runtime":316},"test_exact_match_accuracy":0.02217391304347826,"_runtime":316.755991,"val_exact_match_accuracy":0.03333333333333333,"val_hamming_score":0.38,"train_loss":0.22745706027534407,"val_loss":0.22112646952588508,"_timestamp":1.7305376652050931e+09}