{"train_recall":0.2068161535029005,"_step":24,"val_precision":0.24624017957351288,"_wandb":{"runtime":1},"train_accuracy":0.5362517099863201,"val_loss":0.19951608636531457,"val_f1_score":0.2536733005435733,"train_precision":0.17097749028063638,"val_accuracy":0.4426229508196721,"_timestamp":1.72859859119252e+09,"train_f1_score":0.18719693916121782,"_runtime":1.511056,"train_loss":0.2195937164217265,"val_recall":0.2615691489361702,"epoch":23}