{"_wandb":{"runtime":0},"_step":5,"_runtime":0.551549,"train_recall":0.7791690381331816,"train_f1_score":0.4853749335224251,"val_hamming_loss":0.57734375,"_timestamp":1.728608796014018e+09,"val_accuracy":0,"hamming_loss":0.34453125,"train_hamming_loss":0.5669921875,"train_loss":18.672820933327113,"val_recall":0.7522935779816514,"train_precision":0.35247167868177137,"val_loss":19.750264932904372,"val_precision":0.3420229405630866,"val_f1_score":0.47025089605734766,"epoch":4,"train_accuracy":0.0015625}