{"epoch":87,"_step":88,"train_loss":5.004692547217919,"_wandb":{"runtime":2},"train_precision":0.6166666666666667,"val_loss":5.111669509325394,"train_hamming_loss":0.3376953125,"val_f1_score":0.07547169811320754,"val_accuracy":0.65546875,"val_hamming_loss":0.34453125,"_runtime":2.774044,"train_recall":0.0421172453044963,"hamming_loss":0.337890625,"val_recall":0.04128440366972477,"train_accuracy":0.6623046875,"_timestamp":1.728641114301737e+09,"val_precision":0.43902439024390244,"train_f1_score":0.0788492274906766}