{"_step":201,"rmse_train":0.1605577649278251,"val_loss":0.03598855370026787,"train_loss":0.01288939793930937,"_runtime":2.605989,"mse_train":0.02577879587861874,"val_mse":0.07197710740053574,"_wandb":{"runtime":2},"rmse_val":0.2682854960681545,"r2_val":-0.47037252375116734,"train_mse":0.02577879587861874,"mse_val":0.07197710740053574,"train_rmse":0.1605577649278251,"train_r_squared":0.3061488434312182,"r2_train":0.3061488434312182,"epoch":199,"mae_val":0.2276626846691872,"mae_train":0.12169040305163056,"val_r_squared":-0.47037252375116734,"val_rmse":0.2682854960681545,"_timestamp":1.728681622574659e+09}