{"train_recall":0.0796812749003984,"hamming_loss":0.3306640625,"_runtime":1.555736,"_timestamp":1.728608221223928e+09,"train_loss":4.94004199317946,"train_precision":0.6481481481481481,"val_f1_score":0.09775967413441955,"epoch":53,"val_precision":0.43636363636363634,"val_hamming_loss":0.34609375,"train_f1_score":0.1419158641662443,"train_hamming_loss":0.3306640625,"val_accuracy":0.00625,"train_accuracy":0.021875,"val_recall":0.05504587155963303,"_step":54,"_wandb":{"runtime":1},"val_loss":5.135679180170526}