{"val_recall":0.2,"_runtime":0.529595,"train_precision":0.0756953944368445,"val_precision":0.05136612021857924,"_step":5,"val_loss":1.2605768865001847,"_timestamp":1.728599281237045e+09,"val_accuracy":0.2568306010928962,"epoch":4,"val_f1_score":0.08173913043478262,"_wandb":{"runtime":0},"train_f1_score":0.10410787080589524,"train_accuracy":0.454172366621067,"train_recall":0.16666666666666666,"train_loss":1.3780675728882923}