{"mae_val":0.1423499238346732,"val_mse":0.044055876920714825,"epoch":41,"train_loss":0.020627706789107872,"mse_val":0.04408182160586694,"mae_train":0.14442754293069643,"r2_train":-0.1091905015023944,"val_rmse":0.20989491875868463,"val_r_squared":0.10001174993731277,"_step":43,"train_mse":0.041255413578215744,"train_r_squared":-0.11041324663695629,"_timestamp":1.7286815937260969e+09,"rmse_train":0.2030024252926927,"mse_train":0.04120998467471528,"rmse_val":0.20995671364799684,"_wandb":{"runtime":2},"val_loss":0.022027938460357412,"train_rmse":0.2031142869869467,"r2_val":0.09948174319540848,"_runtime":2.718943}