{"_wandb":{"runtime":1},"train_precision":0.5909090909090909,"epoch":34,"val_recall":0.0045871559633027525,"_runtime":1.571345,"val_loss":5.159662933794622,"train_hamming_loss":0.3423828125,"_timestamp":1.728639614703615e+09,"val_precision":0.5,"hamming_loss":0.3423828125,"val_hamming_loss":0.340625,"train_accuracy":0.6576171875,"train_loss":5.10923465231813,"_step":35,"val_accuracy":0.659375,"train_f1_score":0.014614952220348513,"val_f1_score":0.009090909090909092,"train_recall":0.007398975526465566}