{"mse_train":0.19876197710616297,"val_rmse":0.4589078679145299,"rmse_val":0.4662922255315202,"mse_val":0.2174284395911381,"mae_val":0.4195112869811471,"train_rmse":0.4534483977247361,"val_loss":0.10529821561692983,"train_mse":0.20561544939913048,"r2_val":-3.4417011880991533,"epoch":6,"_wandb":{"runtime":0},"_runtime":0.568978,"_timestamp":1.7286823730854442e+09,"val_r_squared":-3.3021346268218403,"_step":8,"val_mse":0.21059643123385965,"train_r_squared":-4.5342583899477615,"r2_train":-4.349793231087037,"train_loss":0.10280772469956524,"mae_train":0.2879076180407046,"rmse_train":0.4458272951560536}