{"train_precision":0.27050907405092306,"train_loss":0.16335125033665443,"train_f1_score":0.24938174497827872,"_runtime":1.5786660000000001,"val_f1_score":0.2904711418701464,"_wandb":{"runtime":1},"_step":100,"val_precision":0.28550631003144245,"epoch":99,"val_accuracy":0.5519125683060109,"train_accuracy":0.5745554035567716,"val_loss":0.17528628718876302,"_timestamp":1.728596431193569e+09,"val_recall":0.2956117021276595,"train_recall":0.23131551547319887}