{"val_loss":0.17366969762542334,"_timestamp":1.728597289611107e+09,"val_f1_score":0.34856352622278697,"train_accuracy":0.612859097127223,"train_precision":0.2933206877375811,"_step":16,"epoch":15,"val_accuracy":0.5519125683060109,"val_recall":0.3694148936170213,"_wandb":{"runtime":0},"_runtime":0.880364,"train_recall":0.3059626419909658,"train_f1_score":0.29950832308800784,"val_precision":0.3299402762224711,"train_loss":0.15846448387217854}