{"val_f1_score":0,"train_loss":5.142438458025199,"val_precision":0,"train_hamming_loss":0.3431640625,"val_recall":0,"train_precision":0,"epoch":6,"val_accuracy":0.659375,"train_recall":0,"val_hamming_loss":0.340625,"_timestamp":1.728640851834249e+09,"hamming_loss":0.3431640625,"_wandb":{"runtime":0},"_step":7,"val_loss":5.138860711868506,"train_f1_score":0,"_runtime":0.514518,"train_accuracy":0.6568359375}