{"_step":200,"val_accuracy":0.2568306010928962,"train_loss":0.19492624618391208,"train_recall":0.16666666666666666,"train_accuracy":0.454172366621067,"val_precision":0.05136612021857924,"train_precision":0.0756953944368445,"val_recall":0.2,"_runtime":1.48639,"val_loss":0.21317250841548405,"_timestamp":1.728596277213129e+09,"val_f1_score":0.08173913043478262,"epoch":199,"train_f1_score":0.10410787080589524,"_wandb":{"runtime":1}}