{"val_f1_score":0,"val_loss":5.1393520992874295,"_wandb":{"runtime":0},"epoch":8,"_timestamp":1.728639365237346e+09,"train_f1_score":0,"_step":9,"val_accuracy":0.659375,"_runtime":0.48745,"val_precision":0,"train_loss":5.142090035454815,"train_precision":0,"train_hamming_loss":0.3431640625,"train_recall":0,"train_accuracy":0.6568359375,"val_recall":0,"hamming_loss":0.3431640625,"val_hamming_loss":0.340625}