{"val_recall":0.2,"train_f1_score":0.10410787080589524,"val_f1_score":0.08173913043478262,"_step":13,"val_loss":0.22326275545834268,"train_loss":0.2777150084792252,"train_precision":0.0756953944368445,"epoch":12,"val_precision":0.05136612021857924,"_runtime":0.498886,"train_recall":0.16666666666666666,"train_accuracy":0.454172366621067,"val_accuracy":0.2568306010928962,"_wandb":{"runtime":0},"_timestamp":1.7285981308864052e+09}