{"val_loss":0.16685303102344787,"train_recall":0.28966822455514063,"val_recall":0.3824468085106383,"_wandb":{"runtime":4},"train_f1_score":0.2917315688140519,"_step":200,"train_loss":0.14916362423468682,"_timestamp":1.728597106195186e+09,"epoch":199,"val_f1_score":0.3577546490156658,"val_accuracy":0.5792349726775956,"train_precision":0.29382451889555156,"train_accuracy":0.6101231190150479,"val_precision":0.33605754913639074,"_runtime":4.789322}