{"train_precision":0.20549890350877195,"_runtime":0.503289,"val_f1_score":0.24304483713765163,"epoch":17,"_step":18,"train_loss":0.15945497943577164,"train_f1_score":0.2194488273202135,"_timestamp":1.7285984405077069e+09,"val_precision":0.22687074829931975,"train_recall":0.2354306113342258,"train_accuracy":0.5718194254445964,"_wandb":{"runtime":0},"val_loss":0.1791631826588929,"val_accuracy":0.5573770491803278,"val_recall":0.26170212765957446}