{"epoch":199,"val_loss":0.20894810347667772,"train_accuracy":0.4582763337893297,"_wandb":{"runtime":8},"val_recall":0.2,"_step":200,"_runtime":8.675070999999999,"val_f1_score":0.08173913043478262,"train_loss":0.19286229753160436,"train_recall":0.1686337944370073,"val_precision":0.05136612021857924,"val_accuracy":0.2568306010928962,"train_precision":0.14318076745261213,"train_f1_score":0.1548684317987944,"_timestamp":1.728599072133686e+09}