{"val_loss":0.19751521121002608,"val_accuracy":0.4279475982532751,"_wandb":{"runtime":0},"epoch":5,"train_accuracy":0.3982494529540481,"_step":5,"_timestamp":1.7285958294229498e+09,"_runtime":0.730717,"train_loss":0.20245752560037378}