{"val_accuracy":0.0125,"_step":102,"train_precision":0.6103896103896104,"hamming_loss":0.33671875,"train_hamming_loss":0.3365234375,"train_accuracy":0.0140625,"_timestamp":1.728608610918476e+09,"epoch":101,"train_loss":5.016376981146021,"val_loss":5.086012882745068,"val_precision":0.5483870967741935,"_wandb":{"runtime":1},"val_f1_score":0.0728051391862955,"val_hamming_loss":0.33828125,"train_recall":0.053500284575981785,"train_f1_score":0.09837781266352695,"_runtime":1.600915,"val_recall":0.0389908256880734}