{"train_accuracy":0.6568359375,"val_f1_score":0,"epoch":10,"train_hamming_loss":0.3431640625,"val_loss":5.1393581215155475,"hamming_loss":0.3431640625,"train_loss":5.142089142931518,"train_precision":0,"_step":11,"val_recall":0,"val_hamming_loss":0.340625,"val_accuracy":0.659375,"_runtime":0.60689,"train_recall":0,"_timestamp":1.728640830316813e+09,"train_f1_score":0,"_wandb":{"runtime":0},"val_precision":0}