{"epoch":161,"mse_val":0.11236507785544601,"_step":163,"val_mse":0.11236374382157253,"train_mse":0.17857959976342197,"r2_train":-3.801987556728009,"rmse_val":0.3352090062266317,"train_rmse":0.42258679553841005,"_wandb":{"runtime":1},"train_loss":0.08928979988171099,"val_r_squared":-1.2954042965586794,"mae_train":0.36036256770669917,"train_r_squared":-3.806572906619393,"rmse_train":0.4223851788453408,"r2_val":-1.2954315486506869,"_runtime":1.422149,"val_loss":0.05618187191078627,"_timestamp":1.728681062397812e+09,"val_rmse":0.3352070163668603,"mse_train":0.17840923930821057,"mae_val":0.25976103612537654}