{"val_hamming_loss":0.52109375,"train_hamming_loss":0.5435546875,"train_precision":0.33703939008894535,"val_accuracy":0.47890625,"val_f1_score":0.450123660346249,"val_precision":0.35135135135135137,"_step":5,"train_loss":18.835287283289126,"train_f1_score":0.4326197757390418,"hamming_loss":0.3921875,"_runtime":0.516391,"val_recall":0.6261467889908257,"val_loss":18.411859090546674,"_wandb":{"runtime":0},"epoch":4,"train_recall":0.603870233352305,"train_accuracy":0.4564453125,"_timestamp":1.728641624572715e+09}