{"train_precision":0.6162790697674418,"train_hamming_loss":0.3353515625,"_runtime":2.090273,"train_accuracy":0.6646484375,"epoch":13,"train_loss":5.004668089076022,"val_loss":5.099207570148678,"train_recall":0.06033010813887308,"val_accuracy":0.6734375,"val_recall":0.06422018348623854,"_step":14,"_timestamp":1.728639686879427e+09,"val_f1_score":0.11814345991561184,"hamming_loss":0.3357421875,"val_precision":0.7368421052631579,"train_f1_score":0.10990150336962157,"val_hamming_loss":0.3265625,"_wandb":{"runtime":2}}