{"hamming_loss":0.3283203125,"train_recall":0.13261240751280592,"val_loss":5.1770374293144785,"val_accuracy":0.025,"train_hamming_loss":0.3255859375,"train_accuracy":0.0265625,"val_recall":0.0779816513761468,"train_loss":4.92034877235165,"epoch":8,"val_precision":0.44155844155844154,"val_hamming_loss":0.34765625,"_wandb":{"runtime":0},"val_f1_score":0.13255360623781676,"_timestamp":1.728610828973324e+09,"train_f1_score":0.21847163619315518,"_step":9,"train_precision":0.6196808510638298,"_runtime":0.535387}