{"val_loss":0.029609381817944494,"mse_train":0.03646758472010715,"_step":401,"val_r_squared":-0.2097407923908572,"_wandb":{"runtime":2},"train_r_squared":0.018453928008985154,"val_mse":0.05921876363588899,"rmse_val":0.24334905719128846,"val_rmse":0.24334905719128846,"r2_train":0.018453928008985154,"epoch":399,"mae_val":0.19018725827368801,"_runtime":2.597828,"mse_val":0.05921876363588899,"r2_val":-0.2097407923908572,"rmse_train":0.1909648782370914,"train_loss":0.018233792360053576,"_timestamp":1.72868186429511e+09,"train_mse":0.03646758472010715,"train_rmse":0.1909648782370914,"mae_train":0.13938821062526197}