{"_step":18,"val_loss":0.1895905826210172,"_wandb":{"runtime":1},"epoch":18,"train_accuracy":0.3982494529540481,"val_accuracy":0.4279475982532751,"_runtime":1.338263,"train_loss":0.1995184810110671,"_timestamp":1.7285956000164428e+09}