{"val_accuracy":0.01875,"train_precision":0.6186770428015564,"val_recall":0.06422018348623854,"epoch":33,"val_loss":5.107794443452054,"_runtime":2.759156,"_timestamp":1.728611049703655e+09,"train_hamming_loss":0.33125,"val_precision":0.5,"hamming_loss":0.331640625,"val_hamming_loss":0.340625,"train_loss":4.958399021943795,"train_accuracy":0.0296875,"_step":34,"train_recall":0.09049516220830962,"val_f1_score":0.11382113821138211,"train_f1_score":0.15789473684210525,"_wandb":{"runtime":2}}