{"val_hamming_loss":0.34140625,"val_loss":5.07738036767348,"epoch":36,"val_precision":0.4935064935064935,"_wandb":{"runtime":1},"train_recall":0.10187820147979511,"val_f1_score":0.14814814814814814,"_timestamp":1.72864049675943e+09,"train_accuracy":0.6681640625,"_runtime":1.4953020000000001,"train_hamming_loss":0.3318359375,"val_accuracy":0.65859375,"train_precision":0.5966666666666667,"hamming_loss":0.3326171875,"val_recall":0.0871559633027523,"_step":37,"train_loss":4.950479689194607,"train_f1_score":0.17403986387943607}