{"_runtime":1.460308,"val_recall":0.36542553191489363,"train_loss":0.15712910361455776,"train_precision":0.28672928941691617,"_step":91,"train_accuracy":0.6019151846785226,"val_f1_score":0.34666682277446037,"epoch":90,"train_recall":0.29191189710107485,"val_precision":0.32973999079613436,"val_accuracy":0.5628415300546448,"train_f1_score":0.2892973842107686,"val_loss":0.16905055482238818,"_timestamp":1.7285988584839969e+09,"_wandb":{"runtime":1}}