{"train_accuracy":0.0296875,"_step":21,"val_hamming_loss":0.3359375,"train_precision":0.652,"train_f1_score":0.16243148978574987,"hamming_loss":0.3279296875,"val_f1_score":0.13654618473895583,"train_loss":4.98872234859911,"train_hamming_loss":0.3283203125,"_timestamp":1.728608347089756e+09,"train_recall":0.09277177006260671,"val_accuracy":0.01875,"epoch":20,"_wandb":{"runtime":1},"val_precision":0.5483870967741935,"val_loss":5.101318702459904,"_runtime":1.043755,"val_recall":0.0779816513761468}