{"rmse_val":0.36789601583506437,"train_mse":0.41627650110271636,"mae_train":0.5821502790617077,"_step":101,"mae_val":0.280932927373085,"rmse_train":0.6451949326387463,"mse_train":0.41627650110271636,"val_loss":0.06767373923365697,"train_loss":0.20813825055135818,"_runtime":1.3806910000000001,"r2_val":-1.7649237470726682,"r2_train":-10.204322075496476,"train_r_squared":-10.204322075496476,"val_r_squared":-1.7649237470726682,"_timestamp":1.728681028665767e+09,"_wandb":{"runtime":1},"epoch":99,"mse_val":0.13534747846731393,"train_rmse":0.6451949326387463,"val_mse":0.13534747846731393,"val_rmse":0.36789601583506437}