{"train_accuracy":0,"epoch":99,"_runtime":1.502313,"val_accuracy":0,"train_loss":0.15303845068609956,"val_loss":0.16170894961706878,"_wandb":{"runtime":1},"_timestamp":1.728593209212047e+09,"_step":99}