{"Val Loss":0.1276064890490216,"_timestamp":1.730575224755389e+09,"_runtime":147.320637,"_step":15,"Test Loss":0.12780287306589685,"_wandb":{"runtime":147},"Train Loss":0.127234213482922}