{"_timestamp":1.728681713562512e+09,"_wandb":{"runtime":1},"epoch":328,"val_loss":0.01945864996983062,"train_loss":0.015360850668423258,"mse_train":0.03022139492324492,"r2_train":0.18657372829397834,"train_r_squared":0.17310769266722636,"mse_val":0.03916905264862233,"rmse_val":0.19791172943669189,"train_rmse":0.17527607177491888,"val_rmse":0.19727468144610255,"rmse_train":0.17384301804572114,"mae_val":0.1408889132439826,"val_r_squared":0.2049843263160236,"_step":330,"_runtime":1.461374,"train_mse":0.030721701336846517,"r2_val":0.19984143742530436,"mae_train":0.11650605283904228,"val_mse":0.03891729993966124}