{"val_loss":0.45551081901414664,"val_rmse":0.9544745350339595,"val_r_squared":-17.610655991568972,"train_loss":0.2559166787205053,"train_r_squared":-12.776289967270438,"_step":201,"mse_val":0.9110216380282933,"mse_train":0.5118333574410106,"r2_train":-12.776289967270438,"r2_val":-17.610655991568972,"train_mse":0.5118333574410106,"_wandb":{"runtime":1},"_runtime":1.3226200000000001,"val_mse":0.9110216380282933,"train_rmse":0.7154252982953639,"rmse_val":0.9544745350339595,"epoch":199,"_timestamp":1.728682442807137e+09,"mae_train":0.6914265407833029,"rmse_train":0.7154252982953639,"mae_val":0.8794082101829782}