{"val_accuracy":0.00625,"_runtime":1.994203,"train_precision":0.6309148264984227,"hamming_loss":0.328125,"val_hamming_loss":0.3484375,"_wandb":{"runtime":1},"val_f1_score":0.1423076923076923,"train_hamming_loss":0.326953125,"_step":81,"val_precision":0.44047619047619047,"val_loss":5.168545637986974,"_timestamp":1.728608272105669e+09,"val_recall":0.08486238532110092,"train_recall":0.11383039271485487,"train_loss":4.925770753172122,"train_accuracy":0.025,"epoch":80,"train_f1_score":0.19286403085824494}