{"_runtime":2.632739,"_timestamp":1.7286413204265118e+09,"val_loss":5.040707093958884,"train_hamming_loss":0.330078125,"val_accuracy":0.66796875,"train_accuracy":0.669921875,"train_f1_score":0.14904330312185296,"_wandb":{"runtime":2},"val_precision":0.6,"hamming_loss":0.3302734375,"_step":60,"val_recall":0.07568807339449542,"train_precision":0.6462882096069869,"train_recall":0.0842344906089926,"train_loss":5.021105299170309,"val_hamming_loss":0.33203125,"val_f1_score":0.13441955193482688,"epoch":59}