{"_wandb":{"runtime":1},"epoch":49,"val_recall":0.3525265957446808,"_timestamp":1.72859801140881e+09,"train_precision":0.2951027317986616,"train_f1_score":0.30174232971710296,"val_f1_score":0.32960459808835557,"val_accuracy":0.5300546448087432,"train_loss":0.15204226520511716,"val_precision":0.30948148148148147,"_step":50,"train_recall":0.30868757681799325,"train_accuracy":0.6196990424076607,"val_loss":0.17041628053322597,"_runtime":1.518335}