{"_timestamp":1.7304670425918689e+09,"val_acc":0.996,"test_acc":0.9852173913043478,"_wandb":{"runtime":2270},"_runtime":2270.244178,"_step":10,"train_loss":0.07006148612930388,"val_loss":0.025153041985678547}