{"train_recall":0.08537279453614115,"train_f1_score":0.14895729890764647,"train_hamming_loss":0.334765625,"val_precision":0.5666666666666667,"_step":49,"val_hamming_loss":0.334375,"train_precision":0.5836575875486382,"_wandb":{"runtime":1},"train_accuracy":0.665234375,"epoch":48,"_runtime":1.5206119999999999,"val_f1_score":0.1370967741935484,"train_loss":4.962605278087257,"_timestamp":1.728640593201477e+09,"val_accuracy":0.665625,"val_recall":0.0779816513761468,"val_loss":5.090181530830545,"hamming_loss":0.334375}