{"train_loss":4.961369304720823,"val_hamming_loss":0.33671875,"val_precision":0.5333333333333333,"val_f1_score":0.15655577299412915,"train_f1_score":0.17542168674698796,"epoch":29,"val_recall":0.09174311926605505,"val_loss":5.1204910278853095,"train_accuracy":0.025,"_timestamp":1.7286109809339678e+09,"train_recall":0.10358565737051793,"_step":30,"train_hamming_loss":0.3341796875,"_runtime":1.42912,"hamming_loss":0.3345703125,"train_precision":0.5723270440251572,"val_accuracy":0.04375,"_wandb":{"runtime":1}}