{"_wandb":{"runtime":3},"_step":90,"train_precision":0.28673177618268775,"val_precision":0.3354248366013072,"val_f1_score":0.351780891607965,"_timestamp":1.728596478332489e+09,"train_loss":0.15674344728984685,"epoch":89,"_runtime":3.219482,"val_recall":0.36981382978723404,"val_accuracy":0.5846994535519126,"train_recall":0.2895455114806203,"val_loss":0.16981492594354222,"train_f1_score":0.28813177465036205,"train_accuracy":0.6060191518467852}