{"hamming_loss":0.330859375,"val_accuracy":0.65703125,"train_f1_score":0.16312407315867525,"train_accuracy":0.6693359375,"val_f1_score":0.12723658051689862,"_wandb":{"runtime":1},"epoch":72,"val_loss":5.154150422294608,"val_hamming_loss":0.34296875,"_timestamp":1.728640431434838e+09,"val_precision":0.47761194029850745,"_runtime":1.412574,"train_precision":0.6203007518796992,"_step":73,"train_recall":0.09391007398975526,"train_loss":4.985398351555011,"train_hamming_loss":0.3306640625,"val_recall":0.07339449541284404}