{"train_exact_match_accuracy":0.10928571428571429,"_step":5,"test_exact_match_accuracy":0.024130434782608696,"_wandb":{"runtime":188},"val_loss":0.21073484103730383,"val_exact_match_accuracy":0.042333333333333334,"train_hamming_score":0.9053583453583454,"test_hamming_score":0.8988537549407114,"_runtime":188.578787,"val_hamming_score":0.8947676767676768,"_timestamp":1.7305332958913028e+09,"train_loss":0.20077915807363345}