{"val_accuracy":0.5683060109289617,"train_f1_score":0.2909447508113549,"val_f1_score":0.35069413341228184,"epoch":68,"train_accuracy":0.6087551299589603,"train_recall":0.29282373157346736,"train_loss":0.15684257111352612,"_wandb":{"runtime":2},"val_recall":0.3716755319148936,"_step":69,"_runtime":2.861837,"_timestamp":1.728597878954725e+09,"val_loss":0.17285487006640354,"train_precision":0.2890897302542667,"val_precision":0.3319549929676512}