{"train_loss":5.088357635349782,"train_hamming_loss":0.3412109375,"train_recall":0.01821286283437678,"_step":19,"epoch":18,"train_precision":0.5925925925925926,"val_hamming_loss":0.34765625,"val_precision":0.09090909090909091,"val_recall":0.0022935779816513763,"_wandb":{"runtime":0},"_runtime":0.912216,"val_accuracy":0.65234375,"hamming_loss":0.34140625,"train_accuracy":0.6587890625,"val_loss":5.182435369208116,"_timestamp":1.7286395115849128e+09,"train_f1_score":0.0353395913859746,"val_f1_score":0.0044742729306487695}