{"train_rmse":0.126730979520418,"train_mse":0.01606074117020461,"train_r_squared":0.5677158898821532,"_wandb":{"runtime":0},"val_rmse":0.24988529498656267,"rmse_train":0.126306633962396,"_runtime":0.438761,"train_loss":0.008030370585102305,"rmse_val":0.250003696126275,"r2_train":0.5706059603498239,"val_r_squared":-0.27559964336329434,"mse_val":0.06250184807679883,"mae_train":0.09249620605030329,"r2_val":-0.27680874398560085,"val_loss":0.031221330325260723,"val_mse":0.062442660650521446,"mse_train":0.01595336578291069,"_timestamp":1.728680867641933e+09,"epoch":12,"mae_val":0.1510357621117589,"_step":14}