{"_wandb":{"runtime":0},"_runtime":0.762209,"_step":5,"val_f1_score":0.13574007220216605,"_timestamp":1.7285968205372329e+09,"val_precision":0.10273224043715848,"train_f1_score":0.0899100899100899,"val_recall":0.2,"val_accuracy":0.5136612021857924,"val_loss":5.496404144294266,"train_accuracy":0.3693570451436389,"train_precision":0.061559507523939815,"train_recall":0.16666666666666666,"epoch":4,"train_loss":4.037537527785981}