{"train_recall":0.29834268849276246,"train_precision":0.2967963895382525,"val_recall":0.3716755319148936,"epoch":199,"_runtime":5.415739,"train_f1_score":0.29756753020736076,"val_f1_score":0.346378571947364,"_timestamp":1.7285995191394591e+09,"val_precision":0.32430569524345926,"_wandb":{"runtime":5},"train_loss":0.1496366684148577,"val_loss":0.17370355001941049,"val_accuracy":0.5519125683060109,"train_accuracy":0.6142270861833106,"_step":200}