{"_wandb":{"runtime":1},"mae_val":0.16106929394003408,"train_rmse":0.2128639135644274,"train_r_squared":-0.2195729238443318,"_timestamp":1.728682085800747e+09,"mae_train":0.14220277346817348,"val_r_squared":-0.013300602108906823,"mse_train":0.04411983847591948,"r2_train":-0.1875108945462831,"epoch":38,"mse_val":0.05013910557160775,"val_rmse":0.22271663470977954,"train_mse":0.04531104569796403,"_step":40,"r2_val":-0.024258488017571578,"val_loss":0.02480134968822469,"rmse_train":0.21004722915553892,"val_mse":0.04960269937644938,"train_loss":0.022655522848982014,"rmse_val":0.22391763122096425,"_runtime":1.375956}