{"val_accuracy":0.6065573770491803,"val_loss":0.16718045151062572,"_step":34,"epoch":33,"val_precision":0.34912280701754383,"val_recall":0.38882978723404255,"train_recall":0.2932670252158733,"_wandb":{"runtime":1},"train_precision":0.29599037936311645,"_timestamp":1.72859734963999e+09,"_runtime":1.469206,"train_f1_score":0.29462240906538456,"val_f1_score":0.3679080413257629,"train_accuracy":0.6114911080711354,"train_loss":0.15348160597120822}