{"train_hamming_loss":0.3412109375,"val_loss":5.144220318784441,"epoch":31,"val_recall":0.011467889908256881,"train_accuracy":0.6587890625,"_step":32,"train_recall":0.024473534433693798,"val_f1_score":0.022222222222222223,"val_hamming_loss":0.34375,"hamming_loss":0.34140625,"_wandb":{"runtime":1},"_timestamp":1.7286410511840582e+09,"val_accuracy":0.65625,"train_precision":0.5657894736842105,"val_precision":0.35714285714285715,"train_loss":5.018485096005288,"_runtime":1.54203,"train_f1_score":0.046917621385706494}