{"train_f1_score":0.29165061028536465,"_runtime":1.479905,"val_precision":0.3243078626799557,"val_loss":0.17133791931716325,"val_accuracy":0.5683060109289617,"train_loss":0.15372433842298874,"_wandb":{"runtime":1},"train_recall":0.29511789849456305,"val_recall":0.3594414893617021,"_step":42,"epoch":41,"val_f1_score":0.3409720267385104,"train_accuracy":0.6032831737346102,"_timestamp":1.728597609421273e+09,"train_precision":0.2882638490953285}