{"train_mse":0.041105155474951985,"mae_val":0.24859918000700537,"mse_train":0.0408478210994343,"val_r_squared":-1.3340217509050127,"_runtime":1.4664679999999999,"train_rmse":0.20274406396970537,"mae_train":0.1611552025403701,"_timestamp":1.728681183550237e+09,"rmse_val":0.3382420719289851,"mse_val":0.11440769922281271,"train_r_squared":-0.10636896314038435,"r2_train":-0.09944266002992985,"val_mse":0.1142541305189043,"val_loss":0.05712706525945215,"train_loss":0.020552577737475992,"r2_val":-1.337158903965061,"rmse_train":0.20210843896145034,"val_rmse":0.33801498564250715,"_wandb":{"runtime":1},"epoch":28,"_step":30}