{"val_acc":0.9996666666666667,"_wandb":{"runtime":22},"train_loss":0.15589309021657974,"val_loss":0.00032447732635826934,"_timestamp":1.7304578052195241e+09,"_runtime":22.554529,"_step":1,"test_acc":0.9997826086956522}