{"train_loss":0.28999140979674864,"test_hamming_score":0.393695652173913,"train_exact_match_accuracy":0.0380952380952381,"val_exact_match_accuracy":0.006,"_runtime":267.489653,"test_exact_match_accuracy":0,"val_hamming_score":0.3383333333333334,"_timestamp":1.730535826160505e+09,"_step":5,"val_loss":0.2679333119316304,"train_hamming_score":0.371005291005291,"_wandb":{"runtime":267}}