{"val_precision":0.5079365079365079,"_wandb":{"runtime":1},"train_f1_score":0.25089605734767023,"val_recall":0.14678899082568808,"val_f1_score":0.2277580071174377,"val_hamming_loss":0.3390625,"epoch":22,"_runtime":1.548397,"train_accuracy":0.0328125,"val_accuracy":0.01875,"train_loss":4.915579197302497,"train_precision":0.5894736842105263,"train_hamming_loss":0.3265625,"val_loss":5.1206454909193155,"hamming_loss":0.32734375,"_step":23,"train_recall":0.1593625498007968,"_timestamp":1.7286087804724932e+09}