{"train_precision":0.6269430051813472,"train_accuracy":0.025,"_step":33,"val_accuracy":0.01875,"val_loss":5.076088361711199,"epoch":32,"val_hamming_loss":0.33359375,"train_recall":0.0688673875924872,"val_f1_score":0.11226611226611227,"_runtime":1.52512,"val_precision":0.6,"val_recall":0.06192660550458716,"train_loss":5.01806880638664,"train_f1_score":0.12410256410256411,"hamming_loss":0.333984375,"_wandb":{"runtime":1},"_timestamp":1.728608432438842e+09,"train_hamming_loss":0.33359375}