{"val_f1_score":0.3407319118923076,"train_f1_score":0.2919519760444939,"_timestamp":1.728597768820212e+09,"epoch":37,"train_recall":0.2949417553253952,"val_accuracy":0.5409836065573771,"_runtime":1.9732509999999999,"val_loss":0.16852580899295583,"train_precision":0.2890222023629349,"_step":38,"train_loss":0.14894496528315487,"val_recall":0.3651595744680851,"_wandb":{"runtime":1},"train_accuracy":0.6073871409028728,"val_precision":0.3193675462738114}