{"train_recall":0.16666666666666666,"val_recall":0.2,"train_accuracy":0.454172366621067,"val_loss":0.2205685179087986,"val_accuracy":0.2568306010928962,"val_precision":0.05136612021857924,"train_f1_score":0.10410787080589524,"_timestamp":1.728597792085678e+09,"train_loss":0.2746259292539525,"val_f1_score":0.08173913043478262,"epoch":5,"train_precision":0.0756953944368445,"_step":6,"_wandb":{"runtime":1},"_runtime":1.6906590000000001}