{"_runtime":0.58533,"hamming_loss":0.328125,"val_hamming_loss":0.34921875,"_step":16,"epoch":15,"val_accuracy":0.65078125,"train_precision":0.6173469387755102,"_wandb":{"runtime":0},"_timestamp":1.728640815299306e+09,"train_accuracy":0.6748046875,"train_recall":0.1377347751849744,"val_recall":0.09174311926605505,"train_hamming_loss":0.3251953125,"train_f1_score":0.22522103303862262,"val_loss":5.138375375329136,"train_loss":4.90471864141198,"val_f1_score":0.15180265654648956,"val_precision":0.43956043956043955}