{"train_precision":0.295133246086654,"epoch":42,"val_f1_score":0.3391972118965018,"train_accuracy":0.6101231190150479,"train_recall":0.28727874460806185,"val_accuracy":0.5628415300546448,"val_recall":0.35744680851063826,"_wandb":{"runtime":2},"_runtime":2.679888,"val_precision":0.32272057755741346,"train_f1_score":0.2911530318142723,"val_loss":0.1712038506401181,"_step":43,"_timestamp":1.728598708322894e+09,"train_loss":0.1546494836218928}