{"val_mse":0.3448065527873492,"mse_train":0.33383283838493727,"rmse_val":0.5875983857750762,"_timestamp":1.728682214617682e+09,"mse_val":0.3452718629654752,"_wandb":{"runtime":1},"mae_val":0.5348156280205043,"_runtime":1.3434650000000001,"r2_train":-7.985303351819667,"val_r_squared":-6.043824064873452,"_step":93,"mae_train":0.46974960426093526,"val_rmse":0.5872023099301885,"train_mse":0.3390136946086309,"r2_val":-6.0533295774683245,"val_loss":0.1724032763936746,"rmse_train":0.5777826913164994,"epoch":91,"train_loss":0.16950684730431545,"train_rmse":0.5822488253389876,"train_r_squared":-8.124749084651892}