{"epoch":199,"_step":200,"train_accuracy":0.6046511627906976,"train_loss":0.15534683099046548,"val_recall":0.32619680851063826,"train_f1_score":0.28132034423929003,"val_f1_score":0.3137210356588525,"train_recall":0.27480624251391533,"_wandb":{"runtime":3},"train_precision":0.2881507692171001,"_timestamp":1.7285964567262578e+09,"_runtime":3.177636,"val_loss":0.17262020974041145,"val_precision":0.30216440959847946,"val_accuracy":0.546448087431694}