{"val_loss":0.04150883059514027,"train_rmse":0.16628889313411688,"train_loss":0.01382599798988487,"mae_val":0.23718881985305967,"train_r_squared":0.2557305825167746,"val_rmse":0.28812785563058724,"epoch":399,"_step":401,"rmse_train":0.16628889313411688,"_wandb":{"runtime":3},"mse_train":0.02765199597976974,"rmse_val":0.28812785563058724,"r2_val":-0.6959126645781761,"val_r_squared":-0.6959126645781761,"_timestamp":1.728681334638106e+09,"train_mse":0.02765199597976974,"val_mse":0.08301766119028053,"r2_train":0.2557305825167746,"mse_val":0.08301766119028053,"mae_train":0.12450160909220101,"_runtime":3.998662}