{"_wandb":{"runtime":1},"mse_train":0.05206713879665415,"_step":339,"mae_val":0.15581596472692663,"train_rmse":0.22942777401134012,"r2_val":-0.007731217043341676,"val_r_squared":-0.0067432432886465055,"mse_val":0.04933006899160212,"_runtime":1.450139,"train_r_squared":-0.41675799387246615,"rmse_train":0.2281822490831707,"val_loss":0.024640853041135,"val_mse":0.04928170608227,"mae_train":0.15554923154548933,"train_mse":0.05263710348779855,"epoch":337,"r2_train":-0.40141706553679035,"rmse_val":0.22210373475383552,"_timestamp":1.728682101024409e+09,"val_rmse":0.2219948334585064,"train_loss":0.026318551743899275}