{"_runtime":1.410494,"_wandb":{"runtime":1},"val_r_squared":-0.009408180637212382,"mse_train":0.0314091003442302,"_step":133,"r2_val":-0.009520591407883083,"train_rmse":0.177603455936396,"train_mse":0.03154298756055136,"rmse_val":0.22230083615182547,"_timestamp":1.7286823025512068e+09,"val_loss":0.024706079532604005,"epoch":131,"train_loss":0.01577149378027568,"val_rmse":0.22228845913633935,"train_r_squared":0.15100230035663154,"mse_val":0.04941766175380076,"r2_train":0.15460595199077387,"rmse_train":0.17722612771324153,"mae_val":0.17113103938968222,"mae_train":0.12679455970389683,"val_mse":0.04941215906520801}