{"_timestamp":1.728607981220425e+09,"hamming_loss":0.34296875,"train_hamming_loss":0.34296875,"train_f1_score":0.0022727272727272726,"val_recall":0.0045871559633027525,"_runtime":0.566372,"val_loss":5.218410585201544,"train_accuracy":0.0015625,"_wandb":{"runtime":0},"epoch":9,"val_precision":0.4,"train_loss":5.133759441897875,"train_recall":0.0011383039271485487,"train_precision":0.6666666666666666,"val_f1_score":0.009070294784580499,"val_accuracy":0,"_step":10,"val_hamming_loss":0.34140625}