{"train_recall":0.004553215708594195,"val_hamming_loss":0.33984375,"_runtime":2.090251,"train_accuracy":0.003125,"train_hamming_loss":0.341796875,"val_f1_score":0.004576659038901602,"_wandb":{"runtime":2},"train_f1_score":0.009060022650056626,"_timestamp":1.728608650264438e+09,"train_loss":5.067844525608319,"_step":100,"val_loss":5.095888949144102,"val_accuracy":0,"hamming_loss":0.341796875,"epoch":99,"train_precision":0.8888888888888888,"val_precision":1,"val_recall":0.0022935779816513763}