{"_step":5,"_wandb":{"runtime":0},"val_recall":0.2,"train_recall":0.16666666666666666,"train_accuracy":0.3693570451436389,"val_accuracy":0.5136612021857924,"epoch":4,"val_precision":0.10273224043715848,"val_loss":1.3450026615984811,"train_precision":0.061559507523939815,"train_loss":1.6535034046973864,"train_f1_score":0.0899100899100899,"_timestamp":1.728597311517963e+09,"_runtime":0.6042,"val_f1_score":0.13574007220216605}