{"train_recall":0.14570290267501423,"_wandb":{"runtime":0},"train_precision":0.5885057471264368,"train_accuracy":0.034375,"train_loss":4.881912108847653,"val_f1_score":0.16287878787878787,"epoch":8,"train_hamming_loss":0.328125,"_step":9,"hamming_loss":0.32734375,"train_f1_score":0.23357664233576642,"val_loss":5.180944904531867,"val_precision":0.4673913043478261,"val_recall":0.09862385321100918,"_timestamp":1.728609302977782e+09,"_runtime":0.682349,"val_accuracy":0.0375,"val_hamming_loss":0.3453125}