{"val_accuracy":0.659375,"train_f1_score":0,"_timestamp":1.728641501763811e+09,"train_hamming_loss":0.3431640625,"_step":29,"val_hamming_loss":0.340625,"val_f1_score":0,"val_loss":5.14292475009991,"_runtime":2.027958,"val_precision":0,"train_loss":5.1368115166275885,"train_precision":0,"train_recall":0,"hamming_loss":0.3431640625,"_wandb":{"runtime":2},"val_recall":0,"epoch":28,"train_accuracy":0.6568359375}