{"_step":99,"_runtime":1.249265,"epoch":99,"_wandb":{"runtime":1},"val_loss":0.16088832248719587,"val_accuracy":0.6419213973799127,"train_loss":0.15312552220355855,"_timestamp":1.728594039304628e+09,"train_accuracy":0.5908096280087527}