{"_runtime":2943.507417,"_step":10,"val_acc":0.9966666666666667,"test_acc":0.9980434782608696,"_wandb":{"runtime":2943},"train_loss":0.020985004634188075,"val_loss":0.007543721754803934,"_timestamp":1.7304703306990342e+09}