{"val_f1_score":0.08173913043478262,"_step":10,"val_precision":0.05136612021857924,"_runtime":0.537132,"train_precision":0.0756953944368445,"_wandb":{"runtime":0},"val_recall":0.2,"train_loss":0.2748227748225132,"train_recall":0.16666666666666666,"val_loss":0.22162563196488183,"val_accuracy":0.2568306010928962,"train_accuracy":0.454172366621067,"_timestamp":1.728598054722826e+09,"epoch":9,"train_f1_score":0.10410787080589524}