{"_step":88,"val_loss":0.1636734512055576,"_wandb":{"runtime":3},"epoch":88,"train_accuracy":0.5984682713347921,"_timestamp":1.728595001330289e+09,"train_loss":0.1555599978407914,"val_accuracy":0.6506550218340611,"_runtime":3.158723}