{"train_f1_score":0.30284778043834365,"_runtime":1.3947530000000001,"epoch":21,"val_accuracy":0.5355191256830601,"train_recall":0.31643454911262986,"val_recall":0.3670212765957447,"val_f1_score":0.3438117500521658,"val_loss":0.1738403819795537,"_timestamp":1.7285982003316638e+09,"val_precision":0.32336306205871423,"train_accuracy":0.6169630642954856,"_wandb":{"runtime":1},"_step":22,"train_precision":0.290379729089632,"train_loss":0.15831458491142572}