{"train_hamming_loss":0.3298828125,"train_loss":4.9763317709690735,"_step":48,"train_precision":0.6188811188811189,"val_hamming_loss":0.3421875,"val_accuracy":0.0125,"_wandb":{"runtime":1},"hamming_loss":0.33046875,"_timestamp":1.728611017804632e+09,"epoch":47,"_runtime":1.66421,"val_recall":0.07110091743119266,"val_precision":0.484375,"train_accuracy":0.025,"train_f1_score":0.17327459618208516,"train_recall":0.10073989755264656,"val_loss":5.1258851602724524,"val_f1_score":0.124}