{"mae_val":0.23476019856389613,"_runtime":0.585223,"rmse_val":0.2717253970831902,"mse_train":0.027023444814715823,"val_rmse":0.27120317768665186,"r2_val":-0.5083198739774801,"val_loss":0.03677558179366883,"train_mse":0.027096078737964952,"train_r_squared":0.2706934156529298,"train_loss":0.013548039368982476,"mse_val":0.07383469142001739,"r2_train":0.2726483995819634,"train_rmse":0.16460886591543286,"mae_train":0.12567683964970702,"_wandb":{"runtime":0},"epoch":5,"val_mse":0.07355116358733765,"_timestamp":1.728681724963872e+09,"val_r_squared":-0.5025278721876458,"_step":7,"rmse_train":0.1643880920709156}