{"epoch":199,"val_f1_score":0.24569633980454716,"_runtime":5.288463,"train_recall":0.22327829837869997,"val_loss":0.18016628623981906,"_timestamp":1.7285989928065972e+09,"train_precision":0.1831588551293446,"train_loss":0.1672383593189278,"train_accuracy":0.5663474692202463,"train_f1_score":0.20123848006164846,"val_precision":0.21348148148148147,"_step":200,"_wandb":{"runtime":5},"val_recall":0.28936170212765955,"val_accuracy":0.5409836065573771}