{"train_recall":0.10187820147979511,"epoch":73,"val_hamming_loss":0.35,"train_precision":0.6151202749140894,"train_loss":4.901741293981459,"val_loss":5.2112283223383535,"hamming_loss":0.3302734375,"_wandb":{"runtime":1},"_runtime":1.6848070000000002,"_timestamp":1.72863948495061e+09,"val_precision":0.40625,"train_hamming_loss":0.330078125,"train_f1_score":0.17480468750000003,"val_f1_score":0.10400000000000001,"val_recall":0.05963302752293578,"train_accuracy":0.669921875,"val_accuracy":0.65,"_step":74}