{"_wandb":{"runtime":82},"_runtime":82.136653,"_step":10,"Train Loss":0.009946965230176288,"Val Loss":0.009967127761501035,"_timestamp":1.730574816130037e+09,"Test Loss":0.009970746507310564}