{"val_f1_score":0.07515657620041753,"train_hamming_loss":0.3341796875,"val_recall":0.04128440366972477,"val_accuracy":0.65390625,"hamming_loss":0.334375,"_runtime":1.554854,"val_precision":0.4186046511627907,"epoch":42,"train_loss":5.013914024615959,"train_precision":0.6045454545454545,"val_hamming_loss":0.34609375,"train_f1_score":0.1345472938796156,"_wandb":{"runtime":1},"_step":43,"train_recall":0.07569721115537849,"_timestamp":1.728640964858764e+09,"val_loss":5.158898533075389,"train_accuracy":0.6658203125}