{"hamming_loss":0.3294921875,"train_loss":4.9232907165538835,"train_precision":0.6297709923664122,"_wandb":{"runtime":0},"_timestamp":1.7286408091535249e+09,"epoch":8,"val_precision":0.4647887323943662,"train_accuracy":0.6701171875,"val_hamming_loss":0.34453125,"_step":9,"val_loss":5.151929922940171,"val_f1_score":0.13017751479289943,"_runtime":0.704914,"val_accuracy":0.65546875,"train_hamming_loss":0.3298828125,"val_recall":0.07568807339449542,"train_f1_score":0.16344725111441308,"train_recall":0.09391007398975526}