{"val_precision":0,"_wandb":{"runtime":0},"train_recall":0,"hamming_loss":0.3431640625,"val_recall":0,"train_accuracy":0,"train_precision":0,"val_hamming_loss":0.340625,"train_hamming_loss":0.3431640625,"train_loss":5.1425979954852945,"epoch":9,"val_accuracy":0,"_runtime":0.542558,"_timestamp":1.728608482324617e+09,"train_f1_score":0,"val_loss":5.138832238177348,"_step":10,"val_f1_score":0}