{"val_mse":0.25535076191190126,"r2_val":-4.226049814547801,"mse_train":0.32700622013015285,"_runtime":1.556681,"mae_train":0.5278272209963973,"train_rmse":0.5771460113286886,"mse_val":0.25582357035795256,"_step":62,"val_rmse":0.5053224336123434,"train_r_squared":-7.965511790199663,"train_mse":0.3330975183926147,"train_loss":0.16654875919630735,"r2_train":-7.80156098488218,"mae_val":0.45815497111904996,"_wandb":{"runtime":1},"val_r_squared":-4.216391124817432,"val_loss":0.12767538095595063,"rmse_train":0.5718445769001861,"_timestamp":1.728680807398651e+09,"rmse_val":0.5057900457284155,"epoch":60}