{"train_accuracy":0.6568359375,"_wandb":{"runtime":1},"train_precision":0,"_timestamp":1.728641096617801e+09,"val_accuracy":0.659375,"val_precision":0,"val_f1_score":0,"val_recall":0,"epoch":29,"_runtime":1.752041,"_step":30,"train_hamming_loss":0.3431640625,"train_loss":5.141978517768506,"train_f1_score":0,"val_hamming_loss":0.340625,"hamming_loss":0.3431640625,"val_loss":5.139003126392303,"train_recall":0}