{"val_f1_score":0.125,"train_f1_score":0.1933916423712342,"val_hamming_loss":0.35,"val_accuracy":0.0125,"train_loss":4.89546250887592,"_wandb":{"runtime":0},"val_recall":0.07339449541284404,"val_precision":0.42105263157894735,"epoch":11,"train_recall":0.11326124075128059,"_step":12,"train_precision":0.6611295681063123,"hamming_loss":0.3271484375,"val_loss":5.149564229631375,"_timestamp":1.728608007559985e+09,"train_hamming_loss":0.32421875,"train_accuracy":0.021875,"_runtime":0.491393}