{"_wandb":{"runtime":1},"_timestamp":1.728596195778848e+09,"val_accuracy":0.5737704918032787,"train_loss":0.15538026798924615,"train_accuracy":0.5882352941176471,"_step":100,"train_recall":0.24772227310802664,"epoch":99,"train_f1_score":0.2596463087427778,"val_precision":0.32794694000602953,"val_f1_score":0.32518714118316583,"train_precision":0.27277631289826415,"val_recall":0.3224734042553192,"val_loss":0.17409671920209754,"_runtime":1.403669}