{"epoch":99,"mae_train":0.25019781093236537,"val_loss":0.0373856837733466,"mse_train":0.09120526001149518,"mae_val":0.18980691199566335,"_wandb":{"runtime":1},"train_r_squared":-1.4548421672642986,"mse_val":0.0747713675466932,"train_mse":0.09120526001149518,"train_rmse":0.30200208610454193,"val_r_squared":-0.5274546084792939,"_timestamp":1.728680948954109e+09,"r2_train":-1.4548421672642986,"rmse_val":0.27344353630446855,"val_rmse":0.27344353630446855,"_runtime":1.655523,"r2_val":-0.5274546084792939,"_step":101,"val_mse":0.0747713675466932,"rmse_train":0.30200208610454193,"train_loss":0.04560263000574759}