{"epoch":23,"_timestamp":1.7286397757817442e+09,"train_accuracy":0.666015625,"val_loss":5.1084276758410985,"_wandb":{"runtime":1},"_runtime":1.7869730000000001,"val_precision":0.5909090909090909,"hamming_loss":0.333984375,"train_f1_score":0.12217659137577001,"val_recall":0.05963302752293578,"train_hamming_loss":0.333984375,"val_f1_score":0.10833333333333335,"val_accuracy":0.665625,"val_hamming_loss":0.334375,"train_loss":5.003240924441404,"_step":24,"train_precision":0.6230366492146597,"train_recall":0.06772908366533864}