{"val_rmse":0.24161149085170672,"train_rmse":0.20492958996536273,"_runtime":1.459232,"r2_val":-0.19252683221612066,"epoch":199,"train_loss":0.020998068421685848,"mse_val":0.05837611251158435,"mae_train":0.14863871832268666,"rmse_val":0.24161149085170672,"val_loss":0.029188056255792176,"train_r_squared":-0.130350240461099,"mae_val":0.19824265404604705,"mse_train":0.041996136843371695,"val_r_squared":-0.19252683221612066,"val_mse":0.05837611251158435,"rmse_train":0.20492958996536273,"_step":201,"train_mse":0.041996136843371695,"_timestamp":1.728681978149964e+09,"r2_train":-0.130350240461099,"_wandb":{"runtime":1}}