{"train_hamming_score":0.9382539682539682,"_wandb":{"runtime":226},"test_hamming_score":0.7907246376811594,"train_loss":0.06604284196524753,"_runtime":226.066569,"_timestamp":1.730535550208471e+09,"_step":5,"val_hamming_score":0.8515555555555556,"test_exact_match_accuracy":0.4647826086956522,"train_exact_match_accuracy":0.8277777777777777,"val_loss":0.10620128319777072,"val_exact_match_accuracy":0.6203333333333333}