{"val_rmse":0.68193306393537,"train_rmse":0.6816916098182111,"r2_train":-11.507761354885584,"rmse_val":0.68193306393537,"_timestamp":1.728682356058725e+09,"mae_val":0.5829961090479797,"rmse_train":0.6816916098182111,"epoch":199,"val_mse":0.4650327036882815,"mae_train":0.6317056166704677,"val_r_squared":-8.499844253867275,"_wandb":{"runtime":1},"_step":201,"val_loss":0.23251635184414074,"mse_val":0.4650327036882815,"train_mse":0.46470345089654413,"train_loss":0.23235172544827207,"train_r_squared":-11.507761354885584,"mse_train":0.46470345089654413,"r2_val":-8.499844253867275,"_runtime":1.562131}