{"val_accuracy":0.01875,"_wandb":{"runtime":3},"train_recall":0.09163346613545817,"val_loss":5.111465510618464,"val_recall":0.0779816513761468,"epoch":35,"train_f1_score":0.15753424657534246,"_runtime":3.194031,"train_hamming_loss":0.336328125,"val_f1_score":0.13654618473895583,"_timestamp":1.728610899107959e+09,"val_hamming_loss":0.3359375,"train_loss":4.999360850304587,"hamming_loss":0.3365234375,"_step":36,"train_accuracy":0.01875,"train_precision":0.5609756097560976,"val_precision":0.5483870967741935}