{"_wandb":{"runtime":293},"val_loss":0.1585331049529796,"train_exact_match_accuracy":0.6338095238095238,"train_hamming_score":0.8574603174603175,"val_exact_match_accuracy":0.389,"val_hamming_score":0.7292222222222222,"test_exact_match_accuracy":0.33760869565217394,"test_hamming_score":0.6748550724637681,"_timestamp":1.730536700911648e+09,"_runtime":293.163409,"_step":5,"train_loss":0.09036189814093452}