{"val_recall":0.09403669724770643,"val_loss":5.10069256364216,"train_hamming_loss":0.3298828125,"train_precision":0.6180555555555556,"hamming_loss":0.3298828125,"train_loss":4.989775045718754,"_wandb":{"runtime":1},"val_hamming_loss":0.33046875,"train_recall":0.10130904951622083,"val_precision":0.5942028985507246,"train_f1_score":0.1740831295843521,"val_f1_score":0.16237623762376238,"_timestamp":1.7286396800308712e+09,"epoch":22,"_step":23,"_runtime":1.414517,"val_accuracy":0.66953125,"train_accuracy":0.6701171875}