{"train_f1_score":0.2782404262513944,"train_loss":0.1578031129072569,"_step":100,"_wandb":{"runtime":1},"train_precision":0.28686835827369334,"val_accuracy":0.5901639344262295,"_timestamp":1.728596840115128e+09,"train_accuracy":0.5909712722298222,"val_recall":0.339095744680851,"val_f1_score":0.3345440179777954,"_runtime":1.4967920000000001,"val_loss":0.1685517288506237,"epoch":99,"val_precision":0.3301128695865538,"train_recall":0.2701163327775038}