{"train_f1_score":0.2884117643064677,"val_loss":0.17179085077033918,"train_precision":0.2863673989175422,"val_precision":0.325,"_timestamp":1.7285974033803751e+09,"epoch":104,"_step":105,"train_accuracy":0.6032831737346102,"_runtime":1.418001,"val_recall":0.3569148936170213,"val_f1_score":0.340210608424337,"train_loss":0.1577779949033514,"val_accuracy":0.5573770491803278,"train_recall":0.29048552886007967,"_wandb":{"runtime":1}}