{"hamming_loss":0.3328125,"_step":61,"val_recall":0.09862385321100918,"_wandb":{"runtime":1},"train_f1_score":0.16894531249999997,"val_precision":0.5375,"val_loss":5.0926593100905695,"train_accuracy":0.667578125,"_timestamp":1.728639441617996e+09,"epoch":60,"train_precision":0.5945017182130584,"val_accuracy":0.6640625,"val_hamming_loss":0.3359375,"train_hamming_loss":0.332421875,"train_recall":0.09846328969834946,"val_f1_score":0.16666666666666669,"_runtime":1.525174,"train_loss":4.971888583597341}