{"val_accuracy":0.6671875,"val_loss":5.119137976682981,"val_precision":0.5694444444444444,"_wandb":{"runtime":0},"val_hamming_loss":0.3328125,"train_accuracy":0.671875,"train_precision":0.6135693215339233,"val_recall":0.09403669724770643,"_runtime":0.820708,"train_recall":0.11838360842344905,"_timestamp":1.7286407770991402e+09,"epoch":16,"train_f1_score":0.19847328244274806,"train_loss":4.920492794719545,"hamming_loss":0.32890625,"_step":17,"val_f1_score":0.16141732283464566,"train_hamming_loss":0.328125}