{"mse_val":0.055653951902691824,"rmse_train":0.16707010823305787,"_wandb":{"runtime":1},"val_r_squared":-0.13691762105013372,"mse_train":0.02791242106500567,"_runtime":1.389412,"r2_val":-0.13691762105013372,"_step":201,"epoch":199,"val_rmse":0.23591089822789413,"mae_val":0.18734176109826442,"train_loss":0.013956210532502835,"_timestamp":1.72868113660179e+09,"rmse_val":0.23591089822789413,"train_rmse":0.16707010823305787,"val_loss":0.027826975951345912,"r2_train":0.24872109117197727,"val_mse":0.055653951902691824,"train_mse":0.02791242106500567,"mae_train":0.11548223917256241,"train_r_squared":0.24872109117197727}