{"hamming_loss":0.5251953125,"epoch":5,"train_recall":0.26920887877063177,"_runtime":0.639267,"val_accuracy":0.5796875,"val_hamming_loss":0.4203125,"_wandb":{"runtime":0},"val_recall":0.26146788990825687,"train_precision":0.3503703703703704,"train_hamming_loss":0.4220703125,"train_accuracy":0.5779296875,"_step":6,"train_loss":17.023810261119184,"val_loss":16.496361814890854,"val_precision":0.34545454545454546,"val_f1_score":0.29765013054830286,"_timestamp":1.72864033459641e+09,"train_f1_score":0.30447376890891537}