{"val_f1_score":0.01360544217687075,"_step":19,"val_hamming_loss":0.33984375,"val_loss":5.160380827232389,"train_accuracy":0.6583984375,"hamming_loss":0.342578125,"epoch":18,"train_f1_score":0.02345058626465662,"_timestamp":1.728641138901549e+09,"train_precision":0.6176470588235294,"train_recall":0.01195219123505976,"val_accuracy":0.66015625,"train_hamming_loss":0.3416015625,"train_loss":5.073491793513109,"val_precision":0.6,"val_recall":0.006880733944954129,"_runtime":0.604215,"_wandb":{"runtime":0}}