{"train_recall":0.19408081957882756,"_timestamp":1.728641738113405e+09,"val_accuracy":0.640625,"_runtime":0.889942,"train_f1_score":0.28667507356031946,"train_loss":4.904786731569243,"val_recall":0.13990825688073394,"train_hamming_loss":0.3314453125,"epoch":11,"val_loss":5.129206382533471,"val_precision":0.4178082191780822,"_step":12,"train_accuracy":0.6685546875,"val_f1_score":0.20962199312714774,"val_hamming_loss":0.359375,"_wandb":{"runtime":0},"hamming_loss":0.334375,"train_precision":0.5482315112540193}