{"_wandb":{"runtime":134},"train_loss":0.11566646398059305,"val_loss":0.028609685302573316,"_timestamp":1.730461602582678e+09,"_runtime":134.288794,"_step":10,"val_acc":0.9966666666666667,"test_acc":0.9923913043478261}