{"val_rmse":0.27518413088763866,"mse_val":0.07722979128614772,"val_loss":0.03786315294619252,"mae_train":0.19820240380814608,"val_r_squared":-0.5469624097245995,"mae_val":0.2183776872595505,"rmse_train":0.2754348016569402,"train_loss":0.03955491626911509,"_timestamp":1.728681388895676e+09,"r2_train":-1.0419321885920985,"val_mse":0.07572630589238503,"train_r_squared":-1.1292867619212772,"train_mse":0.07910983253823017,"mse_train":0.07586432996379798,"epoch":15,"r2_val":-0.5776761142994156,"rmse_val":0.277902485210456,"_step":17,"_wandb":{"runtime":0},"train_rmse":0.28126470190592734,"_runtime":0.650781}