{"_runtime":42.559424665,"_step":9,"_wandb":{"runtime":43},"Train Loss":0.12930807794332505,"Val Loss":0.12878582522178153,"_timestamp":1.730549573195049e+09}