{"rmse_train":0.33060652041515487,"train_mse":0.10930067134101622,"_runtime":1.4259330000000001,"val_mse":0.3256579172628434,"_timestamp":1.7286821550214841e+09,"rmse_val":0.570664452426155,"mae_val":0.4795307241315222,"val_r_squared":-5.652649307240037,"val_rmse":0.570664452426155,"mae_train":0.2573146851876043,"mse_val":0.3256579172628434,"_wandb":{"runtime":1},"mse_train":0.10930067134101622,"r2_val":-5.652649307240037,"train_loss":0.05465033567050811,"train_r_squared":-1.9418905980247794,"epoch":199,"_step":201,"val_loss":0.1628289586314217,"train_rmse":0.33060652041515487,"r2_train":-1.9418905980247794}