{"val_f1_score":0.012698412698412698,"_timestamp":1.7285966589306052e+09,"val_accuracy":0.03278688524590164,"val_loss":2.9367817050216103,"_step":5,"_runtime":0.499823,"epoch":4,"val_recall":0.2,"val_precision":0.006557377049180328,"train_accuracy":0.03146374829001368,"train_recall":0.16666666666666666,"train_precision":0.005243958048335613,"train_loss":2.1494008013299157,"train_f1_score":0.010167992926613618,"_wandb":{"runtime":0}}