{"r2_train":-1.3343625853360304,"_step":47,"val_r_squared":-0.4818880292855712,"_runtime":1.427522,"train_mse":0.08772864722488892,"mae_train":0.22717335602276292,"epoch":45,"train_r_squared":-1.3612671293033785,"mse_val":0.07264186261145235,"train_rmse":0.2961902213525776,"rmse_train":0.29449797473778255,"val_mse":0.07254080997606177,"_wandb":{"runtime":1},"val_rmse":0.26933401191840173,"rmse_val":0.26952154387256755,"mse_train":0.0867290571246556,"r2_val":-0.48395236646022455,"val_loss":0.036270404988030885,"_timestamp":1.728680981379284e+09,"train_loss":0.04386432361244446,"mae_val":0.2087605320333671}