{"_wandb":{"runtime":1},"_timestamp":1.728596691298028e+09,"_step":200,"train_recall":0.2729377549183087,"val_accuracy":0.5683060109289617,"train_f1_score":0.27916553927630433,"train_precision":0.2856841661395741,"train_loss":0.15365911307392435,"train_accuracy":0.5882352941176471,"epoch":199,"val_recall":0.36808510638297876,"val_f1_score":0.34786359824587265,"val_precision":0.32974820613176775,"val_loss":0.16755961135155464,"_runtime":1.474231}