{"test_hamming_score":0.9285507246376812,"_wandb":{"runtime":165},"train_hamming_score":0.955016835016835,"val_hamming_score":0.9244646464646464,"_timestamp":1.7305331019430919e+09,"_step":5,"train_exact_match_accuracy":0.43603174603174605,"val_loss":0.18744756899615553,"test_exact_match_accuracy":0.08282608695652174,"val_exact_match_accuracy":0.135,"_runtime":165.745879,"train_loss":0.13298099332957097}