{"mse_train":0.14119292303465145,"_step":175,"_runtime":1.380806,"val_r_squared":-2.711541199893229,"train_rmse":0.37637374559030384,"rmse_train":0.37575646772165006,"val_mse":0.18168593009660838,"train_r_squared":-2.812785127753467,"_wandb":{"runtime":1},"mae_val":0.32352151316829475,"val_loss":0.09084296504830419,"train_loss":0.07082859818483739,"_timestamp":1.728681357205029e+09,"mae_train":0.28897045762505674,"train_mse":0.14165719636967478,"mse_val":0.18173627756454766,"r2_train":-2.8002889432153375,"epoch":173,"r2_val":-2.712569714877673,"rmse_val":0.4263053806422664,"val_rmse":0.426246325610683}