{"_runtime":0.912512,"train_precision":0.29330383940281013,"train_recall":0.30446405505061175,"val_f1_score":0.3440467592989515,"train_accuracy":0.612859097127223,"val_loss":0.16959513140691035,"val_precision":0.3268408367878145,"_wandb":{"runtime":0},"val_accuracy":0.5519125683060109,"train_loss":0.15211187455792113,"_timestamp":1.7285981850370371e+09,"val_recall":0.36316489361702126,"epoch":11,"train_f1_score":0.29877976764926867,"_step":12}