{"test_acc":1,"_wandb":{"runtime":116},"train_loss":0.0663987587012237,"val_loss":0.012356811317000935,"_timestamp":1.7304704830869162e+09,"_runtime":116.801033,"_step":10,"val_acc":0.9996666666666667}