{"val_recall":0.3458776595744681,"_step":12,"val_precision":0.328406002599551,"val_loss":0.181150992421016,"_runtime":0.974051,"val_f1_score":0.3369154732389898,"_timestamp":1.728598232119621e+09,"val_accuracy":0.5355191256830601,"_wandb":{"runtime":0},"train_precision":0.28801588853404014,"train_f1_score":0.2899205835710787,"train_accuracy":0.5649794801641587,"train_loss":0.16775105882762714,"train_recall":0.29185063842113096,"epoch":11}