{"train_accuracy":0.612859097127223,"train_recall":0.29228610347824047,"_step":82,"train_precision":0.2892568841397282,"val_precision":0.3354248366013072,"val_accuracy":0.5846994535519126,"_wandb":{"runtime":1},"epoch":81,"_timestamp":1.728596829553025e+09,"train_f1_score":0.2907636043064057,"train_loss":0.15704925033819542,"val_f1_score":0.351780891607965,"_runtime":1.574471,"val_recall":0.36981382978723404,"val_loss":0.17070628352291325}