{"_step":7,"val_recall":0.1353211009174312,"val_precision":0.427536231884058,"train_recall":0.18554354012521343,"train_loss":4.9324101043702715,"val_f1_score":0.20557491289198607,"_runtime":0.617917,"train_precision":0.5478991596638656,"hamming_loss":0.3345703125,"train_hamming_loss":0.33203125,"epoch":6,"val_loss":5.210147660267746,"train_f1_score":0.27721088435374147,"train_accuracy":0.0359375,"val_accuracy":0.01875,"_wandb":{"runtime":0},"val_hamming_loss":0.35625,"_timestamp":1.728609721148723e+09}