{"_timestamp":1.728596209221792e+09,"_step":100,"val_recall":0.36768617021276595,"val_precision":0.32504778514126265,"_runtime":2.949983,"_wandb":{"runtime":2},"train_accuracy":0.6101231190150479,"epoch":99,"train_f1_score":0.2851014101402151,"train_recall":0.28411364757274715,"val_accuracy":0.5628415300546448,"val_loss":0.17161706444625938,"train_precision":0.2860960648707904,"train_loss":0.15010145660129534,"val_f1_score":0.34505476259974366}