{"train_precision":0.5878594249201278,"epoch":48,"train_loss":4.973349569109877,"_step":49,"val_precision":0.4722222222222222,"train_accuracy":0.667578125,"val_recall":0.0779816513761468,"val_f1_score":0.13385826771653545,"_timestamp":1.7286417981372302e+09,"hamming_loss":0.33203125,"train_recall":0.10472396129766648,"train_hamming_loss":0.332421875,"train_f1_score":0.17777777777777778,"_wandb":{"runtime":1},"_runtime":1.891155,"val_hamming_loss":0.34375,"val_loss":5.1519146190076786,"val_accuracy":0.65625}