{"train_precision":0,"_timestamp":1.72864079388542e+09,"val_loss":5.139357120869858,"_step":11,"train_recall":0,"val_f1_score":0,"val_accuracy":0.659375,"hamming_loss":0.3431640625,"train_accuracy":0.6568359375,"train_f1_score":0,"epoch":10,"val_hamming_loss":0.340625,"train_hamming_loss":0.3431640625,"_runtime":0.517427,"_wandb":{"runtime":0},"val_recall":0,"val_precision":0,"train_loss":5.142089346706819}