{"train_accuracy":0.028125,"train_recall":0.064314171883893,"val_recall":0.05733944954128441,"_runtime":2.625096,"val_f1_score":0.10460251046025104,"epoch":62,"train_f1_score":0.11691670977754785,"val_accuracy":0.01875,"val_precision":0.5952380952380952,"val_hamming_loss":0.334375,"train_precision":0.6420454545454546,"val_loss":5.039673995736219,"train_hamming_loss":0.3333984375,"hamming_loss":0.3333984375,"_wandb":{"runtime":2},"_timestamp":1.7286085568423522e+09,"_step":63,"train_loss":5.039869657194303}