{"r2_val":-0.02050748141512626,"_step":53,"_runtime":1.4631910000000001,"val_mse":0.049918704866486294,"rmse_val":0.22350724316312665,"mae_train":0.13282986618091436,"val_loss":0.024959352433243147,"_wandb":{"runtime":1},"r2_train":0.0012739343325998131,"train_mse":0.03730287015529653,"epoch":51,"rmse_train":0.19262885709870903,"_timestamp":1.728681541062846e+09,"val_r_squared":-0.01975606839097299,"mae_val":0.15584991194554781,"val_rmse":0.2234249423553384,"train_r_squared":-0.00402826115144439,"mse_train":0.03710587658715486,"train_loss":0.018651435077648264,"train_rmse":0.19313950956574505,"mse_val":0.04995548774638102}