{"_timestamp":1.728610952899339e+09,"val_f1_score":0.17013232514177692,"_wandb":{"runtime":1},"train_recall":0.13147410358565736,"val_loss":5.117324056842614,"epoch":47,"train_accuracy":0.034375,"hamming_loss":0.3287109375,"_runtime":1.582691,"_step":48,"train_f1_score":0.21548507462686567,"train_hamming_loss":0.328515625,"train_precision":0.5968992248062015,"val_recall":0.10321100917431193,"val_hamming_loss":0.34296875,"train_loss":4.929198301739839,"val_accuracy":0.03125,"val_precision":0.4838709677419355}