{"train_accuracy":0.6142270861833106,"val_f1_score":0.33824860602312595,"_step":200,"train_recall":0.28685639243132377,"_runtime":4.409859,"train_loss":0.15225677780296407,"val_recall":0.35332446808510637,"_timestamp":1.728597804248926e+09,"train_f1_score":0.290455738899295,"_wandb":{"runtime":4},"val_loss":0.1671099573983828,"epoch":199,"val_precision":0.3244066278549037,"val_accuracy":0.5683060109289617,"train_precision":0.29414655913768867}