{"hamming_loss":0.334375,"train_accuracy":0.665625,"val_accuracy":0.67109375,"train_loss":5.029987296593674,"epoch":199,"train_precision":0.7528089887640449,"train_hamming_loss":0.334375,"train_recall":0.03813318155947638,"val_loss":5.069251708590491,"val_f1_score":0.08676789587852494,"_wandb":{"runtime":1},"_timestamp":1.728640047239208e+09,"train_f1_score":0.07258938244853737,"val_hamming_loss":0.32890625,"_runtime":1.5026009999999999,"val_recall":0.045871559633027525,"val_precision":0.8,"_step":200}