{"r2_train":-3.8083723391368096,"val_r_squared":-1.4064796788370164,"rmse_val":0.34322159459734614,"mae_train":0.34894706849593826,"val_mse":0.11780106299794503,"val_rmse":0.34322159459734614,"train_r_squared":-3.8083723391368096,"epoch":399,"train_mse":0.1786464544528243,"_timestamp":1.728682547128094e+09,"rmse_train":0.4226658898619858,"mse_val":0.11780106299794503,"_step":401,"r2_val":-1.4064796788370164,"_wandb":{"runtime":1},"train_rmse":0.4226658898619858,"mae_val":0.23734721852693844,"_runtime":1.398107,"mse_train":0.1786464544528243,"train_loss":0.08932322722641214,"val_loss":0.058900531498972515}