{"_runtime":1.4077899999999999,"train_recall":0.2682079193968858,"val_f1_score":0.3332622154033776,"epoch":145,"train_loss":0.15481747131145807,"val_loss":0.1669263148138118,"_wandb":{"runtime":1},"_timestamp":1.728596927420371e+09,"val_recall":0.34906914893617025,"val_precision":0.3188248380553556,"train_precision":0.27817558941764453,"train_accuracy":0.585499316005472,"_step":146,"train_f1_score":0.27310083434467186,"val_accuracy":0.5573770491803278}