{"Train Loss":0.0073810484506847225,"Val Loss":0.007299565570725567,"_timestamp":1.730575057559175e+09,"_runtime":136.955919,"_step":15,"Test Loss":0.00730750732610275,"_wandb":{"runtime":136}}