{"val_f1_score":0.08173913043478262,"train_recall":0.16666666666666666,"_step":100,"train_accuracy":0.454172366621067,"_timestamp":1.7285989988937511e+09,"train_f1_score":0.10410787080589524,"train_precision":0.0756953944368445,"val_accuracy":0.2568306010928962,"train_loss":0.1942890521733517,"val_loss":0.21078530411864274,"_runtime":1.387342,"val_precision":0.05136612021857924,"val_recall":0.2,"_wandb":{"runtime":1},"epoch":99}