{"train_loss":5.027893356517954,"epoch":99,"_wandb":{"runtime":2},"val_accuracy":0.00625,"val_loss":5.100488161494051,"train_accuracy":0.0203125,"train_recall":0.05179282868525897,"hamming_loss":0.3357421875,"train_precision":0.6319444444444444,"val_f1_score":0.08137044967880086,"val_recall":0.04357798165137615,"_runtime":2.115397,"val_precision":0.6129032258064516,"_step":100,"train_f1_score":0.09573908469226723,"_timestamp":1.7286085910116138e+09,"val_hamming_loss":0.33515625,"train_hamming_loss":0.3357421875}