{"train_precision":0.6023391812865497,"_step":9,"train_loss":4.844970624432665,"epoch":8,"train_hamming_loss":0.32265625,"val_precision":0.4186046511627907,"val_hamming_loss":0.35703125,"train_f1_score":0.27224669603524226,"_wandb":{"runtime":0},"_timestamp":1.728609733129077e+09,"_runtime":0.661999,"val_f1_score":0.1911504424778761,"train_recall":0.17586795674445077,"hamming_loss":0.3228515625,"train_accuracy":0.03125,"val_accuracy":0.01875,"val_loss":5.153510225115875,"val_recall":0.12385321100917432}