{"train_loss":0.1941252399504924,"train_f1_score":0.10410787080589524,"val_recall":0.2,"_wandb":{"runtime":4},"_timestamp":1.728597869618159e+09,"val_accuracy":0.2568306010928962,"_step":100,"train_accuracy":0.454172366621067,"val_precision":0.05136612021857924,"val_f1_score":0.08173913043478262,"train_recall":0.16666666666666666,"val_loss":0.21040512754405336,"epoch":99,"_runtime":4.17099,"train_precision":0.0756953944368445}