{"train_loss":0.31082849657228473,"train_r_squared":-15.732256452683561,"_timestamp":1.728682069169455e+09,"_wandb":{"runtime":1},"rmse_val":0.655555108545548,"_runtime":1.7233779999999999,"train_rmse":0.7884522770241515,"_step":201,"epoch":199,"mse_val":0.42975250034016527,"val_rmse":0.655555108545548,"rmse_train":0.7884522770241515,"val_r_squared":-7.779128410887484,"mae_train":0.7644804970367215,"train_mse":0.6216569931445695,"val_loss":0.21487625017008263,"mse_train":0.6216569931445695,"r2_train":-15.732256452683561,"mae_val":0.6151027480345497,"r2_val":-7.779128410887484,"val_mse":0.42975250034016527}