{"_wandb":{"runtime":2},"_timestamp":1.72863993469575e+09,"val_recall":0.05504587155963303,"train_recall":0.048377916903813316,"val_f1_score":0.10084033613445378,"train_f1_score":0.0898995240613432,"hamming_loss":0.3361328125,"_runtime":2.03167,"_step":100,"train_accuracy":0.6638671875,"val_accuracy":0.665625,"val_precision":0.6,"train_hamming_loss":0.3361328125,"val_hamming_loss":0.334375,"val_loss":5.08880198379048,"train_precision":0.6343283582089553,"train_loss":5.018510246662272,"epoch":99}