{"val_loss":5.138606901882334,"hamming_loss":0.3431640625,"train_precision":0,"val_precision":0,"train_hamming_loss":0.3431640625,"_wandb":{"runtime":0},"epoch":18,"_runtime":0.544317,"val_recall":0,"val_accuracy":0.659375,"train_loss":5.142061692829299,"train_recall":0,"val_hamming_loss":0.340625,"_timestamp":1.7286400950227652e+09,"train_f1_score":0,"train_accuracy":0.6568359375,"val_f1_score":0,"_step":19}