{"_step":42,"_timestamp":1.7285986580287051e+09,"val_recall":0.251063829787234,"train_precision":0.15914928111267546,"train_recall":0.19270043135504986,"val_precision":0.17607142857142857,"_runtime":1.766648,"_wandb":{"runtime":1},"train_loss":0.17861021369318855,"train_f1_score":0.17432519643210906,"val_loss":0.1983947703554373,"epoch":41,"val_accuracy":0.4207650273224044,"train_accuracy":0.5075239398084815,"val_f1_score":0.20698439807155183}