{"val_rmse":0.47159995092311174,"r2_train":-7.0999797520637795,"_step":139,"train_rmse":0.5492507267214163,"rmse_val":0.4716318465447741,"mse_val":0.22243659867523333,"_runtime":1.430611,"mae_train":0.4219525820672906,"r2_val":-3.5440095438774746,"rmse_train":0.5485801920648684,"_wandb":{"runtime":1},"val_mse":0.22240651371068143,"mse_train":0.30094022712592794,"train_loss":0.15083818040200198,"val_loss":0.11120325685534072,"epoch":137,"train_mse":0.30167636080400395,"val_r_squared":-3.543394958117463,"_timestamp":1.728682379502829e+09,"mae_val":0.403855645859598,"train_r_squared":-7.119793214505053}