{"_timestamp":1.728598939456372e+09,"val_loss":0.20793662765581997,"val_f1_score":0.18229673916621716,"val_recall":0.22127659574468087,"val_precision":0.15499328257948947,"train_loss":0.18734685690425842,"_step":100,"epoch":99,"train_recall":0.19451137884872824,"train_f1_score":0.1759258032562974,"train_accuracy":0.5102599179206566,"val_accuracy":0.3224043715846995,"_wandb":{"runtime":1},"_runtime":1.7652649999999999,"train_precision":0.16058216625475658}