{"_runtime":0.511174,"_wandb":{"runtime":0},"val_recall":0,"epoch":8,"val_accuracy":0,"_step":9,"train_f1_score":0,"train_accuracy":0,"train_recall":0,"val_loss":5.139388879854968,"train_hamming_loss":0.3431640625,"train_precision":0,"hamming_loss":0.3431640625,"val_hamming_loss":0.340625,"val_f1_score":0,"train_loss":5.142089606339261,"_timestamp":1.728608083502343e+09,"val_precision":0}