{"_timestamp":1.728640724389133e+09,"train_f1_score":0,"val_accuracy":0.659375,"hamming_loss":0.3431640625,"_step":11,"val_precision":0,"val_recall":0,"val_loss":5.139378477510168,"train_recall":0,"_runtime":0.653432,"val_hamming_loss":0.340625,"train_hamming_loss":0.3431640625,"val_f1_score":0,"train_precision":0,"train_loss":5.142089177647156,"_wandb":{"runtime":0},"train_accuracy":0.6568359375,"epoch":10}