{"val_recall":0.274468085106383,"val_loss":0.19217325511411437,"val_accuracy":0.48633879781420764,"val_precision":0.1944338270425227,"_timestamp":1.7285967736551712e+09,"_wandb":{"runtime":6},"val_f1_score":0.22762065500521939,"train_loss":0.17899905240617384,"train_precision":0.17435995144945945,"train_recall":0.21336828796668153,"epoch":199,"train_accuracy":0.5471956224350205,"_runtime":6.441459,"_step":200,"train_f1_score":0.191901855726303}