{"_wandb":{"runtime":1},"val_rmse":0.21410144027296,"_step":29,"val_loss":0.022919713363477926,"mae_train":0.14350033374486088,"rmse_val":0.21440860852332339,"val_mse":0.04583942672695585,"mse_val":0.04597105140890775,"rmse_train":0.19608216509427526,"r2_val":0.0608879222741977,"mse_train":0.038448215468058614,"_timestamp":1.728681918956473e+09,"epoch":27,"mae_val":0.1509590364317894,"val_r_squared":0.06357679548373862,"train_mse":0.03868999242327493,"train_rmse":0.19669771839875247,"train_r_squared":-0.04136345688637766,"r2_train":-0.03485589071461326,"train_loss":0.019344996211637464,"_runtime":1.377638}