{"_step":10,"val_recall":0.11467889908256881,"train_accuracy":0.015625,"train_precision":0.5555555555555556,"val_hamming_loss":0.36171875,"val_f1_score":0.17761989342806395,"val_precision":0.3937007874015748,"_wandb":{"runtime":0},"_timestamp":1.7286108231117609e+09,"val_loss":5.178123075321811,"val_accuracy":0,"hamming_loss":0.3341796875,"_runtime":0.797722,"train_recall":0.13375071143995446,"train_loss":4.960150887651919,"train_f1_score":0.21559633027522937,"epoch":9,"train_hamming_loss":0.333984375}