{"train_precision":0.0756953944368445,"train_f1_score":0.10410787080589524,"val_recall":0.2,"val_accuracy":0.2568306010928962,"train_accuracy":0.454172366621067,"val_f1_score":0.08173913043478262,"val_precision":0.05136612021857924,"_wandb":{"runtime":0},"val_loss":0.22498061130111358,"_timestamp":1.7285983813497632e+09,"epoch":12,"_runtime":0.517848,"_step":13,"train_recall":0.16666666666666666,"train_loss":0.2804857815783648}