{"_runtime":0.809351,"_step":21,"mse_train":0.03555802542121376,"mae_train":0.13437238031626028,"_timestamp":1.728681740561454e+09,"rmse_val":0.23255526374636568,"train_r_squared":0.03550216714177645,"mse_val":0.0540819506961417,"val_loss":0.02667184403744071,"_wandb":{"runtime":1},"val_mse":0.05334368807488142,"train_rmse":0.18929920220892305,"val_rmse":0.23096252526087738,"epoch":19,"r2_train":0.04293524104147306,"val_r_squared":-0.08972277566512266,"rmse_train":0.18856835742301453,"train_loss":0.017917093978467368,"train_mse":0.035834187956934736,"mae_val":0.1809377817453085,"r2_val":-0.10480425244041114}