{"rmse_val":0.19019360731635748,"mae_val":0.1288612567062414,"mse_train":0.011068808811268505,"val_mse":0.03617360826400879,"epoch":399,"_timestamp":1.728681502256906e+09,"rmse_train":0.10520840656177863,"val_r_squared":0.26103338134506937,"train_mse":0.011068808811268505,"mse_val":0.03617360826400879,"_wandb":{"runtime":5},"train_r_squared":0.7020766279503632,"val_rmse":0.19019360731635748,"mae_train":0.08169062624917021,"train_loss":0.0055344044056342525,"val_loss":0.018086804132004395,"_runtime":5.856502,"train_rmse":0.10520840656177863,"r2_val":0.26103338134506937,"_step":401,"r2_train":0.7020766279503632}