{"_runtime":139.423028,"_step":10,"train_loss":1.0242785770578433,"val_acc":0.5923333333333334,"test_acc":0.48456521739130437,"_wandb":{"runtime":139},"val_loss":0.9261847588610141,"_timestamp":1.730461186610937e+09}