{"val_rmse":0.2953775719474316,"_timestamp":1.728681372839021e+09,"mse_train":0.33334886356645593,"val_mse":0.08724791000956011,"val_loss":0.04362395500478006,"r2_train":-7.972276890493287,"_wandb":{"runtime":1},"rmse_val":0.2953775719474316,"train_mse":0.33334886356645593,"mae_train":0.4748693449531196,"train_loss":0.16667443178322797,"_runtime":1.367004,"epoch":199,"train_rmse":0.577363718609384,"_step":201,"mae_val":0.24143033264704966,"rmse_train":0.577363718609384,"r2_val":-0.7823296082028544,"val_r_squared":-0.7823296082028544,"train_r_squared":-7.972276890493287,"mse_val":0.08724791000956011}