{"train_accuracy":0.6060191518467852,"train_f1_score":0.2883347270477766,"val_f1_score":0.35646894950065683,"train_loss":0.14896348008696533,"val_accuracy":0.5792349726775956,"_runtime":1.556517,"epoch":169,"train_precision":0.29082369915551126,"_timestamp":1.7285965190670888e+09,"val_precision":0.3354335702161789,"val_loss":0.17161142772884655,"train_recall":0.2858879964301651,"_wandb":{"runtime":1},"val_recall":0.38031914893617025,"_step":170}