{"val_accuracy":0.5519125683060109,"_wandb":{"runtime":1},"train_precision":0.28542577166690264,"val_recall":0.3610372340425532,"train_f1_score":0.2877721921236663,"_runtime":1.509682,"val_f1_score":0.34203445687667366,"val_precision":0.3249320350911019,"train_accuracy":0.600547195622435,"train_loss":0.15755173944581904,"_timestamp":1.728598896517714e+09,"val_loss":0.17068404588161343,"train_recall":0.29015751113616256,"epoch":100,"_step":101}