{"val_recall":0.33856382978723404,"_wandb":{"runtime":1},"_step":187,"epoch":186,"val_f1_score":0.3242264968918975,"train_precision":0.30573385669206493,"train_recall":0.302162646688117,"train_accuracy":0.6347469220246238,"train_f1_score":0.30393776179516524,"val_loss":0.1705661681338371,"_runtime":1.461447,"_timestamp":1.728598679547324e+09,"val_precision":0.31105413105413104,"val_accuracy":0.5519125683060109,"train_loss":0.15042942644691934}