{"train_recall":0.2811425037381495,"train_loss":0.1523603743414738,"epoch":34,"_runtime":1.462341,"val_loss":0.16974985863143086,"_step":35,"val_f1_score":0.34865664087391895,"val_recall":0.36981382978723404,"val_accuracy":0.5737704918032787,"_timestamp":1.728599178566947e+09,"train_precision":0.2871840690809763,"train_accuracy":0.6032831737346102,"val_precision":0.32978927203065134,"train_f1_score":0.28413117414037004,"_wandb":{"runtime":1}}