{"val_recall":0,"train_loss":5.095660531444453,"train_hamming_loss":0.3431640625,"train_f1_score":0,"val_hamming_loss":0.340625,"_timestamp":1.728641399317278e+09,"_wandb":{"runtime":1},"val_f1_score":0,"epoch":99,"_runtime":1.585093,"val_accuracy":0.659375,"_step":100,"train_accuracy":0.6568359375,"val_loss":5.108277352086837,"hamming_loss":0.3431640625,"train_recall":0,"val_precision":0,"train_precision":0}