{"_timestamp":1.7286083047155871e+09,"val_hamming_loss":0.3421875,"val_recall":0.020642201834862386,"hamming_loss":0.337890625,"val_f1_score":0.039473684210526314,"train_f1_score":0.058919803600654665,"train_hamming_loss":0.3369140625,"val_loss":5.163983900612317,"val_accuracy":0.00625,"train_precision":0.7105263157894737,"epoch":29,"train_recall":0.030734206033010813,"train_loss":5.057286744687973,"train_accuracy":0.0046875,"val_precision":0.45,"_wandb":{"runtime":1},"_step":30,"_runtime":1.427246}