{"val_loss":5.046700370692467,"train_accuracy":0.673046875,"train_recall":0.08537279453614115,"val_f1_score":0.13441955193482688,"train_loss":5.037211235467851,"val_precision":0.6,"_runtime":1.59904,"train_f1_score":0.1519756838905775,"_wandb":{"runtime":1},"epoch":45,"val_recall":0.07568807339449542,"val_hamming_loss":0.33203125,"val_accuracy":0.66796875,"_step":46,"train_hamming_loss":0.326953125,"_timestamp":1.728639813548146e+09,"hamming_loss":0.3275390625,"train_precision":0.6912442396313364}