{"val_precision":0.6451612903225806,"train_precision":0.6952380952380952,"train_accuracy":0.0171875,"train_recall":0.04154809334092203,"train_hamming_loss":0.33515625,"val_f1_score":0.08565310492505353,"epoch":61,"val_loss":5.092980509733775,"_wandb":{"runtime":1},"train_f1_score":0.07841031149301826,"_timestamp":1.728608565744822e+09,"val_accuracy":0.01875,"_runtime":1.694867,"train_loss":5.027139780267515,"hamming_loss":0.3353515625,"val_hamming_loss":0.33359375,"val_recall":0.045871559633027525,"_step":62}