{"r2_val":0.1179333201982743,"mse_val":0.04317858714100062,"train_r_squared":0.48569497661271765,"_runtime":8.533801,"_wandb":{"runtime":8},"train_rmse":0.13823198315364832,"val_loss":0.02158929357050031,"mae_train":0.10391608928638656,"mse_train":0.019108081166590515,"rmse_train":0.13823198315364832,"val_r_squared":0.1179333201982743,"r2_train":0.48569497661271765,"_timestamp":1.728681817964869e+09,"train_mse":0.019108081166590515,"mae_val":0.16597203100509064,"train_loss":0.009554040583295257,"_step":401,"val_rmse":0.207794579190605,"val_mse":0.04317858714100062,"epoch":399,"rmse_val":0.207794579190605}