{"train_accuracy":0.6728515625,"hamming_loss":0.330859375,"val_loss":5.101526805262887,"val_recall":0.06192660550458716,"val_f1_score":0.11020408163265306,"epoch":14,"train_precision":0.6653225806451613,"_step":15,"_timestamp":1.7286392892700748e+09,"_runtime":0.549724,"val_accuracy":0.659375,"train_loss":4.9610139506825295,"train_hamming_loss":0.3271484375,"_wandb":{"runtime":0},"train_f1_score":0.16458852867830423,"val_hamming_loss":0.340625,"val_precision":0.5,"train_recall":0.09391007398975526}