{"val_recall":0.2,"val_precision":0.05136612021857924,"train_recall":0.16728395061728396,"train_accuracy":0.45554035567715456,"epoch":19,"train_loss":0.19866156835817708,"_wandb":{"runtime":1},"train_precision":0.24246575342465757,"val_loss":0.20078807619046973,"train_f1_score":0.19797758837732424,"_runtime":0.523765,"_timestamp":1.7285973602262132e+09,"val_accuracy":0.2568306010928962,"val_f1_score":0.08173913043478262,"_step":20}