{"train_f1_score":0.1693907875185736,"val_loss":809.5051819736938,"epoch":12,"val_hamming_loss":0.33046875,"train_loss":3164.005164691166,"val_precision":0.5970149253731343,"val_recall":0.09174311926605505,"val_accuracy":0.025,"_step":13,"train_recall":0.09732498577120091,"train_hamming_loss":0.3275390625,"_timestamp":1.728606134156301e+09,"val_f1_score":0.15904572564612326,"_runtime":0.559943,"train_precision":0.6526717557251909,"train_accuracy":0.0375,"_wandb":{"runtime":0}}