{"train_precision":0.28562550310785323,"_wandb":{"runtime":5},"_runtime":5.294271,"val_recall":0.3283244680851064,"val_f1_score":0.32156455003893253,"train_accuracy":0.5868673050615595,"val_precision":0.3150773781658559,"val_loss":0.1700831963581744,"train_recall":0.27383471507863816,"epoch":186,"_step":187,"train_f1_score":0.27960586193694154,"train_loss":0.15560885342413625,"_timestamp":1.728598574504929e+09,"val_accuracy":0.5628415300546448}