{"epoch":7,"val_precision":0.45901639344262296,"train_hamming_loss":0.332421875,"_timestamp":1.728639245586911e+09,"val_loss":5.12034030799326,"_runtime":0.624365,"train_precision":0.611336032388664,"_step":8,"train_f1_score":0.1506986027944112,"hamming_loss":0.3314453125,"val_recall":0.06422018348623854,"train_loss":4.953602450345099,"val_hamming_loss":0.34453125,"train_accuracy":0.667578125,"_wandb":{"runtime":0},"val_accuracy":0.65546875,"val_f1_score":0.11267605633802817,"train_recall":0.08594194649971543}