{"r2_val":-0.20146994017692155,"rmse_val":0.24251575634474662,"train_loss":0.0166015477250687,"mae_train":0.13907821785695892,"val_rmse":0.24251575634474662,"r2_train":0.10631953919734827,"mse_val":0.058813892075464516,"_wandb":{"runtime":7},"_runtime":7.371784,"mae_val":0.19002315430622996,"_timestamp":1.72868204400802e+09,"rmse_train":0.18221716562974358,"train_r_squared":0.10631953919734827,"val_loss":0.029406946037732258,"_step":401,"train_rmse":0.18221716562974358,"train_mse":0.0332030954501374,"epoch":399,"val_r_squared":-0.20146994017692155,"val_mse":0.058813892075464516,"mse_train":0.0332030954501374}