{"epoch":99,"_timestamp":1.728597123730064e+09,"_step":100,"_runtime":1.556305,"val_precision":0.3309313725490196,"train_precision":0.2898047910960393,"val_accuracy":0.5737704918032787,"train_recall":0.29396083358776237,"train_loss":0.15572007377799035,"_wandb":{"runtime":1},"val_f1_score":0.34738416908195563,"val_loss":0.17119293008301487,"train_accuracy":0.6087551299589603,"train_f1_score":0.2918680181432853,"val_recall":0.36555851063829786}