{"train_accuracy":0.31400437636761486,"val_loss":0.22232742211931328,"_step":29,"train_loss":0.2145336523656762,"epoch":29,"_wandb":{"runtime":1},"_timestamp":1.728595727990463e+09,"val_accuracy":0.27510917030567683,"_runtime":1.467549}