{"val_accuracy":0.5573770491803278,"_timestamp":1.728599155748941e+09,"val_precision":0.32291610828196193,"epoch":28,"train_recall":0.29736998676969084,"val_loss":0.16908531418898654,"train_loss":0.15306508212495099,"_wandb":{"runtime":1},"train_accuracy":0.6114911080711354,"train_f1_score":0.2968224224144372,"_step":29,"_runtime":1.619567,"train_precision":0.2962768708759646,"val_f1_score":0.3400224398754957,"val_recall":0.35904255319148937}