{"val_precision":0.3297792207792208,"val_loss":0.16652129726503442,"train_accuracy":0.6142270861833106,"_runtime":1.464267,"val_recall":0.3738031914893617,"val_f1_score":0.35041389058227346,"epoch":26,"train_precision":0.29518190725685484,"train_recall":0.2993801717591614,"train_f1_score":0.2972662173174805,"_step":27,"_timestamp":1.728597823556324e+09,"train_loss":0.15256495424381863,"_wandb":{"runtime":1},"val_accuracy":0.5683060109289617}