{"train_f1_score":0.004542873367404884,"_wandb":{"runtime":0},"train_recall":0.0022766078542970974,"val_accuracy":0.659375,"val_loss":5.133853111035992,"train_loss":5.127179745931863,"val_f1_score":0,"val_recall":0,"_step":12,"train_hamming_loss":0.3423828125,"val_precision":0,"epoch":11,"val_hamming_loss":0.340625,"train_precision":1,"_timestamp":1.728639407848114e+09,"_runtime":0.827533,"hamming_loss":0.3423828125,"train_accuracy":0.6576171875}