{"train_loss":4.977352596437051,"train_precision":0.6063829787234043,"_step":88,"val_f1_score":0.12096774193548387,"_timestamp":1.72864097226833e+09,"_runtime":1.725464,"train_recall":0.06488332384746727,"hamming_loss":0.3359375,"train_f1_score":0.1172236503856041,"val_precision":0.5,"val_accuracy":0.659375,"val_loss":5.137992821925729,"val_hamming_loss":0.340625,"train_hamming_loss":0.3353515625,"val_recall":0.06880733944954129,"train_accuracy":0.6646484375,"_wandb":{"runtime":1},"epoch":87}