{"val_accuracy":0.6625,"hamming_loss":0.3326171875,"_wandb":{"runtime":1},"train_recall":0.06488332384746727,"epoch":182,"train_loss":5.030726349730077,"train_accuracy":0.6673828125,"val_loss":5.066771328072049,"train_precision":0.6551724137931034,"val_precision":0.5434782608695652,"val_f1_score":0.10373443983402489,"_timestamp":1.728640062030855e+09,"train_hamming_loss":0.3326171875,"train_f1_score":0.11807353702744691,"val_recall":0.05733944954128441,"_runtime":1.462141,"val_hamming_loss":0.3375,"_step":183}