{"_wandb":{"runtime":1},"train_accuracy":0.6740234375,"val_f1_score":0.1962962962962963,"train_precision":0.6057692307692307,"train_f1_score":0.23193741371375978,"train_recall":0.14342629482071714,"train_hamming_loss":0.3259765625,"train_loss":4.903066053251289,"val_accuracy":0.6609375,"_runtime":1.511536,"val_precision":0.5096153846153846,"val_hamming_loss":0.3390625,"hamming_loss":0.3259765625,"epoch":199,"val_recall":0.12155963302752294,"_timestamp":1.728641782246189e+09,"_step":200,"val_loss":5.099967920134924}