{"_timestamp":1.728641384629517e+09,"train_f1_score":0.12551440329218105,"train_loss":5.013735573283592,"train_accuracy":0.66796875,"hamming_loss":0.3318359375,"train_recall":0.06943653955606147,"epoch":83,"val_hamming_loss":0.32890625,"val_f1_score":0.1210855949895616,"val_recall":0.06651376146788991,"_wandb":{"runtime":1},"_runtime":1.921546,"val_accuracy":0.67109375,"_step":84,"val_loss":5.097475366335621,"val_precision":0.6744186046511628,"train_hamming_loss":0.33203125,"train_precision":0.6524064171122995}