{"train_loss":5.141842200061937,"val_hamming_loss":0.340625,"epoch":11,"val_recall":0,"_step":12,"_wandb":{"runtime":0},"train_hamming_loss":0.3431640625,"val_accuracy":0.659375,"_timestamp":1.728639862686537e+09,"train_recall":0,"val_f1_score":0,"train_accuracy":0.6568359375,"hamming_loss":0.3431640625,"val_precision":0,"train_f1_score":0,"train_precision":0,"_runtime":0.578066,"val_loss":5.139928866323539}