{"val_loss":0.14391088260481155,"mae_train":0.20618273758344588,"train_mse":0.06939545138941512,"r2_train":-0.8219887162967778,"_step":6,"train_loss":0.03469772569470756,"_runtime":0.531151,"mse_val":0.2786553449227492,"val_rmse":0.5364902284381544,"mse_train":0.06769272453595052,"val_r_squared":-4.879719685687723,"mae_val":0.42893949466040676,"_timestamp":1.728681200985574e+09,"train_rmse":0.263430164160096,"rmse_val":0.5278781534812264,"train_r_squared":-0.8678185914453314,"_wandb":{"runtime":0},"val_mse":0.2878217652096231,"epoch":4,"r2_val":-4.692464973491906,"rmse_train":0.260178255309606}