{"val_precision":0.5368421052631579,"val_accuracy":0.025,"val_f1_score":0.192090395480226,"_step":9,"val_recall":0.11697247706422019,"train_loss":4.918325050122911,"train_hamming_loss":0.32734375,"_timestamp":1.728610846035956e+09,"train_accuracy":0.025,"train_precision":0.6085790884718498,"_runtime":1.010478,"hamming_loss":0.3267578125,"val_loss":5.111529114277194,"train_f1_score":0.2131455399061033,"_wandb":{"runtime":1},"val_hamming_loss":0.33515625,"epoch":8,"train_recall":0.12919749573136027}