{"val_r_squared":-1.935376893493344,"r2_train":-6.006087550727043,"train_r_squared":-6.095423066546579,"val_mse":0.14369143500111847,"_runtime":1.524461,"mae_val":0.2548800266350857,"rmse_train":0.5101946916316537,"train_loss":0.13180886215530518,"rmse_val":0.3792238108176057,"train_rmse":0.5134371668574553,"_step":50,"val_rmse":0.3790665311012283,"_timestamp":1.7286807870372128e+09,"epoch":48,"mse_val":0.1438106986910272,"mae_train":0.4023648734966317,"val_loss":0.07184571750055924,"train_mse":0.26361772431061037,"_wandb":{"runtime":1},"mse_train":0.26029862336911813,"r2_val":-1.9378132522059426}