{"val_accuracy":0.5846994535519126,"train_accuracy":0.6032831737346102,"train_recall":0.28839490515668914,"_wandb":{"runtime":1},"_runtime":1.491106,"val_recall":0.3824468085106383,"train_loss":0.15373234716394993,"_timestamp":1.728599459171363e+09,"val_precision":0.33874694002447975,"val_loss":0.1652739208507307,"_step":65,"train_f1_score":0.289152720975235,"train_precision":0.28991452991452993,"val_f1_score":0.3592729037606137,"epoch":64}