{"_runtime":1.463532,"train_hamming_loss":0.33359375,"val_precision":0.575,"train_loss":5.0178372732522885,"_timestamp":1.728639998108107e+09,"train_accuracy":0.66640625,"train_recall":0.064314171883893,"train_precision":0.6384180790960452,"val_f1_score":0.09663865546218489,"_wandb":{"runtime":1},"train_f1_score":0.11685625646328854,"val_hamming_loss":0.3359375,"_step":104,"val_recall":0.052752293577981654,"epoch":103,"val_loss":5.067337568404119,"val_accuracy":0.6640625,"hamming_loss":0.33359375}