{"val_precision":0,"_runtime":1.544447,"_wandb":{"runtime":1},"val_recall":0,"val_loss":5.136134408747376,"train_f1_score":0.00679886685552408,"train_recall":0.003414911781445646,"_step":29,"train_precision":0.75,"_timestamp":1.728641074149651e+09,"train_loss":5.126590735872158,"train_accuracy":0.6576171875,"val_f1_score":0,"epoch":28,"train_hamming_loss":0.3423828125,"hamming_loss":0.3423828125,"val_accuracy":0.659375,"val_hamming_loss":0.340625}