{"_wandb":{"runtime":133},"train_loss":0.17447735260472383,"val_loss":0.08713841870268609,"_timestamp":1.73047103105908e+09,"_runtime":133.338637,"_step":10,"val_acc":0.891,"test_acc":0.9084782608695652}