{"train_f1_score":0.19827586206896552,"val_recall":0.10321100917431193,"train_loss":4.913265390464504,"hamming_loss":0.326953125,"_step":11,"train_precision":0.6253776435045317,"epoch":10,"val_precision":0.46875,"val_loss":5.158554963509882,"_timestamp":1.728639322050293e+09,"val_f1_score":0.16917293233082709,"_runtime":0.533475,"train_recall":0.11781445645987479,"train_accuracy":0.673046875,"train_hamming_loss":0.326953125,"_wandb":{"runtime":0},"val_accuracy":0.6546875,"val_hamming_loss":0.3453125}