{"train_precision":0.656441717791411,"train_accuracy":0.666796875,"train_recall":0.06089926010244735,"_step":100,"epoch":99,"val_precision":0.5789473684210527,"val_loss":5.102412996223981,"train_f1_score":0.11145833333333333,"train_hamming_loss":0.333203125,"_timestamp":1.728641352347918e+09,"_runtime":2.218094,"val_hamming_loss":0.3359375,"_wandb":{"runtime":2},"val_f1_score":0.09282700421940929,"val_recall":0.05045871559633028,"hamming_loss":0.333203125,"val_accuracy":0.6640625,"train_loss":5.022078611798053}