{"val_precision":0.31197829193917,"val_recall":0.3211436170212766,"_wandb":{"runtime":5},"_timestamp":1.72859888938951e+09,"train_loss":0.17393528379903408,"_runtime":5.178265,"train_accuracy":0.5458276333789329,"train_f1_score":0.27386421268892486,"_step":100,"train_precision":0.2761753513515283,"train_recall":0.2715914339619687,"val_loss":0.17795587513236047,"val_accuracy":0.5409836065573771,"epoch":99,"val_f1_score":0.3164946140308787}