{"val_recall":0.2,"val_loss":0.7798196637683833,"epoch":4,"train_loss":1.2545903920658945,"train_precision":0.0756953944368445,"_wandb":{"runtime":0},"val_precision":0.05136612021857924,"_step":5,"train_recall":0.16666666666666666,"_runtime":0.529417,"train_accuracy":0.454172366621067,"val_accuracy":0.2568306010928962,"val_f1_score":0.08173913043478262,"train_f1_score":0.10410787080589524,"_timestamp":1.728599242709119e+09}