{"_timestamp":1.7304581977518358e+09,"val_acc":0.999,"test_acc":0.9997826086956522,"_wandb":{"runtime":180},"_runtime":180.462987,"_step":10,"train_loss":0.0045962512043575396,"val_loss":0.00496231750142389}