{"train_f1_score":0.16275586620069893,"_timestamp":1.728641172108381e+09,"hamming_loss":0.32734375,"val_precision":0.47368421052631576,"val_recall":0.06192660550458716,"val_loss":5.094390738420978,"_wandb":{"runtime":1},"_step":65,"train_precision":0.6626016260162602,"train_hamming_loss":0.3275390625,"train_accuracy":0.6724609375,"train_loss":4.943558454380509,"epoch":64,"val_f1_score":0.10953346855983774,"_runtime":1.559801,"train_recall":0.09277177006260671,"val_accuracy":0.65703125,"val_hamming_loss":0.34296875}