{"val_loss":2.852128097933847,"train_recall":0.16666666666666666,"epoch":4,"val_accuracy":0.2568306010928962,"_step":5,"_runtime":0.477398,"_timestamp":1.7285967885798101e+09,"val_f1_score":0.08173913043478262,"train_precision":0.0756953944368445,"_wandb":{"runtime":0},"val_recall":0.2,"train_loss":2.9917847184136273,"train_accuracy":0.454172366621067,"train_f1_score":0.10410787080589524,"val_precision":0.05136612021857924}