{"train_precision":0.29733280721030236,"val_recall":0.35305851063829785,"val_loss":0.16803238232788406,"_step":100,"train_f1_score":0.29413245244247016,"val_f1_score":0.33798834824271684,"_runtime":2.752069,"val_accuracy":0.5628415300546448,"train_accuracy":0.615595075239398,"val_precision":0.32415204678362575,"_timestamp":1.7285965101477141e+09,"train_loss":0.1523411664690334,"train_recall":0.2910002583433148,"_wandb":{"runtime":2},"epoch":99}