{"mse_val":0.04023877343024786,"mae_val":0.1633950951498105,"r2_train":-0.37934296731629336,"val_mse":0.03898797862422994,"train_mse":0.05308443714385417,"_step":20,"val_loss":0.01949398931211497,"rmse_train":0.22637803614477936,"_runtime":0.657249,"train_loss":0.026542218571927085,"mse_train":0.051247015248767035,"_wandb":{"runtime":1},"train_r_squared":-0.42879823718281296,"epoch":18,"rmse_val":0.20059604540032153,"val_r_squared":0.20354047840996115,"val_rmse":0.19745373793430687,"r2_val":0.1779888220286472,"train_rmse":0.23040060143987073,"_timestamp":1.728681073266749e+09,"mae_train":0.16423495143432637}