{"train_recall":0.31185365242647,"train_accuracy":0.6320109439124487,"train_precision":0.3058363874506987,"train_f1_score":0.3088157111627816,"_timestamp":1.728596732038919e+09,"val_accuracy":0.5683060109289617,"epoch":199,"_runtime":3.212916,"train_loss":0.1411817218327826,"_step":200,"_wandb":{"runtime":3},"val_recall":0.3738031914893617,"val_f1_score":0.35082043630987353,"val_precision":0.3305001092736942,"val_loss":0.16565574232150596}