{"val_acc":0.8816666666666667,"test_acc":0.8856521739130435,"_wandb":{"runtime":125},"val_loss":0.08718009808279098,"_timestamp":1.730470754287186e+09,"_runtime":125.08474,"_step":10,"train_loss":0.1711650855914893}