{"train_recall":0.11439954467842914,"train_loss":4.967821522594429,"val_recall":0.10091743119266056,"val_loss":5.119035880501908,"_timestamp":1.728610883921149e+09,"epoch":65,"_runtime":1.836308,"train_precision":0.5614525139664804,"train_hamming_loss":0.3345703125,"_wandb":{"runtime":1},"_step":66,"train_accuracy":0.025,"val_accuracy":0.03125,"hamming_loss":0.3349609375,"train_f1_score":0.1900709219858156,"val_hamming_loss":0.33515625,"val_f1_score":0.1702127659574468,"val_precision":0.5432098765432098}