{"train_accuracy":0.5909712722298222,"_timestamp":1.728598548405944e+09,"val_accuracy":0.5901639344262295,"train_f1_score":0.2798420599660785,"_runtime":1.763515,"val_f1_score":0.3488643846894031,"train_loss":0.15465875266090398,"val_precision":0.3349687704080778,"_step":146,"val_recall":0.3639627659574468,"_wandb":{"runtime":1},"train_precision":0.2847227864900734,"val_loss":0.16896718876366906,"train_recall":0.2751258445086388,"epoch":145}