{"_wandb":{"runtime":1},"val_recall":0.373936170212766,"train_recall":0.29331008243500317,"train_accuracy":0.6101231190150479,"train_precision":0.2951790458494287,"val_f1_score":0.35026263937821034,"_step":33,"val_loss":0.16944571513659812,"val_accuracy":0.5683060109289617,"train_f1_score":0.29424159635226316,"epoch":32,"_runtime":1.723196,"val_precision":0.32940813464235624,"train_loss":0.15170885412614124,"_timestamp":1.728598336442413e+09}