{"train_precision":0.1762436904472697,"_step":200,"epoch":199,"val_accuracy":0.48633879781420764,"train_loss":0.17626055731067117,"_timestamp":1.7285989668015192e+09,"val_precision":0.19352673219851355,"train_f1_score":0.19380511859863528,"train_accuracy":0.5485636114911081,"val_recall":0.2702127659574468,"_runtime":1.59928,"train_recall":0.2152536070206753,"_wandb":{"runtime":1},"val_f1_score":0.22552917662613944,"val_loss":0.18845281248793166}