{"train_loss":0.037540294946204436,"val_loss":0.017557142619439896,"_timestamp":1.7304583817981172e+09,"_runtime":176.573411,"_step":10,"test_acc":1,"val_acc":0.9996666666666667,"_wandb":{"runtime":176}}