{"epoch":8,"train_precision":0,"val_recall":0,"_wandb":{"runtime":0},"train_f1_score":0,"val_precision":0,"train_accuracy":0.6568359375,"train_loss":5.141669505051364,"train_hamming_loss":0.3431640625,"val_hamming_loss":0.340625,"_timestamp":1.7286397230030239e+09,"_step":9,"_runtime":0.508537,"val_accuracy":0.659375,"val_f1_score":0,"val_loss":5.138980976620479,"hamming_loss":0.3431640625,"train_recall":0}