{"val_precision":0.48717948717948717,"epoch":13,"train_recall":0.11269208878770631,"train_hamming_loss":0.3283203125,"val_loss":5.11077157104241,"_wandb":{"runtime":0},"train_precision":0.61875,"train_accuracy":0.6716796875,"val_f1_score":0.14785992217898836,"_runtime":0.753223,"_step":14,"train_loss":4.916034204175594,"hamming_loss":0.3291015625,"train_f1_score":0.1906596051998074,"_timestamp":1.728640713773342e+09,"val_recall":0.0871559633027523,"val_accuracy":0.6578125,"val_hamming_loss":0.3421875}