{"train_precision":0.28735093936025796,"_runtime":1.418581,"val_accuracy":0.5191256830601093,"train_recall":0.30236384133023325,"val_recall":0.348404255319149,"train_f1_score":0.29466629184056153,"val_precision":0.30582735377255926,"train_loss":0.14963276060375558,"_step":29,"epoch":28,"_timestamp":1.728596447983593e+09,"_wandb":{"runtime":1},"val_f1_score":0.32573036816513207,"train_accuracy":0.6114911080711354,"val_loss":0.1697729010119594}