{"train_hamming_loss":0.3275390625,"_timestamp":1.728639895071105e+09,"hamming_loss":0.3279296875,"val_hamming_loss":0.3328125,"epoch":130,"train_f1_score":0.1508860759493671,"val_recall":0.07339449541284404,"train_recall":0.08480364257256688,"_step":131,"val_accuracy":0.6671875,"train_loss":4.936807646283353,"val_f1_score":0.1306122448979592,"train_accuracy":0.6724609375,"_runtime":1.483586,"_wandb":{"runtime":1},"val_loss":5.0433856862624555,"train_precision":0.6834862385321101,"val_precision":0.5925925925925926}