{"val_accuracy":0.2568306010928962,"_runtime":1.383836,"train_f1_score":0.10410787080589524,"_wandb":{"runtime":1},"val_loss":0.21185168909576813,"val_recall":0.2,"train_loss":0.19499364972260547,"val_f1_score":0.08173913043478262,"_step":200,"_timestamp":1.728597668158741e+09,"epoch":199,"train_precision":0.0756953944368445,"train_recall":0.16666666666666666,"val_precision":0.05136612021857924,"train_accuracy":0.454172366621067}