{"mse_train":0.08774108876631666,"val_mse":0.05628542103594093,"mse_val":0.056303722048019575,"rmse_train":0.2962112232281496,"epoch":365,"train_mse":0.08821449490427315,"_wandb":{"runtime":2},"_runtime":2.171529,"r2_train":-1.3616020005653948,"val_loss":0.028142710517970466,"rmse_val":0.23728405350553916,"train_loss":0.04410724745213657,"mae_val":0.17470327730172353,"mae_train":0.1947431819475289,"val_rmse":0.23724548686105904,"r2_val":-0.15019134380655297,"val_r_squared":-0.14981748458534905,"_step":367,"_timestamp":1.728681191112535e+09,"train_rmse":0.2970092505365332,"train_r_squared":-1.374343999760955}