{"_wandb":{"runtime":1},"mae_val":0.13770757997291283,"epoch":113,"mse_val":0.03295537127097763,"rmse_val":0.18153614315330607,"train_loss":0.03882106455828558,"_timestamp":1.728682395057805e+09,"mae_train":0.23426677352826944,"train_mse":0.07764212911657116,"_step":115,"val_mse":0.032953120572696844,"rmse_train":0.27824928662202264,"val_rmse":0.1815299440111654,"train_r_squared":-1.089782677967429,"val_loss":0.016476560286348422,"_runtime":1.366235,"r2_val":0.32677660749529625,"mse_train":0.0774226655056645,"r2_train":-1.0838756883248815,"val_r_squared":0.3268225855156812,"train_rmse":0.27864337264067696}