{"_step":10,"train_loss":0.6121124254567974,"val_loss":0.5655913172250099,"_timestamp":1.7304580030908082e+09,"_runtime":183.81847,"val_acc":0.5333333333333333,"test_acc":0.43478260869565216,"_wandb":{"runtime":183}}