{"val_precision":0.32445992720126837,"epoch":28,"train_recall":0.30497134737781534,"train_accuracy":0.6210670314637483,"_timestamp":1.72859832097118e+09,"_runtime":1.430569,"train_f1_score":0.3003988601065279,"val_accuracy":0.5519125683060109,"_wandb":{"runtime":1},"train_loss":0.15413975627117624,"val_recall":0.3716755319148936,"val_f1_score":0.3464665229974328,"_step":29,"val_loss":0.17250451353335308,"train_precision":0.29596145961459613}