{"val_accuracy":0.65625,"_wandb":{"runtime":2},"train_recall":0.11212293682413205,"epoch":94,"train_hamming_loss":0.3314453125,"hamming_loss":0.3310546875,"train_f1_score":0.18842659014825447,"train_precision":0.5898203592814372,"val_recall":0.08027522935779817,"val_loss":5.147697166471621,"val_precision":0.47297297297297297,"train_loss":4.954347911444761,"_step":95,"val_hamming_loss":0.34375,"val_f1_score":0.13725490196078433,"_timestamp":1.728641815243565e+09,"train_accuracy":0.6685546875,"_runtime":2.466892}