{"_step":8,"train_hamming_loss":0.3326171875,"val_precision":0.46774193548387094,"_runtime":0.66363,"val_loss":5.145571246638054,"val_recall":0.06651376146788991,"val_hamming_loss":0.34375,"val_f1_score":0.11646586345381525,"_wandb":{"runtime":0},"_timestamp":1.72864019758209e+09,"train_accuracy":0.6673828125,"train_f1_score":0.16805080605764533,"train_loss":4.968771582536695,"hamming_loss":0.3337890625,"epoch":7,"train_precision":0.593103448275862,"train_recall":0.09789413773477519,"val_accuracy":0.65625}