{"_timestamp":1.728597565552614e+09,"train_precision":0.0756953944368445,"_wandb":{"runtime":0},"train_f1_score":0.10410787080589524,"train_recall":0.16666666666666666,"_step":8,"val_accuracy":0.2568306010928962,"val_precision":0.05136612021857924,"train_accuracy":0.454172366621067,"train_loss":0.27760893277159326,"val_recall":0.2,"val_f1_score":0.08173913043478262,"epoch":7,"_runtime":0.500323,"val_loss":0.22303023837443844}