{"train_accuracy":0.454172366621067,"_wandb":{"runtime":1},"train_loss":0.28654279386802095,"val_precision":0.05136612021857924,"val_f1_score":0.08173913043478262,"val_accuracy":0.2568306010928962,"val_loss":0.22603060929750524,"train_recall":0.16666666666666666,"train_f1_score":0.10410787080589524,"_timestamp":1.72859872768748e+09,"epoch":59,"val_recall":0.2,"_step":60,"train_precision":0.0756953944368445,"_runtime":1.412363}