{"_runtime":1.732428,"train_recall":0.3058317089018843,"val_loss":0.17334325750969684,"epoch":24,"train_accuracy":0.612859097127223,"val_f1_score":0.34187106400895284,"_step":25,"train_loss":0.15250269143521406,"val_accuracy":0.5519125683060109,"val_precision":0.3229360165118679,"_timestamp":1.728599387951812e+09,"val_recall":0.36316489361702126,"train_f1_score":0.29837507215538756,"_wandb":{"runtime":1},"train_precision":0.29127338912703277}