{"_step":10,"epoch":9,"_timestamp":1.7285988690139341e+09,"train_recall":0.16666666666666666,"val_precision":0.05136612021857924,"train_precision":0.0756953944368445,"val_accuracy":0.2568306010928962,"train_loss":0.278564198961888,"train_f1_score":0.10410787080589524,"val_f1_score":0.08173913043478262,"train_accuracy":0.454172366621067,"val_recall":0.2,"val_loss":0.22464973322244958,"_runtime":0.624624,"_wandb":{"runtime":0}}