{"val_f1_score":0.34130768470123535,"train_loss":0.15257109823784462,"_wandb":{"runtime":2},"train_precision":0.2935743113652676,"_timestamp":1.7285966278319921e+09,"val_accuracy":0.5519125683060109,"train_f1_score":0.2930672139701381,"train_recall":0.29256186539530443,"val_recall":0.36569148936170215,"_step":100,"val_loss":0.1707004297992855,"train_accuracy":0.6087551299589603,"epoch":99,"val_precision":0.31997236805747437,"_runtime":2.880936}