{"train_loss":5.0732593733973435,"val_loss":5.111284575953417,"_runtime":1.516355,"_timestamp":1.7286399915355039e+09,"train_hamming_loss":0.3423828125,"train_recall":0.005691519635742743,"val_recall":0.0022935779816513763,"train_precision":0.625,"val_accuracy":0.66015625,"val_f1_score":0.004576659038901603,"val_hamming_loss":0.33984375,"train_f1_score":0.011280315848843767,"train_accuracy":0.6576171875,"hamming_loss":0.3423828125,"val_precision":1,"_wandb":{"runtime":1},"epoch":99,"_step":100}