{"val_f1_score":0.1945945945945946,"train_accuracy":0.670703125,"_timestamp":1.7286403496749818e+09,"train_f1_score":0.24122412241224123,"train_precision":0.5763440860215053,"val_recall":0.12385321100917432,"val_loss":5.1588685289365115,"hamming_loss":0.3291015625,"val_hamming_loss":0.34921875,"epoch":6,"_step":7,"_runtime":0.551785,"val_precision":0.453781512605042,"train_loss":4.911371299475968,"_wandb":{"runtime":0},"train_hamming_loss":0.329296875,"val_accuracy":0.65078125,"train_recall":0.1525327262379055}