{"_runtime":98.008576,"val_acc":0.9996666666666667,"test_acc":1,"_wandb":{"runtime":98},"_step":5,"train_loss":0.01735523988290094,"val_loss":0.002034044593220555,"_timestamp":1.730459153654303e+09}