{"train_rmse":0.589731165065968,"train_r_squared":-8.360775879396908,"mse_train":0.34778284705006407,"r2_val":-8.080307331435444,"val_loss":0.2222478472180721,"_step":201,"val_rmse":0.6667051030524247,"mse_val":0.4444956944361442,"train_loss":0.17389142352503204,"val_mse":0.4444956944361442,"val_r_squared":-8.080307331435444,"mae_train":0.5563188131279106,"_wandb":{"runtime":1},"rmse_train":0.589731165065968,"r2_train":-8.360775879396908,"rmse_val":0.6667051030524247,"mae_val":0.5955591568947455,"_runtime":1.324441,"_timestamp":1.728681907935476e+09,"train_mse":0.34778284705006407,"epoch":199}