{"val_loss":0.2108382746763613,"train_f1_score":0.10410787080589524,"train_precision":0.0756953944368445,"epoch":199,"val_recall":0.2,"train_recall":0.16666666666666666,"train_loss":0.1939471222815377,"_step":200,"_runtime":1.883315,"_wandb":{"runtime":1},"val_accuracy":0.2568306010928962,"val_f1_score":0.08173913043478262,"train_accuracy":0.454172366621067,"_timestamp":1.728599114118894e+09,"val_precision":0.05136612021857924}