{"val_r_squared":-0.10508781646922705,"val_loss":0.02704791580643338,"train_rmse":0.19854237923178555,"mse_train":0.03888648983877092,"train_mse":0.039419076351018156,"r2_val":-0.1252715945205516,"_runtime":0.559495,"r2_train":-0.04665229813585392,"epoch":17,"val_mse":0.05409583161286676,"_step":19,"rmse_val":0.2346995102548439,"_timestamp":1.728681826629248e+09,"train_loss":0.019709538175509078,"mse_val":0.05508386011386358,"mae_train":0.14048791725181126,"rmse_train":0.19719657664059717,"train_r_squared":-0.06098717123216413,"val_rmse":0.23258510617162648,"_wandb":{"runtime":0},"mae_val":0.17625773558559496}