{"train_recall":0,"val_loss":5.131693396598817,"epoch":99,"train_precision":0,"hamming_loss":0.3431640625,"_wandb":{"runtime":1},"train_f1_score":0,"train_hamming_loss":0.3431640625,"val_recall":0,"val_f1_score":0,"_runtime":1.9283540000000001,"_step":100,"val_precision":0,"train_accuracy":0,"val_hamming_loss":0.340625,"val_accuracy":0,"_timestamp":1.728608726464791e+09,"train_loss":5.130435395634477}