{"train_f1_score":0.010180995475113122,"_wandb":{"runtime":0},"val_recall":0.0045871559633027525,"_runtime":0.924663,"_timestamp":1.728608341537923e+09,"hamming_loss":0.341796875,"val_f1_score":0.00909090909090909,"train_precision":0.8181818181818182,"train_recall":0.005122367672168469,"train_hamming_loss":0.341796875,"train_loss":5.076205229475781,"val_precision":0.5,"val_accuracy":0,"epoch":15,"val_hamming_loss":0.340625,"_step":16,"val_loss":5.17418274452889,"train_accuracy":0.003125}