{"hamming_loss":0.3296875,"_step":26,"train_recall":0.07626636311895275,"_wandb":{"runtime":1},"train_f1_score":0.13708439897698207,"_timestamp":1.728641193829694e+09,"train_loss":5.02219998628984,"train_precision":0.6767676767676768,"train_accuracy":0.6705078125,"_runtime":1.408211,"val_loss":5.094519980122312,"val_accuracy":0.66640625,"epoch":25,"train_hamming_loss":0.3294921875,"val_recall":0.06192660550458716,"val_f1_score":0.11226611226611227,"val_hamming_loss":0.33359375,"val_precision":0.6}