{"val_recall":0.274468085106383,"val_loss":0.17981360777455846,"val_f1_score":0.23209375452260975,"train_recall":0.22343447865536217,"train_accuracy":0.5677154582763337,"_timestamp":1.728596544251175e+09,"_runtime":4.37147,"train_f1_score":0.2013615934490828,"train_loss":0.1691877021186988,"_wandb":{"runtime":4},"epoch":199,"train_precision":0.18325773184898872,"val_precision":0.20105366331781424,"val_accuracy":0.5081967213114754,"_step":200}