{"_step":61,"train_loss":4.983372256639661,"val_f1_score":0.13414634146341464,"val_precision":0.5892857142857143,"train_recall":0.0796812749003984,"val_loss":5.090428531596943,"train_f1_score":0.14063284781516824,"_wandb":{"runtime":1},"train_hamming_loss":0.3341796875,"val_hamming_loss":0.3328125,"_runtime":1.484162,"_timestamp":1.728608186601393e+09,"val_accuracy":0.0125,"train_precision":0.5982905982905983,"epoch":60,"val_recall":0.07568807339449542,"train_accuracy":0.025,"hamming_loss":0.3341796875}