{"_wandb":{"runtime":1},"val_loss":0.16273666937541045,"val_accuracy":0.6506550218340611,"_step":99,"_timestamp":1.728594754269454e+09,"epoch":99,"train_loss":0.15496551807922992,"train_accuracy":0.6170678336980306,"_runtime":1.595828}