{"train_loss":0.15438433453614012,"train_f1_score":0.2890709697625224,"_runtime":3.76684,"val_accuracy":0.5683060109289617,"_wandb":{"runtime":3},"train_recall":0.2856574445931876,"val_precision":0.324039479815309,"val_f1_score":0.3389592103990604,"train_precision":0.29256706290430795,"val_loss":0.16903511046846456,"train_accuracy":0.6060191518467852,"_timestamp":1.728596970008777e+09,"_step":200,"epoch":199,"val_recall":0.3553191489361702}