{"_step":64,"val_recall":0.06192660550458716,"val_accuracy":0.03125,"train_accuracy":0.0296875,"val_loss":5.131888252989081,"train_f1_score":0.15308151093439365,"train_precision":0.6039215686274509,"_timestamp":1.7286109106042082e+09,"val_f1_score":0.10931174089068826,"val_precision":0.46551724137931033,"_wandb":{"runtime":1},"train_recall":0.08764940239043825,"train_loss":4.980380004837596,"val_hamming_loss":0.34375,"_runtime":1.446918,"hamming_loss":0.333203125,"epoch":63,"train_hamming_loss":0.3328125}