{"train_recall":0.0796812749003984,"val_f1_score":0.10309278350515465,"val_accuracy":0.66015625,"_timestamp":1.728639251725069e+09,"val_loss":5.159603696295018,"_wandb":{"runtime":0},"val_precision":0.5102040816326531,"train_precision":0.6698564593301436,"epoch":10,"_runtime":0.603923,"train_f1_score":0.14242115971515767,"val_recall":0.05733944954128441,"train_accuracy":0.670703125,"val_hamming_loss":0.33984375,"hamming_loss":0.3298828125,"_step":11,"train_loss":4.954058410197048,"train_hamming_loss":0.329296875}