{"_runtime":1.229692,"train_hamming_loss":0.3333984375,"hamming_loss":0.3333984375,"train_f1_score":0.10299527062532843,"_step":11,"val_precision":0.5897435897435898,"val_loss":5.1142106217763015,"train_loss":4.9821521183311095,"epoch":10,"train_recall":0.055776892430278883,"val_accuracy":0.0125,"train_precision":0.6712328767123288,"train_accuracy":0.0234375,"_wandb":{"runtime":1},"val_hamming_loss":0.33515625,"val_recall":0.052752293577981654,"val_f1_score":0.0968421052631579,"_timestamp":1.728608132807183e+09}