{"val_f1_score":0.34238170686367136,"_timestamp":1.7285980660777678e+09,"_wandb":{"runtime":1},"train_recall":0.3092713935664686,"val_loss":0.16947554847227694,"_step":25,"val_precision":0.32053806833467846,"train_loss":0.15367881051744284,"epoch":24,"train_precision":0.29791890061515885,"_runtime":1.413582,"train_f1_score":0.3034890196564291,"val_recall":0.3674202127659575,"val_accuracy":0.546448087431694,"train_accuracy":0.6238030095759234}