{"train_hamming_loss":0.333984375,"_timestamp":1.728640420548387e+09,"val_loss":5.100164984123108,"_wandb":{"runtime":2},"val_precision":0.5454545454545454,"val_recall":0.08256880733944955,"val_hamming_loss":0.3359375,"train_recall":0.1041548093340922,"epoch":51,"_runtime":2.070452,"val_f1_score":0.14342629482071714,"train_accuracy":0.666015625,"train_f1_score":0.17630057803468208,"hamming_loss":0.3337890625,"val_accuracy":0.6640625,"train_precision":0.5736677115987461,"_step":52,"train_loss":4.988852035836961}