{"train_recall":0.16666666666666666,"train_f1_score":0.10410787080589524,"_runtime":1.260614,"_step":9,"val_f1_score":0.08173913043478262,"_wandb":{"runtime":1},"val_loss":0.2221180002454996,"val_recall":0.2,"train_loss":0.27556791181718615,"val_accuracy":0.2568306010928962,"train_precision":0.0756953944368445,"val_precision":0.05136612021857924,"epoch":8,"_timestamp":1.728597016155503e+09,"train_accuracy":0.454172366621067}