{"val_precision":0.3333333333333333,"train_hamming_loss":0.3421875,"train_recall":0.004553215708594195,"_wandb":{"runtime":0},"val_recall":0.0045871559633027525,"epoch":5,"_runtime":0.470116,"hamming_loss":0.342578125,"_timestamp":1.728639386785169e+09,"_step":6,"train_accuracy":0.6578125,"val_accuracy":0.6578125,"val_f1_score":0.009049773755656108,"val_loss":5.157346131776239,"train_loss":5.115567691658241,"val_hamming_loss":0.3421875,"train_f1_score":0.00904977375565611,"train_precision":0.7272727272727273}