{"_wandb":{"runtime":0},"train_hamming_loss":0.335546875,"train_precision":0.5764705882352941,"train_loss":4.966119136113659,"hamming_loss":0.3357421875,"val_accuracy":0.67109375,"_timestamp":1.7286402191142678e+09,"val_recall":0.08256880733944955,"val_precision":0.631578947368421,"train_f1_score":0.14612326043737572,"val_hamming_loss":0.32890625,"train_recall":0.08366533864541832,"train_accuracy":0.664453125,"val_loss":5.0815429471977085,"_step":12,"epoch":11,"val_f1_score":0.14604462474645033,"_runtime":0.686048}