{"_step":18,"val_loss":0.17097908170746204,"epoch":17,"train_recall":0.30642374566492087,"val_accuracy":0.5519125683060109,"_timestamp":1.728599292369378e+09,"_wandb":{"runtime":0},"train_precision":0.2945422185951249,"train_f1_score":0.3003655289846654,"train_accuracy":0.612859097127223,"_runtime":0.908349,"val_f1_score":0.34290854686364575,"val_precision":0.3248989429335965,"val_recall":0.363031914893617,"train_loss":0.1533207803082854}