{"train_f1_score":0.27411159751674946,"val_accuracy":0.5737704918032787,"train_accuracy":0.5882352941176471,"_runtime":1.649117,"_timestamp":1.7285974570671208e+09,"val_precision":0.3282437745740498,"_wandb":{"runtime":1},"val_recall":0.32433510638297874,"train_loss":0.1606739932796101,"train_recall":0.26456390865606677,"train_precision":0.28437420845300476,"val_loss":0.1759740648888684,"val_f1_score":0.3262777348537433,"epoch":99,"_step":100}