{"mse_train":0.027192893060233845,"mae_train":0.11981301746763127,"val_rmse":0.21872415946508228,"val_loss":0.02392012896685337,"r2_train":0.26808760234050866,"rmse_train":0.16490267754112983,"val_mse":0.04784025793370674,"epoch":142,"mse_val":0.04792347309164476,"_timestamp":1.728682340200104e+09,"_wandb":{"runtime":1},"_runtime":1.496216,"r2_val":0.021003196411330305,"train_loss":0.01384664177908997,"rmse_val":0.21891430536089862,"train_mse":0.02769328355817994,"mae_val":0.1507685965103814,"val_r_squared":0.02270314360580139,"train_r_squared":0.25461930353513684,"_step":144,"train_rmse":0.1664129909537712}