{"train_accuracy":0.4856361149110807,"_runtime":1.658864,"epoch":33,"train_loss":0.20430241570067212,"val_f1_score":0.19285189461530391,"train_recall":0.18109474936784176,"_wandb":{"runtime":1},"val_loss":0.18804490444370392,"val_accuracy":0.3825136612021858,"_timestamp":1.728598558961497e+09,"val_precision":0.1600551724137931,"train_f1_score":0.15876037457944223,"train_precision":0.14133015792727477,"_step":34,"val_recall":0.24255319148936172}