{"train_loss":0.05185727180846905,"val_loss":0.02066813065531723,"_timestamp":1.730459735915017e+09,"_runtime":182.491285,"_step":10,"val_acc":0.998,"test_acc":0.9973913043478261,"_wandb":{"runtime":182}}