{"_runtime":6.109679,"train_hamming_loss":0.3294921875,"train_accuracy":0.6705078125,"_wandb":{"runtime":6},"_step":162,"epoch":161,"val_loss":5.0205369714523105,"val_f1_score":0.14859437751004018,"hamming_loss":0.3296875,"val_accuracy":0.66875,"train_f1_score":0.1509813789632612,"val_precision":0.5967741935483871,"_timestamp":1.728639906264982e+09,"train_precision":0.6521739130434783,"train_loss":4.947276960495492,"train_recall":0.08537279453614115,"val_recall":0.08486238532110092,"val_hamming_loss":0.33125}