{"train_recall":0.1041548093340922,"val_hamming_loss":0.3421875,"epoch":74,"val_loss":5.103752286668213,"val_precision":0.4864864864864865,"_runtime":1.6709450000000001,"val_recall":0.08256880733944955,"val_accuracy":0.6578125,"hamming_loss":0.334375,"train_accuracy":0.6654296875,"train_precision":0.5683229813664596,"train_hamming_loss":0.3345703125,"train_f1_score":0.17604617604617606,"_wandb":{"runtime":1},"_timestamp":1.72864177679043e+09,"_step":75,"train_loss":4.9739104298696,"val_f1_score":0.1411764705882353}