{"val_loss":0.026829803433878106,"train_rmse":0.1575137098464633,"train_loss":0.012405284394797912,"rmse_train":0.15474295862290918,"r2_train":0.35549620175718644,"mae_val":0.18199592570596887,"train_r_squared":0.3322092338661716,"val_mse":0.05365960686775621,"train_mse":0.024810568789595824,"mse_val":0.053187432728072984,"_step":7,"val_r_squared":-0.09617647086844316,"_timestamp":1.728681276134797e+09,"rmse_val":0.2306240072673983,"r2_val":-0.08653073896159391,"_wandb":{"runtime":0},"mse_train":0.023945383243371386,"mae_train":0.11763268959317248,"val_rmse":0.2316454335137134,"epoch":5,"_runtime":0.618802}