{"train_loss":0.15252451562732278,"val_loss":0.16968820554442984,"train_accuracy":0.6101231190150479,"val_f1_score":0.3509460835927001,"val_accuracy":0.6010928961748634,"val_recall":0.36409574468085104,"_runtime":2.925547,"_timestamp":1.7285962309137979e+09,"train_recall":0.28706384994167705,"val_precision":0.3387131392310564,"_step":100,"epoch":99,"_wandb":{"runtime":2},"train_precision":0.29310886335440983,"train_f1_score":0.2900548641404482}