{"val_precision":0.32918391713572437,"_timestamp":1.7285977466708522e+09,"val_accuracy":0.5737704918032787,"val_recall":0.3636968085106383,"_wandb":{"runtime":2},"train_f1_score":0.28228714327741744,"epoch":172,"val_f1_score":0.3455808067502761,"_step":173,"train_accuracy":0.6019151846785226,"train_recall":0.2782353585883495,"train_loss":0.15377290934150437,"val_loss":0.16952899445791259,"_runtime":2.085508,"train_precision":0.28645867955432186}