{"train_loss":5.02127792808935,"_timestamp":1.728641376836969e+09,"val_precision":0.5384615384615384,"train_hamming_loss":0.3314453125,"val_recall":0.0481651376146789,"train_precision":0.6685393258426966,"_step":100,"_wandb":{"runtime":1},"epoch":99,"train_accuracy":0.6685546875,"val_f1_score":0.08842105263157896,"val_loss":5.115164045203113,"hamming_loss":0.331640625,"train_recall":0.06772908366533864,"train_f1_score":0.12299741602067184,"_runtime":1.44353,"val_hamming_loss":0.33828125,"val_accuracy":0.66171875}