{"train_loss":0.1545946027035848,"val_loss":0.1757907619247645,"train_f1_score":0.2856498031675973,"_wandb":{"runtime":1},"val_f1_score":0.32999300405997095,"train_accuracy":0.6073871409028728,"val_accuracy":0.5573770491803278,"epoch":99,"_step":100,"val_recall":0.34707446808510645,"_timestamp":1.728597134431724e+09,"train_precision":0.2902960507995913,"val_precision":0.3145140206620282,"_runtime":1.5569359999999999,"train_recall":0.281149940894181}