{"train_f1_score":0.1699110493341062,"_runtime":1.491331,"val_loss":0.20768592758078783,"train_loss":0.19146564769232824,"val_f1_score":0.16994740255061602,"_step":200,"epoch":199,"val_recall":0.21914893617021275,"val_precision":0.13878787878787877,"train_precision":0.15409669211195928,"_wandb":{"runtime":1},"_timestamp":1.7285990422765179e+09,"val_accuracy":0.31693989071038253,"train_accuracy":0.4993160054719562,"train_recall":0.18934255540681244}