{"_runtime":0.537039,"val_accuracy":0.6578125,"val_loss":43.63906963718951,"train_f1_score":0.01556420233463035,"train_accuracy":0.6541015625,"train_loss":41.299115861072565,"val_recall":0.011467889908256881,"val_f1_score":0.022321428571428575,"_wandb":{"runtime":0},"hamming_loss":0.4828125,"val_hamming_loss":0.3421875,"train_recall":0.00796812749003984,"train_precision":0.3333333333333333,"_step":5,"_timestamp":1.728641592258024e+09,"train_hamming_loss":0.3458984375,"epoch":4,"val_precision":0.4166666666666667}