{"train_accuracy":0.454172366621067,"_wandb":{"runtime":4},"val_accuracy":0.2568306010928962,"train_recall":0.16666666666666666,"_runtime":4.072408,"train_precision":0.0756953944368445,"val_precision":0.05136612021857924,"val_loss":0.2111075905410022,"train_loss":0.19489262489319165,"train_f1_score":0.10410787080589524,"epoch":99,"val_f1_score":0.08173913043478262,"_step":100,"_timestamp":1.728599034065938e+09,"val_recall":0.2}