{"mse_train":0.03222723744157264,"mse_val":0.05061693653218722,"train_mse":0.03354936688820084,"r2_train":0.1325853202321856,"val_rmse":0.22328479077065294,"mae_train":0.12732436177129464,"_wandb":{"runtime":1},"train_r_squared":0.09699944376238934,"_step":32,"_timestamp":1.728680829542391e+09,"val_r_squared":-0.01847710999536556,"train_rmse":0.18316486259160308,"_runtime":1.6470479999999998,"rmse_val":0.2249820804690614,"epoch":30,"train_loss":0.01677468344410042,"r2_val":-0.03401977936155309,"val_mse":0.049856097789494264,"mae_val":0.1666182113950522,"val_loss":0.024928048894747132,"rmse_train":0.1795194625704206}