{"val_f1_score":0.11065573770491803,"train_precision":0.593607305936073,"val_hamming_loss":0.3390625,"train_recall":0.07398975526465566,"_runtime":1.616597,"_timestamp":1.728608170851362e+09,"train_accuracy":0.021875,"val_precision":0.5192307692307693,"val_loss":5.0963043487994195,"epoch":54,"train_hamming_loss":0.33515625,"val_accuracy":0.0125,"train_loss":4.989486512172128,"hamming_loss":0.334765625,"train_f1_score":0.13157894736842105,"_wandb":{"runtime":1},"_step":55,"val_recall":0.06192660550458716}