{"val_loss":0.1627829083897856,"epoch":37,"_step":37,"train_loss":0.15655430630997635,"val_accuracy":0.6200873362445415,"_runtime":1.365094,"train_accuracy":0.6017505470459519,"_timestamp":1.728595436490659e+09,"_wandb":{"runtime":1}}