{"train_accuracy":0.659765625,"val_hamming_loss":0.3390625,"val_f1_score":0.03982300884955752,"val_loss":5.119601095712707,"epoch":13,"train_recall":0.014797951052931132,"_step":14,"_timestamp":1.72863935880928e+09,"val_recall":0.020642201834862386,"_runtime":0.524894,"val_precision":0.5625,"train_hamming_loss":0.340234375,"train_precision":0.7027027027027027,"_wandb":{"runtime":0},"val_accuracy":0.6609375,"train_loss":5.013327254242855,"hamming_loss":0.336328125,"train_f1_score":0.028985507246376812}