{"_wandb":{"runtime":1},"_step":100,"val_loss":0.21387121652643878,"val_precision":0.05136612021857924,"val_accuracy":0.2568306010928962,"_timestamp":1.728599091161877e+09,"train_recall":0.16666666666666666,"epoch":99,"train_loss":0.1950644498018121,"val_f1_score":0.08173913043478262,"train_f1_score":0.10410787080589524,"val_recall":0.2,"train_accuracy":0.454172366621067,"_runtime":1.5522930000000001,"train_precision":0.0756953944368445}