{"train_f1_score":0.14077425842131724,"train_loss":4.970993451070969,"train_hamming_loss":0.3337890625,"train_recall":0.0796812749003984,"hamming_loss":0.333203125,"_step":6,"val_accuracy":0.00625,"val_f1_score":0.10909090909090909,"train_accuracy":0.0234375,"_runtime":0.547779,"val_loss":5.149208815921931,"_timestamp":1.728608114868972e+09,"val_hamming_loss":0.34453125,"val_precision":0.4576271186440678,"epoch":5,"train_precision":0.603448275862069,"_wandb":{"runtime":0},"val_recall":0.06192660550458716}