{"_wandb":{"runtime":1},"_runtime":1.7085569999999999,"val_accuracy":0,"_timestamp":1.728593273159894e+09,"train_loss":0.19869895339662208,"val_loss":0.18866465790276443,"train_accuracy":0,"_step":11,"epoch":11}