{"val_mse":0.07965823259974009,"train_loss":0.015301156942166085,"_runtime":4.905175,"mae_val":0.24261182350015192,"val_rmse":0.2822379007145215,"_wandb":{"runtime":4},"rmse_train":0.17493517051848714,"mae_train":0.1376744231642505,"val_r_squared":-0.6272851290543182,"rmse_val":0.2822379007145215,"val_loss":0.03982911629987004,"_timestamp":1.7286817720452008e+09,"r2_val":-0.6272851290543182,"epoch":199,"mse_val":0.07965823259974009,"mse_train":0.03060231388433217,"train_mse":0.03060231388433217,"train_rmse":0.17493517051848714,"_step":201,"train_r_squared":0.17632107479713355,"r2_train":0.17632107479713355}