{"val_loss":5.1846621825266785,"train_loss":4.987459483566957,"_runtime":1.455436,"train_accuracy":0.01875,"train_precision":0.6102941176470589,"train_recall":0.09447922595332954,"val_hamming_loss":0.3515625,"val_accuracy":0.0125,"train_f1_score":0.16362740266140957,"val_f1_score":0.0963855421686747,"train_hamming_loss":0.3314453125,"_wandb":{"runtime":1},"_step":38,"epoch":37,"hamming_loss":0.33203125,"_timestamp":1.728611078465754e+09,"val_precision":0.3870967741935484,"val_recall":0.05504587155963303}