{"val_accuracy":0,"train_accuracy":0,"train_loss":0.15372798091039533,"_runtime":1.599189,"epoch":104,"_step":104,"val_loss":0.1630838513662767,"_timestamp":1.728593220138165e+09,"_wandb":{"runtime":1}}