{"rmse_train":0.2917722768058601,"val_loss":0.10596751661963283,"mae_train":0.23342617010192948,"val_mse":0.21193503323926566,"train_mse":0.08513106151247544,"mse_val":0.21193503323926566,"_wandb":{"runtime":1},"_timestamp":1.7286824605080981e+09,"train_loss":0.04256553075623772,"_runtime":1.5156770000000002,"rmse_val":0.4603640225291999,"epoch":399,"val_r_squared":-3.3294800381626217,"r2_val":-3.3294800381626217,"train_rmse":0.2917722768058601,"val_rmse":0.4603640225291999,"r2_train":-1.2913516119405402,"mse_train":0.08513106151247544,"mae_val":0.3895102780164963,"_step":401,"train_r_squared":-1.2913516119405402}