{"r2_train":-1.5715190068414615,"r2_val":-0.6232944422055122,"rmse_val":0.2818916139932926,"_runtime":1.4226969999999999,"train_mse":0.09739064480580573,"val_loss":0.03942563672364011,"epoch":50,"mse_train":0.09554017882332808,"train_rmse":0.31207474233876364,"val_r_squared":-0.6108002964677051,"mae_val":0.24893065589189486,"val_rmse":0.28080468914759993,"val_mse":0.07885127344728023,"mae_train":0.23917574935924962,"_wandb":{"runtime":1},"_step":52,"train_r_squared":-1.6213253658420475,"rmse_train":0.309095743780674,"_timestamp":1.7286812603708858e+09,"train_loss":0.04869532240290286,"mse_val":0.07946288203974347}