{"val_loss":0.16840423140695912,"train_loss":0.1548791816947554,"train_recall":0.30457717810814405,"train_precision":0.2989793373951195,"train_accuracy":0.615595075239398,"val_recall":0.37792553191489364,"epoch":21,"train_f1_score":0.30175229844223533,"_step":22,"_wandb":{"runtime":2},"val_f1_score":0.3535774546956794,"val_accuracy":0.5628415300546448,"_runtime":2.441196,"val_precision":0.3321767687584779,"_timestamp":1.728598360230376e+09}