{"r2_train":0.8396308550112983,"mse_val":0.12827725528079656,"_timestamp":1.7286821960542662e+09,"_runtime":3.486063,"train_loss":0.002979114046834147,"mae_train":0.05890114599587018,"train_mse":0.005958228093668294,"_step":401,"epoch":399,"r2_val":-1.6204908532583473,"val_r_squared":-1.6204908532583473,"val_rmse":0.35815814283748537,"rmse_val":0.35815814283748537,"train_rmse":0.07718955948616557,"mse_train":0.005958228093668294,"train_r_squared":0.8396308550112983,"mae_val":0.2670600227933621,"_wandb":{"runtime":3},"val_mse":0.12827725528079656,"val_loss":0.06413862764039828,"rmse_train":0.07718955948616557}