{"train_recall":0.6095617529880478,"val_loss":34.349209549455985,"val_accuracy":0.46796875000000004,"epoch":4,"_runtime":0.585011,"_step":5,"_wandb":{"runtime":0},"train_precision":0.33679245283018866,"hamming_loss":0.4576171875,"val_hamming_loss":0.53203125,"train_accuracy":0.4541015625,"train_f1_score":0.43386672068057525,"val_f1_score":0.44768856447688565,"_timestamp":1.7286416895557098e+09,"val_precision":0.3462986198243413,"train_loss":33.165413453429196,"train_hamming_loss":0.5458984375,"val_recall":0.6330275229357798}