{"train_precision":0.295185746525427,"train_recall":0.2991830871243258,"val_recall":0.3674202127659575,"train_loss":0.15323733967603756,"val_f1_score":0.34303315840778564,"val_accuracy":0.5519125683060109,"val_precision":0.3216819253330409,"_timestamp":1.728598288974488e+09,"epoch":27,"_runtime":1.376606,"train_accuracy":0.6114911080711354,"val_loss":0.16752256560502318,"_step":28,"train_f1_score":0.2971709750603028,"_wandb":{"runtime":1}}