{"val_loss":0.17727049107436563,"_runtime":1.352534,"train_loss":0.2664820210472231,"val_rmse":0.595433440569751,"train_mse":0.5329640420944463,"_step":401,"mae_train":0.6011943709684734,"mse_val":0.35454098214873125,"rmse_val":0.595433440569751,"_timestamp":1.7286824711285539e+09,"epoch":399,"train_r_squared":-13.345034529852475,"val_r_squared":-6.242682257211233,"val_mse":0.35454098214873125,"r2_train":-13.345034529852475,"rmse_train":0.7300438631304603,"mae_val":0.4792019285971089,"_wandb":{"runtime":1},"train_rmse":0.7300438631304603,"mse_train":0.5329640420944463,"r2_val":-6.242682257211233}