{"_wandb":{"runtime":3},"val_f1_score":0.08173913043478262,"val_accuracy":0.2568306010928962,"val_loss":0.2097717310199843,"train_f1_score":0.10410787080589524,"val_recall":0.2,"epoch":99,"train_precision":0.0756953944368445,"train_recall":0.16666666666666666,"_timestamp":1.728597720126424e+09,"val_precision":0.05136612021857924,"_step":100,"_runtime":3.396996,"train_loss":0.1939721625331945,"train_accuracy":0.454172366621067}