{"val_accuracy":0.56875,"_runtime":0.509491,"train_f1_score":0.31261538461538463,"val_hamming_loss":0.43125,"_step":5,"val_precision":0.3489583333333333,"val_f1_score":0.32682926829268294,"val_loss":21.3177209297353,"_timestamp":1.728640212564418e+09,"epoch":4,"hamming_loss":0.5224609375,"train_accuracy":0.563671875,"train_hamming_loss":0.436328125,"_wandb":{"runtime":0},"val_recall":0.3073394495412844,"train_precision":0.3402545210984595,"train_loss":19.787128041764223,"train_recall":0.28912919749573135}