{"val_precision":0,"val_loss":5.090268491392782,"val_recall":0,"val_f1_score":0,"epoch":99,"hamming_loss":0.3431640625,"_runtime":3.125321,"train_hamming_loss":0.3431640625,"train_recall":0,"val_hamming_loss":0.340625,"train_loss":5.070002346119816,"train_accuracy":0,"train_precision":0,"_step":100,"_timestamp":1.7286086634673421e+09,"_wandb":{"runtime":3},"train_f1_score":0,"val_accuracy":0}