{"val_accuracy":0.2568306010928962,"train_accuracy":0.454172366621067,"val_recall":0.2,"_step":9,"train_f1_score":0.10410787080589524,"val_precision":0.05136612021857924,"val_loss":0.25763040489963857,"_wandb":{"runtime":0},"train_recall":0.16666666666666666,"train_precision":0.0756953944368445,"_runtime":0.487042,"_timestamp":1.728598418417462e+09,"train_loss":0.320502952971632,"val_f1_score":0.08173913043478262,"epoch":8}