{"train_recall":0.09789413773477519,"val_hamming_loss":0.33671875,"val_recall":0.08256880733944955,"train_f1_score":0.16837983357807149,"train_hamming_loss":0.3318359375,"_step":21,"epoch":20,"_timestamp":1.728640523708162e+09,"_runtime":0.832313,"val_f1_score":0.14314115308151096,"train_precision":0.6013986013986014,"train_accuracy":0.6681640625,"_wandb":{"runtime":1},"val_precision":0.5373134328358209,"train_loss":4.9820771000133295,"val_loss":5.076499078197616,"hamming_loss":0.3326171875,"val_accuracy":0.66328125}