{"val_hamming_loss":0.340625,"_wandb":{"runtime":0},"val_accuracy":0,"train_hamming_loss":0.3431640625,"_runtime":0.508657,"train_loss":5.141827359058988,"epoch":9,"train_accuracy":0,"train_f1_score":0,"val_f1_score":0,"hamming_loss":0.3431640625,"val_recall":0,"val_precision":0,"train_recall":0,"train_precision":0,"_step":10,"val_loss":5.139167469619135,"_timestamp":1.728608510337964e+09}