{"train_hamming_loss":0.3431640625,"train_precision":0,"val_loss":5.139741357492879,"_runtime":0.575951,"train_accuracy":0.6568359375,"val_precision":0,"_timestamp":1.7286412697477e+09,"epoch":10,"val_accuracy":0.659375,"train_f1_score":0,"val_f1_score":0,"_wandb":{"runtime":0},"_step":11,"val_hamming_loss":0.340625,"train_recall":0,"hamming_loss":0.3431640625,"train_loss":5.142037467065982,"val_recall":0}