{"train_accuracy":0.5348837209302325,"train_f1_score":0.18705378884912716,"_runtime":2.8945410000000003,"train_recall":0.207812732411126,"train_precision":0.17006551141166526,"val_precision":0.17872749099639856,"val_recall":0.2531914893617021,"_step":100,"val_f1_score":0.20954059299612182,"_wandb":{"runtime":2},"_timestamp":1.7285989577274098e+09,"val_accuracy":0.4426229508196721,"val_loss":0.19889702200324766,"epoch":99,"train_loss":0.18324196823293673}