{"val_precision":0,"_wandb":{"runtime":1},"train_precision":0.5,"train_f1_score":0.0011370096645821489,"epoch":22,"train_accuracy":0,"train_recall":0.0005691519635742744,"val_hamming_loss":0.34140625,"val_recall":0,"val_loss":5.149605550198048,"val_accuracy":0,"hamming_loss":0.3427734375,"train_hamming_loss":0.3431640625,"train_loss":5.132947157146878,"_step":23,"_timestamp":1.728608297642763e+09,"_runtime":1.6839490000000001,"val_f1_score":0}