{"val_loss":0.3448467466158319,"_runtime":0.503463,"_wandb":{"runtime":0},"epoch":8,"train_loss":0.3311030535387175,"val_accuracy":0.4279475982532751,"_step":8,"train_accuracy":0.3982494529540481,"_timestamp":1.728595759348279e+09}