{"_wandb":{"runtime":0},"hamming_loss":0.3294921875,"val_accuracy":0.0125,"_timestamp":1.728608034992266e+09,"_step":12,"train_precision":0.6594827586206896,"val_recall":0.08256880733944955,"train_accuracy":0.0359375,"_runtime":0.62563,"train_f1_score":0.15384615384615385,"val_loss":5.15720441020814,"train_recall":0.08708025042686397,"val_precision":0.5454545454545454,"val_hamming_loss":0.3359375,"train_hamming_loss":0.3287109375,"epoch":11,"val_f1_score":0.14342629482071714,"train_loss":4.9105375803001765}