{"epoch":10,"val_precision":0,"train_accuracy":0.6568359375,"_step":11,"_timestamp":1.728640089003319e+09,"train_f1_score":0,"_runtime":0.574897,"train_loss":5.14330645126627,"train_precision":0,"val_accuracy":0.659375,"train_hamming_loss":0.3431640625,"val_recall":0,"train_recall":0,"val_f1_score":0,"val_hamming_loss":0.340625,"_wandb":{"runtime":0},"hamming_loss":0.3431640625,"val_loss":5.141381315058669}