{"val_loss":0.010721544990256588,"_timestamp":1.730464755216299e+09,"_runtime":3138.205292,"_step":10,"val_acc":0.9993333333333333,"test_acc":0.9986956521739131,"_wandb":{"runtime":3138},"train_loss":0.05974177653702723}