{"val_loss":0.02019574995996632,"rmse_train":0.23316863905697394,"train_mse":0.0554831851166401,"rmse_val":0.2013487596098213,"val_rmse":0.20097636657063098,"_step":46,"r2_train":-0.46333568866869634,"val_mse":0.04039149991993264,"train_rmse":0.23554868948189905,"train_r_squared":-0.49336192212261243,"epoch":44,"_timestamp":1.7286814219126751e+09,"mae_train":0.15871938122308232,"r2_val":0.1718082378786424,"mse_train":0.05436761423968139,"train_loss":0.02774159255832005,"val_r_squared":0.17486887400361995,"mse_val":0.0405413229964136,"_wandb":{"runtime":1},"mae_val":0.14348343176921485,"_runtime":1.398996}