{"Test Loss":0.12986084780875284,"_wandb":{"runtime":77},"Train Loss":0.12957575729550302,"Val Loss":0.12962180186229147,"_timestamp":1.730574704107959e+09,"_runtime":77.170998,"_step":10}