{"val_precision":0.3323076923076923,"train_loss":0.1551662593691645,"val_accuracy":0.5792349726775956,"val_recall":0.36781914893617024,"train_recall":0.2832061188222676,"train_f1_score":0.2845631243122421,"val_loss":0.1700146932391387,"train_precision":0.28593319682150264,"_timestamp":1.728598754965308e+09,"train_accuracy":0.5978112175102599,"_runtime":1.5958459999999999,"_step":70,"_wandb":{"runtime":1},"epoch":69,"val_f1_score":0.34916282413170396}