{"val_loss":0.16170358061816853,"_step":32,"_runtime":1.4643950000000001,"train_loss":0.15598817585065072,"epoch":32,"val_accuracy":0.611353711790393,"_timestamp":1.728594435382868e+09,"_wandb":{"runtime":1},"train_accuracy":0.5908096280087527}