{"train_precision":0.0756953944368445,"train_recall":0.16666666666666666,"val_accuracy":0.2568306010928962,"val_loss":0.2268066419603907,"val_f1_score":0.08173913043478262,"train_loss":0.2830419638258744,"train_accuracy":0.454172366621067,"epoch":9,"train_f1_score":0.10410787080589524,"val_precision":0.05136612021857924,"_runtime":0.595132,"_step":10,"val_recall":0.2,"_timestamp":1.728598173900383e+09,"_wandb":{"runtime":0}}