{"train_recall":0.16813178640487877,"val_precision":0.15193370165745856,"val_f1_score":0.17347277556440904,"_timestamp":1.728597966622432e+09,"epoch":199,"train_accuracy":0.45690834473324216,"_wandb":{"runtime":1},"val_recall":0.2021276595744681,"_runtime":1.578673,"train_precision":0.12126008690254501,"val_accuracy":0.26229508196721313,"_step":200,"train_f1_score":0.14090012133048194,"val_loss":0.20995180490020096,"train_loss":0.19390579780350042}