{"_step":21,"val_f1_score":0.13141683778234087,"epoch":20,"val_hamming_loss":0.33046875,"train_f1_score":0.12255406797116372,"_timestamp":1.7286412158125818e+09,"_wandb":{"runtime":1},"val_recall":0.07339449541284404,"train_hamming_loss":0.3328125,"val_loss":5.068777162627991,"train_recall":0.06772908366533864,"train_loss":5.0261633515130155,"train_precision":0.6432432432432432,"_runtime":1.188531,"train_accuracy":0.6671875,"val_accuracy":0.66953125,"val_precision":0.6274509803921569,"hamming_loss":0.332421875}