{"_runtime":2.329045,"_wandb":{"runtime":2},"train_f1_score":0.2838558283161434,"val_accuracy":0.5792349726775956,"epoch":99,"train_recall":0.2829755669852901,"train_accuracy":0.5978112175102599,"train_precision":0.28474158325142795,"val_recall":0.3595744680851064,"train_loss":0.15402283278811663,"val_precision":0.33066228790366725,"_step":100,"val_loss":0.1700607815474462,"_timestamp":1.728597420732065e+09,"val_f1_score":0.34451285086504224}