{"train_accuracy":0.6568359375,"_timestamp":1.728639759725133e+09,"val_accuracy":0.659375,"train_recall":0,"val_hamming_loss":0.340625,"val_recall":0,"_step":9,"_runtime":0.483697,"train_f1_score":0,"val_precision":0,"_wandb":{"runtime":0},"train_hamming_loss":0.3431640625,"train_precision":0,"train_loss":5.140656361228766,"val_loss":5.141305013675356,"val_f1_score":0,"hamming_loss":0.3431640625,"epoch":8}