{"train_recall":0.2697139434932714,"val_f1_score":0.34415575355916983,"train_f1_score":0.27639286348688025,"epoch":99,"_wandb":{"runtime":1},"train_accuracy":0.5896032831737346,"val_accuracy":0.5901639344262295,"val_recall":0.35558510638297874,"train_loss":0.1583416426508722,"_step":100,"val_loss":0.16896085039840225,"train_precision":0.2834109624361088,"val_precision":0.33343825337600863,"_runtime":1.447427,"_timestamp":1.728598510570098e+09}