{"train_precision":0,"_step":9,"hamming_loss":0.3431640625,"_timestamp":1.728639266993643e+09,"val_loss":5.13921680762521,"val_recall":0,"_runtime":0.554736,"epoch":8,"train_recall":0,"val_accuracy":0.659375,"train_hamming_loss":0.3431640625,"train_loss":5.14260736140934,"train_accuracy":0.6568359375,"val_hamming_loss":0.340625,"_wandb":{"runtime":0},"val_f1_score":0,"train_f1_score":0,"val_precision":0}