{"val_loss":1.0136806394191498,"_timestamp":1.730470615004732e+09,"val_acc":0.5333333333333333,"test_acc":0.43478260869565216,"_wandb":{"runtime":113},"_runtime":113.683537,"_step":10,"train_loss":1.078495915619855}