{"train_f1_score":0.10410787080589524,"val_loss":0.2120410004903026,"_timestamp":1.728596247277121e+09,"train_precision":0.0756953944368445,"val_accuracy":0.2568306010928962,"train_loss":0.19489636404810148,"epoch":199,"_step":200,"val_f1_score":0.08173913043478262,"val_recall":0.2,"val_precision":0.05136612021857924,"_runtime":8.532661000000001,"_wandb":{"runtime":8},"train_recall":0.16666666666666666,"train_accuracy":0.454172366621067}