{"val_recall":0.8738532110091743,"train_hamming_loss":0.6197265625,"val_precision":0.339572192513369,"_wandb":{"runtime":0},"_timestamp":1.728610835068822e+09,"hamming_loss":0.3654296875,"train_loss":12.373925378298157,"train_accuracy":0,"val_hamming_loss":0.621875,"train_f1_score":0.48797805389704696,"val_f1_score":0.4890885750962773,"epoch":4,"train_precision":0.34054054054054056,"_step":5,"val_loss":12.57675829776622,"_runtime":0.785769,"train_recall":0.8605577689243028,"val_accuracy":0}