{"val_f1_score":0.14741035856573706,"train_loss":4.948548594321125,"val_precision":0.5606060606060606,"train_recall":0.08081957882754695,"train_accuracy":0.6666015625,"_step":69,"train_hamming_loss":0.3333984375,"epoch":68,"val_loss":5.126139048191115,"train_f1_score":0.14264188849824208,"_runtime":3.089066,"_wandb":{"runtime":3},"hamming_loss":0.3333984375,"val_hamming_loss":0.334375,"_timestamp":1.7286394291940758e+09,"val_recall":0.08486238532110092,"train_precision":0.6068376068376068,"val_accuracy":0.665625}