{"train_loss":4.965468185548415,"_runtime":1.912019,"train_recall":0.10700056915196357,"hamming_loss":0.3302734375,"train_accuracy":0.6697265625,"val_hamming_loss":0.34375,"_step":9,"val_accuracy":0.65625,"val_recall":0.08027522935779817,"train_hamming_loss":0.3302734375,"val_precision":0.47297297297297297,"val_loss":5.1348370405183505,"train_precision":0.6064516129032258,"train_f1_score":0.18190614417029513,"epoch":8,"val_f1_score":0.13725490196078433,"_wandb":{"runtime":1},"_timestamp":1.7286402577395918e+09}