{"r2_train":-0.5424355212842542,"val_rmse":0.21457710461861587,"mse_train":0.057306426720895774,"mae_train":0.17523922201648656,"train_rmse":0.24679088445782746,"r2_val":-0.0001486922812141689,"rmse_train":0.23938760770118359,"mae_val":0.178815946589346,"_step":9,"train_mse":0.06090574065147675,"val_mse":0.04604333382650842,"_timestamp":1.728681577866386e+09,"_wandb":{"runtime":0},"train_loss":0.030452870325738374,"val_loss":0.02302166691325421,"rmse_val":0.22126656360715927,"train_r_squared":-0.6393131312915974,"_runtime":0.665351,"epoch":7,"val_r_squared":0.059411312771138536,"mse_val":0.04895889217052106}