{"val_accuracy":0.0125,"_timestamp":1.7286083847661161e+09,"val_loss":5.101945119034187,"train_hamming_loss":0.3298828125,"epoch":15,"train_precision":0.673469387755102,"_wandb":{"runtime":0},"val_recall":0.06422018348623854,"val_hamming_loss":0.3328125,"_runtime":0.540815,"val_f1_score":0.11618257261410789,"_step":16,"train_loss":5.0112343750531965,"train_accuracy":0.0296875,"val_precision":0.6086956521739131,"train_recall":0.07512805919180421,"hamming_loss":0.3298828125,"train_f1_score":0.13517665130568357}