{"_runtime":0.501764,"rmse_train":0.18702647444568746,"train_rmse":0.18704638230672158,"_step":7,"train_loss":0.017493174567016122,"mae_val":0.2223252179676538,"val_loss":0.037921162317972434,"mse_val":0.07586038888760487,"val_rmse":0.27539485223210847,"_timestamp":1.728681794395755e+09,"r2_val":-0.5497015021832112,"val_r_squared":-0.5493324795833563,"val_mse":0.07584232463594487,"train_r_squared":0.058322237971490054,"r2_train":0.05852267801377231,"epoch":5,"train_mse":0.034986349134032244,"mse_train":0.03497890214358339,"_wandb":{"runtime":0},"rmse_val":0.2754276472825574,"mae_train":0.1433488709307935}