{"epoch":60,"train_hamming_loss":0.3318359375,"val_loss":5.030182119613303,"val_recall":0.06422018348623854,"val_hamming_loss":0.3296875,"val_precision":0.6666666666666666,"train_precision":0.6746987951807228,"_wandb":{"runtime":1},"train_accuracy":0.0296875,"hamming_loss":0.3318359375,"_step":61,"val_accuracy":0.0125,"_runtime":1.39737,"train_loss":5.022575256301175,"train_f1_score":0.11648465938637545,"train_recall":0.06374501992031872,"val_f1_score":0.11715481171548117,"_timestamp":1.728608533460015e+09}