{"val_recall":0.2,"val_f1_score":0.08173913043478262,"_timestamp":1.72859669697546e+09,"epoch":7,"train_precision":0.0756953944368445,"train_f1_score":0.10410787080589524,"_wandb":{"runtime":0},"_runtime":0.526597,"val_precision":0.05136612021857924,"train_recall":0.16666666666666666,"val_accuracy":0.2568306010928962,"train_accuracy":0.454172366621067,"train_loss":0.19499114938126583,"_step":8,"val_loss":0.19576070396640383}