{"mae_train":0.41260324597841563,"_step":201,"epoch":199,"r2_train":-7.33795408876056,"val_rmse":0.5897262244383781,"train_r_squared":-7.33795408876056,"val_mse":0.34777701979034426,"_timestamp":1.728682285926962e+09,"_runtime":1.8505880000000001,"_wandb":{"runtime":1},"mae_val":0.5059265531160495,"mse_train":0.30978173699728584,"rmse_val":0.5897262244383781,"r2_val":-6.10450576245277,"val_r_squared":-6.10450576245277,"val_loss":0.17388850989517213,"train_rmse":0.5565803958075471,"train_mse":0.30978173699728584,"train_loss":0.15489086849864292,"mse_val":0.34777701979034426,"rmse_train":0.5565803958075471}