{"train_f1_score":0.30030844726242517,"train_accuracy":0.6169630642954856,"epoch":19,"val_f1_score":0.33462312872898514,"val_recall":0.35890957446808514,"val_precision":0.31341516718875206,"_runtime":0.547456,"_wandb":{"runtime":1},"train_loss":0.15271260111185705,"train_precision":0.2951890064344329,"train_recall":0.30560859422093833,"_step":20,"val_loss":0.1706747317483557,"_timestamp":1.72859930772719e+09,"val_accuracy":0.5355191256830601}