{"train_r_squared":0.19232475157913353,"val_rmse":0.2457893063027722,"mse_train":0.02961860259476188,"val_r_squared":-0.2341244515380254,"rmse_val":0.2460433162154646,"r2_train":0.20279823141887587,"_runtime":0.680972,"rmse_train":0.17210055954226844,"_step":7,"train_loss":0.015003862981375756,"mse_val":0.06053731345430311,"train_mse":0.030007725962751513,"val_mse":0.060412383092797985,"_wandb":{"runtime":0},"mae_val":0.20363852617225267,"mae_train":0.12976684572466385,"_timestamp":1.728681168084623e+09,"r2_val":-0.236676570921168,"train_rmse":0.173227382254514,"epoch":5,"val_loss":0.030206191546398992}