{"val_loss":0.2231450105404458,"epoch":8,"train_precision":0.0756953944368445,"_timestamp":1.728596409443553e+09,"train_f1_score":0.10410787080589524,"_runtime":0.55117,"val_precision":0.05136612021857924,"train_accuracy":0.454172366621067,"val_f1_score":0.08173913043478262,"val_recall":0.2,"train_loss":0.27743885359446024,"_wandb":{"runtime":0},"_step":9,"val_accuracy":0.2568306010928962,"train_recall":0.16666666666666666}