{"train_f1_score":0.2759335822999068,"_wandb":{"runtime":2},"val_loss":0.17579512209571807,"_step":100,"train_precision":0.3207991343862419,"_timestamp":1.7285985385964758e+09,"val_accuracy":0.5136612021857924,"epoch":99,"val_precision":0.26255665902724723,"train_loss":0.16272260339146885,"train_accuracy":0.5896032831737346,"val_f1_score":0.2722004934861353,"_runtime":2.247508,"train_recall":0.2420776673947251,"val_recall":0.28257978723404253}