{"val_accuracy":0.5300546448087432,"_runtime":1.5492629999999998,"train_precision":0.2542700356048026,"train_loss":0.16804958569631043,"train_recall":0.2263437766661187,"_timestamp":1.728597930436266e+09,"train_accuracy":0.5663474692202463,"train_f1_score":0.23949557287952958,"val_precision":0.40912195121951217,"_step":200,"_wandb":{"runtime":1},"epoch":199,"val_recall":0.2934840425531915,"val_f1_score":0.3417869053362944,"val_loss":0.18008639429341688}