{"train_accuracy":0.6564453125,"val_hamming_loss":0.340625,"val_f1_score":0,"hamming_loss":0.505078125,"train_f1_score":0.005652911249293386,"epoch":4,"_step":5,"_runtime":0.492437,"val_precision":0,"train_hamming_loss":0.3435546875,"train_loss":36.85912486511402,"val_loss":37.7227091688962,"_wandb":{"runtime":0},"val_accuracy":0.659375,"train_recall":0.0028457598178713715,"train_precision":0.4166666666666667,"val_recall":0,"_timestamp":1.728641559721778e+09}