{"_step":10,"val_acc":0.998,"test_acc":0.9984782608695653,"_wandb":{"runtime":189},"train_loss":0.072584280105979,"val_loss":0.02356412755127283,"_timestamp":1.730459352499776e+09,"_runtime":189.735773}