{"val_accuracy":0.659375,"val_hamming_loss":0.340625,"train_hamming_loss":0.3431640625,"hamming_loss":0.3431640625,"train_f1_score":0,"train_accuracy":0.6568359375,"train_recall":0,"val_recall":0,"val_f1_score":0,"_wandb":{"runtime":0},"train_precision":0,"_runtime":0.557419,"val_precision":0,"train_loss":5.142089269985025,"epoch":11,"val_loss":5.139358819088171,"_step":12,"_timestamp":1.728640863494439e+09}