{"_wandb":{"runtime":0},"val_accuracy":0.45414847161572053,"_timestamp":1.7285946562654872e+09,"epoch":7,"_step":7,"train_accuracy":0.41466083150984684,"val_loss":0.3635095951918699,"train_loss":0.35603853525760704,"_runtime":0.518669}