{"hamming_loss":0.3330078125,"train_f1_score":0.10867293625914315,"val_f1_score":0.08842105263157896,"_step":65,"_wandb":{"runtime":1},"_timestamp":1.728641296674492e+09,"train_recall":0.05919180421172453,"val_precision":0.5384615384615384,"train_loss":5.035257721089744,"val_accuracy":0.66171875,"val_hamming_loss":0.33828125,"_runtime":1.572662,"epoch":64,"train_accuracy":0.666796875,"train_hamming_loss":0.333203125,"train_precision":0.6624203821656051,"val_loss":5.066451972384229,"val_recall":0.0481651376146789}