{"_timestamp":1.728640783217757e+09,"_wandb":{"runtime":0},"val_f1_score":0.14417744916820702,"train_hamming_loss":0.3322265625,"train_f1_score":0.1987753179463024,"_runtime":0.577555,"train_accuracy":0.6677734375,"train_loss":4.978978103867753,"train_recall":0.12009106431417188,"val_loss":5.2167586824882175,"val_hamming_loss":0.36171875,"val_accuracy":0.63828125,"train_precision":0.5765027322404371,"val_precision":0.37142857142857144,"epoch":6,"_step":7,"hamming_loss":0.3361328125,"val_recall":0.08944954128440367}