{"val_loss":0.23645280447382064,"train_recall":0.16666666666666666,"val_accuracy":0.5136612021857924,"_wandb":{"runtime":0},"epoch":15,"val_precision":0.10273224043715848,"val_recall":0.2,"_runtime":0.491946,"_step":16,"train_accuracy":0.3693570451436389,"val_f1_score":0.13574007220216605,"train_f1_score":0.0899100899100899,"train_precision":0.061559507523939815,"_timestamp":1.728598623699716e+09,"train_loss":0.26551485909960265}