{"_wandb":{"runtime":1},"val_recall":0.09862385321100918,"val_f1_score":0.16996047430830039,"val_accuracy":0.671875,"val_loss":5.093563218987136,"train_precision":0.5939597315436241,"train_accuracy":0.6677734375,"train_f1_score":0.17226277372262774,"train_hamming_loss":0.3322265625,"_step":23,"train_recall":0.10073989755264656,"hamming_loss":0.331640625,"_runtime":1.888271,"_timestamp":1.7286397924320629e+09,"val_hamming_loss":0.328125,"train_loss":4.995409333167118,"epoch":22,"val_precision":0.6142857142857143}