{"r2_train":-1.2617603451079882,"mae_val":0.17288221716733312,"val_loss":0.027652718764259284,"_wandb":{"runtime":1},"rmse_train":0.28988213301371896,"val_r_squared":-0.12979805236470354,"train_mse":0.08430967475019353,"mse_val":0.055310318938933116,"mae_train":0.1960058990374977,"epoch":356,"train_rmse":0.29036128314600335,"_step":358,"train_loss":0.04215483737509677,"_runtime":1.424642,"train_r_squared":-1.2692435135761673,"_timestamp":1.728681395272886e+09,"r2_val":-0.12989777145609138,"rmse_val":0.23518145959861103,"val_rmse":0.23517108140355727,"val_mse":0.05530543752851857,"mse_train":0.08403165104058345}