{"val_hamming_loss":0.33984375,"_timestamp":1.728641036808046e+09,"_runtime":1.452181,"epoch":41,"val_f1_score":0.13518886679920478,"_step":42,"val_recall":0.0779816513761468,"val_precision":0.5074626865671642,"hamming_loss":0.3279296875,"train_accuracy":0.672265625,"_wandb":{"runtime":1},"train_f1_score":0.1766437684003925,"train_hamming_loss":0.327734375,"train_loss":4.935430899802297,"val_accuracy":0.66015625,"train_precision":0.6405693950177936,"val_loss":5.185935307994152,"train_recall":0.10244735344336937}