{"train_f1_score":0,"val_precision":0,"val_f1_score":0,"val_recall":0,"_wandb":{"runtime":4},"train_precision":0,"val_accuracy":0.659375,"epoch":99,"val_loss":5.143180970967461,"_runtime":4.796429,"train_recall":0,"train_loss":5.138182336991294,"hamming_loss":0.3431640625,"_timestamp":1.728640114350909e+09,"train_accuracy":0.6568359375,"_step":100,"train_hamming_loss":0.3431640625,"val_hamming_loss":0.340625}