{"val_loss":0.17021650098355603,"_wandb":{"runtime":4},"train_loss":0.14906127546856263,"val_accuracy":0.6010928961748634,"epoch":199,"_step":199,"train_accuracy":0.615595075239398,"_timestamp":1.728596126302295e+09,"_runtime":4.746997}