{"train_rmse":0.5226172379238594,"_timestamp":1.7286815242953868e+09,"mae_val":0.6637034239822772,"r2_train":-6.351418544384278,"val_r_squared":-9.410136421055425,"val_loss":0.25479648698853763,"_step":201,"_runtime":1.429566,"_wandb":{"runtime":1},"r2_val":-9.410136421055425,"rmse_train":0.5226172379238594,"train_mse":0.2731287773751639,"train_r_squared":-6.351418544384278,"epoch":199,"mse_train":0.2731287773751639,"mae_train":0.46521424148550766,"train_loss":0.13656438868758194,"val_mse":0.5095929739770753,"rmse_val":0.7138578107558082,"mse_val":0.5095929739770753,"val_rmse":0.7138578107558082}