{"train_precision":0.5639412997903563,"_timestamp":1.7286403560923672e+09,"train_hamming_loss":0.33125,"hamming_loss":0.333203125,"val_f1_score":0.1691176470588235,"val_recall":0.10550458715596331,"train_accuracy":0.66875,"_step":5,"val_hamming_loss":0.353125,"epoch":4,"train_f1_score":0.24082363473589974,"_wandb":{"runtime":0},"val_accuracy":0.646875,"_runtime":0.514663,"val_loss":5.192188151994094,"val_precision":0.42592592592592593,"train_loss":4.960698361041281,"train_recall":0.1531018782014798}