{"train_loss":0.18978121675047124,"val_precision":0.1419452887537994,"_wandb":{"runtime":2},"val_loss":0.20724907809305812,"train_precision":0.14406793814088648,"val_accuracy":0.32786885245901637,"_timestamp":1.728597490227607e+09,"val_recall":0.21914893617021275,"train_accuracy":0.49247606019151846,"epoch":99,"val_f1_score":0.17229386059173293,"_runtime":2.368508,"_step":100,"train_recall":0.18452699687639448,"train_f1_score":0.16180665700105124}