{"_runtime":3.501026,"val_loss":0.17467140735087336,"train_accuracy":0.5937072503419972,"_step":92,"train_loss":0.15360322406495433,"train_recall":0.2715657953451232,"_wandb":{"runtime":3},"val_recall":0.3259308510638298,"val_precision":0.29217563291139237,"train_precision":0.27919208079399244,"train_f1_score":0.2753261378897807,"_timestamp":1.728599549288196e+09,"val_accuracy":0.5191256830601093,"val_f1_score":0.30813154420409106,"epoch":91}