{"val_rmse":0.3548793052328947,"_timestamp":1.728681216517979e+09,"val_loss":0.06296966064129102,"rmse_val":0.3673469534948186,"_wandb":{"runtime":0},"mae_train":0.19326848042506653,"epoch":14,"train_r_squared":-0.9058360675158934,"mse_train":0.06636803905901104,"_runtime":0.599397,"val_r_squared":-1.5727307523391931,"mae_val":0.2966824066017292,"r2_val":-1.7566769458542395,"train_mse":0.07080792256016273,"mse_val":0.13494378424192444,"train_rmse":0.26609758089874236,"train_loss":0.035403961280081366,"rmse_train":0.25761995081711164,"r2_train":-0.7863340427972034,"val_mse":0.12593932128258203,"_step":16}