{"train_loss":5.137952728411844,"val_hamming_loss":0.340625,"_step":9,"train_recall":0,"_wandb":{"runtime":0},"train_f1_score":0,"val_precision":0,"train_precision":0,"val_loss":5.139304710668463,"val_f1_score":0,"train_hamming_loss":0.343359375,"epoch":8,"_timestamp":1.728607948901244e+09,"val_recall":0,"val_accuracy":0,"hamming_loss":0.3431640625,"train_accuracy":0,"_runtime":0.545396}