{"val_f1_score":0.2290185658085444,"train_precision":0.1660125718676311,"val_accuracy":0.48633879781420764,"val_loss":0.19459966569173864,"train_recall":0.2043879220586048,"val_precision":0.1954066985645933,"_runtime":1.631158,"epoch":199,"train_accuracy":0.5321477428180574,"train_loss":0.18087819115690812,"train_f1_score":0.1832123075213132,"_step":200,"_wandb":{"runtime":1},"_timestamp":1.728599057267966e+09,"val_recall":0.276595744680851}