{"val_accuracy":0.17486338797814208,"_wandb":{"runtime":0},"val_recall":0.2,"train_precision":0.021659826721386232,"val_precision":0.034972677595628415,"_step":5,"train_accuracy":0.12995896032831739,"train_f1_score":0.038337368845843434,"_timestamp":1.728597779284169e+09,"train_loss":2.102255255743975,"epoch":4,"val_f1_score":0.05953488372093023,"val_loss":1.3012574071923868,"train_recall":0.16666666666666666,"_runtime":0.927823}