{"val_f1_score":0.1837088388214905,"train_precision":0.32616487455197135,"train_hamming_loss":0.3810546875,"train_accuracy":0.6189453125,"_timestamp":1.728640398419323e+09,"_step":5,"epoch":4,"val_recall":0.12155963302752294,"_wandb":{"runtime":0},"train_recall":0.10358565737051793,"train_loss":36.25981963341495,"hamming_loss":0.4986328125,"val_accuracy":0.63203125,"val_loss":38.55109750370134,"val_hamming_loss":0.36796875,"train_f1_score":0.1572354211663067,"val_precision":0.375886524822695,"_runtime":0.542337}