{"train_hamming_loss":0.329296875,"val_accuracy":0.01875,"train_precision":0.6820512820512821,"train_accuracy":0.0296875,"_runtime":1.486875,"_step":23,"epoch":22,"val_hamming_loss":0.33125,"train_recall":0.07569721115537849,"_wandb":{"runtime":1},"val_f1_score":0.1346938775510204,"train_f1_score":0.1362704918032787,"val_recall":0.07568807339449542,"val_loss":5.094323064783447,"_timestamp":1.728608466609986e+09,"val_precision":0.6111111111111112,"train_loss":5.024417389703499,"hamming_loss":0.330078125}