{"train_precision":0,"_runtime":7.94566,"val_recall":0,"train_accuracy":0.6568359375,"val_f1_score":0,"val_accuracy":0.659375,"val_loss":5.131215670460915,"hamming_loss":0.3431640625,"_wandb":{"runtime":7},"val_precision":0,"train_hamming_loss":0.3431640625,"train_f1_score":0,"train_loss":5.12457168768402,"train_recall":0,"_step":200,"_timestamp":1.728641537879649e+09,"epoch":199,"val_hamming_loss":0.340625}