{"_runtime":1.412941,"train_accuracy":0.6046511627906976,"epoch":42,"val_loss":0.16672423333180997,"train_precision":0.2895872488311209,"val_recall":0.3672872340425532,"train_loss":0.14803275206189484,"val_accuracy":0.5300546448087432,"train_recall":0.2937911490014639,"_step":43,"train_f1_score":0.2916740519921795,"_timestamp":1.7285979503750012e+09,"val_precision":0.31651175505740836,"val_f1_score":0.3400143285090333,"_wandb":{"runtime":1}}