{"val_loss":0.17196562792428052,"train_accuracy":0.6087551299589603,"val_recall":0.3804521276595745,"train_recall":0.2891818736936048,"train_f1_score":0.28865870552606226,"_runtime":1.8697979999999998,"epoch":75,"_step":76,"train_loss":0.1555427144726076,"val_accuracy":0.6010928961748634,"_timestamp":1.7285988200834188e+09,"_wandb":{"runtime":1},"val_f1_score":0.3613215017294509,"train_precision":0.2881374269005848,"val_precision":0.34402269083734127}