{"epoch":13,"train_f1_score":0.13922764227642276,"train_hamming_loss":0.330859375,"hamming_loss":0.33125,"train_recall":0.07797381900967558,"val_f1_score":0.13441955193482688,"val_accuracy":0.025,"_step":14,"_timestamp":1.7286084166510642e+09,"train_loss":5.005661426859678,"val_precision":0.6,"val_hamming_loss":0.33203125,"train_accuracy":0.025,"_wandb":{"runtime":0},"train_precision":0.6492890995260664,"_runtime":0.776301,"val_recall":0.07568807339449542,"val_loss":5.094429052971447}