{"train_recall":0.29703257474341815,"val_f1_score":0.3488622932407387,"train_loss":0.14812449695536423,"_runtime":5.253125,"val_loss":0.17184896597507252,"val_recall":0.3719414893617021,"_timestamp":1.72859696046611e+09,"_step":200,"epoch":199,"train_f1_score":0.2991979701044896,"train_accuracy":0.627906976744186,"val_precision":0.32847991434057006,"_wandb":{"runtime":5},"train_precision":0.3013951691887125,"val_accuracy":0.5683060109289617}