{"val_f1_score":0.11717171717171718,"_runtime":1.438288,"train_accuracy":0.66796875,"_wandb":{"runtime":1},"_timestamp":1.728640544725701e+09,"train_hamming_loss":0.33203125,"hamming_loss":0.33203125,"val_loss":5.146621715504559,"val_hamming_loss":0.34140625,"train_recall":0.08309618668184406,"train_f1_score":0.14658634538152612,"train_loss":4.981769094443139,"_step":55,"train_precision":0.6212765957446809,"val_precision":0.4915254237288136,"val_recall":0.06651376146788991,"epoch":54,"val_accuracy":0.65859375}