{"epoch":61,"_wandb":{"runtime":2},"train_hamming_loss":0.3322265625,"hamming_loss":0.3318359375,"_timestamp":1.728608499683638e+09,"val_recall":0.05504587155963303,"val_precision":0.631578947368421,"val_hamming_loss":0.3328125,"train_f1_score":0.11174934725848563,"_step":62,"val_accuracy":0.025,"train_recall":0.06089926010244735,"train_precision":0.6772151898734177,"train_loss":5.02452182674037,"_runtime":2.412661,"val_loss":5.043805441082445,"train_accuracy":0.03125,"val_f1_score":0.10126582278481013}