{"_wandb":{"runtime":1},"val_accuracy":0.00625,"train_accuracy":0,"val_precision":0.3333333333333333,"val_hamming_loss":0.34140625,"train_loss":5.0818287391127885,"train_precision":0.8333333333333334,"val_loss":5.0986277295716445,"val_f1_score":0.004555808656036446,"hamming_loss":0.3423828125,"train_f1_score":0.005672149744753261,"_step":100,"train_recall":0.0028457598178713715,"_runtime":1.598025,"_timestamp":1.728608643811156e+09,"val_recall":0.0022935779816513763,"train_hamming_loss":0.3423828125,"epoch":99}