{"val_recall":0.3595744680851064,"val_f1_score":0.34268894448473375,"train_loss":0.15220905729463266,"train_accuracy":0.5964432284541724,"epoch":68,"train_precision":0.2850749012039335,"_timestamp":1.728599525088413e+09,"val_loss":0.16675544235989984,"_wandb":{"runtime":1},"_runtime":1.549277,"train_f1_score":0.28075968162921966,"val_accuracy":0.5737704918032787,"_step":69,"val_precision":0.32731816833989924,"train_recall":0.27657315421530176}