{"train_loss":1.1230477923669187,"val_loss":1.0679827066178018,"_timestamp":1.730458841345807e+09,"_runtime":176.039691,"_step":10,"val_acc":0.5333333333333333,"test_acc":0.43478260869565216,"_wandb":{"runtime":176}}