{"train_recall":0.1765610199080924,"train_loss":0.19306632875489585,"val_recall":0.2148936170212766,"train_f1_score":0.19607088058221336,"val_precision":0.1357608695652174,"_wandb":{"runtime":1},"_timestamp":1.7285964972688708e+09,"epoch":40,"_runtime":1.6574710000000001,"val_loss":0.21551555281670198,"_step":41,"train_precision":0.2204280109661562,"train_accuracy":0.47332421340629277,"val_accuracy":0.3005464480874317,"val_f1_score":0.16639823773438067}