{"hamming_loss":0.3322265625,"train_recall":0.06089926010244735,"_runtime":5.591118,"_step":200,"epoch":199,"_wandb":{"runtime":5},"val_hamming_loss":0.33359375,"val_recall":0.05045871559633028,"val_loss":5.065217185852586,"val_accuracy":0.0125,"train_precision":0.6772151898734177,"val_precision":0.6285714285714286,"train_f1_score":0.11174934725848563,"train_accuracy":0.028125,"val_f1_score":0.09341825902335456,"train_loss":5.022911127899383,"_timestamp":1.728608708813206e+09,"train_hamming_loss":0.3322265625}