{"val_loss":5.09046964296911,"val_hamming_loss":0.34296875,"train_hamming_loss":0.334375,"_wandb":{"runtime":1},"train_accuracy":0.665625,"train_f1_score":0.18708452041785373,"val_accuracy":0.65703125,"_runtime":1.010348,"train_recall":0.11212293682413205,"hamming_loss":0.3357421875,"epoch":14,"train_loss":4.934468058840662,"val_recall":0.08256880733944955,"_timestamp":1.7286415710982678e+09,"_step":15,"train_precision":0.5644699140401146,"val_f1_score":0.14090019569471626,"val_precision":0.48}