{"val_precision":0.05136612021857924,"_step":5,"_runtime":0.525686,"_wandb":{"runtime":0},"epoch":4,"train_loss":1.90252992650237,"train_recall":0.16666666666666666,"val_accuracy":0.2568306010928962,"train_f1_score":0.10410787080589524,"_timestamp":1.728599371258271e+09,"val_loss":1.222498369369394,"train_accuracy":0.454172366621067,"val_recall":0.2,"val_f1_score":0.08173913043478262,"train_precision":0.0756953944368445}