{"_timestamp":1.72864093274387e+09,"val_loss":5.136781020392158,"val_hamming_loss":0.3359375,"_wandb":{"runtime":1},"hamming_loss":0.3357421875,"train_accuracy":0.663671875,"train_hamming_loss":0.336328125,"train_precision":0.5631768953068592,"val_precision":0.5428571428571428,"train_recall":0.0887877063175868,"val_recall":0.0871559633027523,"epoch":89,"val_f1_score":0.15019762845849802,"train_f1_score":0.15339233038348082,"val_accuracy":0.6640625,"_step":90,"train_loss":4.969174269450877,"_runtime":1.5514679999999998}