{"hamming_loss":0.33359375,"_runtime":1.475734,"val_hamming_loss":0.33671875,"val_loss":5.096760609788336,"train_hamming_loss":0.334765625,"_timestamp":1.7286081483870049e+09,"val_recall":0.06651376146788991,"_wandb":{"runtime":1},"train_precision":0.6091370558375635,"val_precision":0.5471698113207547,"val_f1_score":0.11860940695296524,"train_loss":5.0014114926761755,"epoch":53,"val_accuracy":0.0125,"train_f1_score":0.12282497441146366,"_step":54,"train_accuracy":0.0125,"train_recall":0.06829823562891292}