{"train_loss":0.19689979578720818,"val_f1_score":0.08173913043478262,"_step":14,"epoch":13,"train_accuracy":0.454172366621067,"val_precision":0.05136612021857924,"_timestamp":1.7285973389009962e+09,"_wandb":{"runtime":0},"val_recall":0.2,"val_accuracy":0.2568306010928962,"_runtime":0.611299,"train_f1_score":0.1042059008160703,"val_loss":0.20777506123079068,"train_recall":0.16666666666666666,"train_precision":0.07579908675799087}