{"val_f1_score":0.338391107300343,"train_recall":0.28494269475563067,"_timestamp":1.7285994270788648e+09,"epoch":199,"_wandb":{"runtime":1},"val_accuracy":0.5573770491803278,"val_loss":0.1696807959496752,"_runtime":1.7605140000000001,"_step":200,"val_precision":0.3196699134199134,"train_accuracy":0.6019151846785226,"val_recall":0.3594414893617021,"train_precision":0.28949423133450913,"train_f1_score":0.2872004310520973,"train_loss":0.15397873011225888}