{"mse_val":0.11309641071666446,"train_loss":0.04745653374225165,"_runtime":0.551331,"_wandb":{"runtime":0},"mse_train":0.09152158204510523,"r2_val":-1.3103714619604556,"val_loss":0.053364680871443484,"val_rmse":0.32669460011283774,"train_mse":0.0949130674845033,"mae_train":0.23290314400175086,"val_r_squared":-1.1803032471275987,"r2_train":-1.463356157207893,"mae_val":0.28488853636084005,"train_rmse":0.30807964470977844,"train_r_squared":-1.5546399435295148,"val_mse":0.10672936174288697,"epoch":17,"rmse_val":0.33629809799739346,"_step":19,"_timestamp":1.728680899851721e+09,"rmse_train":0.302525341161869}