{"val_hamming_loss":0.3328125,"train_loss":5.016223736336125,"train_recall":0.06545247581104155,"_runtime":1.5839210000000001,"hamming_loss":0.3322265625,"train_f1_score":0.11910926980838944,"train_hamming_loss":0.3322265625,"_wandb":{"runtime":1},"val_recall":0.05045871559633028,"val_loss":5.102880422529846,"val_f1_score":0.09361702127659574,"_timestamp":1.72863987933543e+09,"train_precision":0.6609195402298851,"epoch":99,"val_accuracy":0.6671875,"train_accuracy":0.6677734375,"_step":100,"val_precision":0.6470588235294118}