{"train_r_squared":0.6232152756214995,"mse_val":0.05794615812324092,"train_mse":0.013998760984946379,"mae_val":0.1597853173456413,"val_r_squared":-0.18374357956929765,"val_rmse":0.24072008250921012,"val_mse":0.05794615812324092,"r2_train":0.6232152756214995,"_runtime":4.983426,"train_rmse":0.11831635975192263,"epoch":199,"val_loss":0.02897307906162046,"train_loss":0.006999380492473189,"r2_val":-0.18374357956929765,"mse_train":0.013998760984946379,"mae_train":0.08695669610451645,"rmse_val":0.24072008250921012,"_step":201,"_timestamp":1.728682529475939e+09,"_wandb":{"runtime":4},"rmse_train":0.11831635975192263}