{"_step":31,"val_loss":0.20144059932429736,"val_precision":0.15369458128078817,"train_recall":0.17789305369626654,"val_recall":0.21702127659574472,"train_precision":0.14802890796731782,"_runtime":1.582273,"_wandb":{"runtime":1},"epoch":30,"train_loss":0.20087542989815776,"val_accuracy":0.31693989071038253,"_timestamp":1.728596346397334e+09,"val_f1_score":0.17994910941475828,"train_accuracy":0.478796169630643,"train_f1_score":0.16159275882618143}