{"_step":165,"val_recall":0.05045871559633028,"train_precision":0.6641221374045801,"train_f1_score":0.09216101694915255,"val_accuracy":0.0125,"_timestamp":1.728608688123648e+09,"val_hamming_loss":0.33203125,"val_f1_score":0.09381663113006397,"train_loss":5.022457420728313,"val_loss":5.0612353666650325,"epoch":164,"train_accuracy":0.0203125,"hamming_loss":0.334765625,"train_recall":0.04951622083096187,"_runtime":1.506234,"val_precision":0.6666666666666666,"train_hamming_loss":0.334765625,"_wandb":{"runtime":1}}