{"_timestamp":1.7286412368414369e+09,"val_precision":0,"_step":11,"hamming_loss":0.3431640625,"_wandb":{"runtime":0},"epoch":10,"train_hamming_loss":0.3431640625,"val_loss":5.139302693022736,"val_accuracy":0.659375,"val_hamming_loss":0.340625,"val_f1_score":0,"val_recall":0,"train_f1_score":0,"_runtime":0.543455,"train_precision":0,"train_accuracy":0.6568359375,"train_recall":0,"train_loss":5.141848227785102}