{"_wandb":{"runtime":0},"val_loss":0.018914749444762662,"val_r_squared":0.22720629151013483,"_timestamp":1.728680931476147e+09,"_runtime":0.737792,"train_r_squared":0.2257853803455887,"train_rmse":0.1696011682880772,"_step":17,"mae_val":0.1254903955389621,"val_mse":0.037829498889525325,"rmse_train":0.1680383229628233,"train_mse":0.028764556284680682,"epoch":15,"mse_val":0.038224339827489975,"r2_train":0.23998814609297991,"r2_val":0.21914034822062944,"rmse_val":0.19551045963704852,"mse_train":0.02823687798415811,"val_rmse":0.1944980691151594,"train_loss":0.014382278142340341,"mae_train":0.1338888773820231}