{"val_loss":0.22454377265998957,"epoch":65,"val_recall":0.20425531914893616,"_step":66,"train_recall":0.1685185185185185,"train_precision":0.2011118752865658,"val_f1_score":0.16096004085280224,"train_loss":0.19748795024102364,"train_accuracy":0.4582763337893297,"_timestamp":1.7285976402451122e+09,"val_accuracy":0.2677595628415301,"_runtime":1.644996,"_wandb":{"runtime":1},"val_precision":0.13280898876404496,"train_f1_score":0.18337818452042534}