{"val_f1_score":0.0912863070539419,"val_loss":5.134183570509682,"_runtime":1.498675,"train_accuracy":0.0109375,"epoch":54,"val_accuracy":0.00625,"train_f1_score":0.15052684395383845,"val_recall":0.05045871559633028,"val_precision":0.4782608695652174,"train_recall":0.08537279453614115,"_step":55,"train_precision":0.635593220338983,"_timestamp":1.728611002548121e+09,"val_hamming_loss":0.3421875,"train_hamming_loss":0.3306640625,"train_loss":4.976131034482977,"hamming_loss":0.33046875,"_wandb":{"runtime":1}}