{"epoch":231,"train_loss":0.025196148830639118,"rmse_val":0.2194030925298524,"r2_val":0.016626549658599332,"val_rmse":0.21924519454614524,"_step":233,"mse_val":0.04813771701166298,"mae_val":0.15328903490112816,"mse_train":0.049757851957176906,"val_r_squared":0.018041450521181,"_wandb":{"runtime":1},"r2_train":-0.3392612785882878,"val_loss":0.02403422766578854,"_timestamp":1.728681875170796e+09,"_runtime":1.343869,"val_mse":0.04806845533157708,"mae_train":0.1499364957036781,"rmse_train":0.22306468110657254,"train_mse":0.050392297661278236,"train_rmse":0.2244822880792118,"train_r_squared":-0.356337750571059}