{"_step":11,"val_precision":0.4675324675324675,"train_hamming_loss":0.3314453125,"train_loss":4.965234798695088,"val_loss":5.126018687737663,"train_precision":0.5961538461538461,"_timestamp":1.72864160331669e+09,"val_hamming_loss":0.34453125,"_runtime":0.729477,"val_accuracy":0.65546875,"train_accuracy":0.6685546875,"hamming_loss":0.33203125,"_wandb":{"runtime":0},"val_f1_score":0.14035087719298248,"epoch":10,"train_f1_score":0.17979700338327695,"val_recall":0.08256880733944955,"train_recall":0.10586226522481502}