{"val_mse":0.06971207752786525,"mse_val":0.06971207752786525,"epoch":99,"_wandb":{"runtime":1},"val_rmse":0.26403044810753407,"train_r_squared":0.3557507985805499,"mae_train":0.11802654086522756,"mse_train":0.0239359241548065,"r2_val":-0.4241017327937424,"_runtime":1.427752,"val_loss":0.034856038763932624,"_step":101,"_timestamp":1.728680878344297e+09,"r2_train":0.3557507985805499,"mae_val":0.21689699228144627,"train_loss":0.01196796207740325,"val_r_squared":-0.4241017327937424,"train_mse":0.0239359241548065,"rmse_val":0.26403044810753407,"rmse_train":0.15471239172996615,"train_rmse":0.15471239172996615}