{"val_accuracy":0.671875,"train_f1_score":0.12196382428940569,"train_loss":5.017631548856825,"_runtime":1.415525,"_wandb":{"runtime":1},"val_recall":0.07110091743119266,"_timestamp":1.728639744090612e+09,"_step":27,"val_f1_score":0.1286307053941909,"train_precision":0.6629213483146067,"val_hamming_loss":0.328125,"epoch":26,"val_loss":5.059502139729831,"hamming_loss":0.3318359375,"train_accuracy":0.6681640625,"val_precision":0.6739130434782609,"train_recall":0.06715993170176437,"train_hamming_loss":0.3318359375}