{"_step":29,"_wandb":{"runtime":1},"_runtime":1.398207,"val_recall":0.3742021276595745,"_timestamp":1.728597441346399e+09,"epoch":28,"train_f1_score":0.2984686983650205,"val_precision":0.33944875107665806,"val_loss":0.16824816747907848,"train_loss":0.15305719337889193,"train_recall":0.29704510047989224,"train_precision":0.29990600723477434,"val_f1_score":0.3559792292534081,"val_accuracy":0.5956284153005464,"train_accuracy":0.6183310533515732}