{"_wandb":{"runtime":0},"train_f1_score":0.10410787080589524,"train_recall":0.16666666666666666,"_runtime":0.514253,"val_f1_score":0.08173913043478262,"train_accuracy":0.454172366621067,"_timestamp":1.728598830430899e+09,"_step":9,"train_precision":0.0756953944368445,"val_loss":0.22378691039411922,"epoch":8,"train_loss":0.27853878322562575,"val_accuracy":0.2568306010928962,"val_precision":0.05136612021857924,"val_recall":0.2}