{"train_accuracy":0,"train_f1_score":0,"train_precision":0,"train_loss":5.142088810367898,"epoch":13,"_wandb":{"runtime":0},"_runtime":0.535257,"val_accuracy":0,"val_loss":5.139420557340111,"train_hamming_loss":0.3431640625,"val_precision":0,"val_f1_score":0,"_step":14,"val_recall":0,"_timestamp":1.728608121282762e+09,"hamming_loss":0.3431640625,"train_recall":0,"val_hamming_loss":0.340625}