{"_runtime":0.667052,"train_recall":0.0022766078542970974,"val_recall":0.0022935779816513763,"_step":11,"hamming_loss":0.3431640625,"_wandb":{"runtime":0},"val_accuracy":0.659375,"val_precision":0.5,"train_loss":5.123167528851027,"val_f1_score":0.0045662100456621,"train_f1_score":0.0045377197958026095,"train_accuracy":0.6572265625,"train_hamming_loss":0.3427734375,"_timestamp":1.72864076150754e+09,"val_hamming_loss":0.340625,"epoch":10,"train_precision":0.6666666666666666,"val_loss":5.151632997050383}