{"train_accuracy":0.6658203125,"val_f1_score":0.09282700421940929,"train_recall":0.06829823562891292,"val_hamming_loss":0.3359375,"train_f1_score":0.1230138390568939,"train_precision":0.6185567010309279,"val_accuracy":0.6640625,"val_recall":0.05045871559633028,"hamming_loss":0.3361328125,"val_precision":0.5789473684210527,"_wandb":{"runtime":1},"_step":75,"val_loss":5.108475355356969,"train_loss":4.984571111398608,"_timestamp":1.728639532600845e+09,"_runtime":1.497695,"train_hamming_loss":0.3341796875,"epoch":74}