{"epoch":65,"_wandb":{"runtime":1},"_runtime":1.344775,"val_loss":0.18654996219754566,"train_loss":0.20072377830693225,"_step":65,"train_accuracy":0.4299781181619256,"val_accuracy":0.462882096069869,"_timestamp":1.728595139382108e+09}