{"train_loss":0.15441161770982711,"val_precision":0.33510915994304696,"train_f1_score":0.2905386752338914,"train_recall":0.287820286995937,"val_recall":0.36768617021276595,"train_precision":0.29330890202251453,"train_accuracy":0.6073871409028728,"_step":11,"val_loss":0.1693078729747256,"val_accuracy":0.5792349726775956,"_wandb":{"runtime":0},"_runtime":0.924088,"epoch":10,"_timestamp":1.728597624468077e+09,"val_f1_score":0.3506426361579803}