{"train_loss":0.03284692446825221,"train_rmse":0.25630811328653724,"rmse_val":0.34053659317803,"train_mse":0.06569384893650441,"r2_val":-1.3689754665036098,"_wandb":{"runtime":1},"val_r_squared":-1.2310219145031365,"rmse_train":0.24410512236292586,"val_loss":0.05460606117131058,"mae_val":0.2847985965305501,"mse_train":0.059587310763819006,"_timestamp":1.728681697748022e+09,"mae_train":0.1788307962032094,"train_r_squared":-0.7681878268741993,"mse_val":0.11596517129329909,"_runtime":1.365429,"val_mse":0.10921212234262116,"epoch":21,"r2_train":-0.6038268305848637,"val_rmse":0.33047257426694454,"_step":23}