{"train_precision":0.2907488632025081,"_timestamp":1.7285968651430058e+09,"val_precision":0.32741833508956797,"val_f1_score":0.34738578268745174,"_step":100,"train_accuracy":0.6101231190150479,"epoch":99,"train_f1_score":0.29014967361974936,"val_loss":0.16711901029763973,"train_recall":0.2895529486366519,"val_accuracy":0.5683060109289617,"val_recall":0.36994680851063827,"_runtime":2.438219,"train_loss":0.1515539147029136,"_wandb":{"runtime":2}}