{"val_accuracy":0.6157205240174672,"train_loss":0.16870934953285646,"val_loss":0.1719755218937987,"_step":199,"epoch":199,"_runtime":1.4880689999999999,"_wandb":{"runtime":1},"_timestamp":1.728595009797018e+09,"train_accuracy":0.5547045951859956}