{"val_loss":0.21188214637529326,"val_f1_score":0.08173913043478262,"val_precision":0.05136612021857924,"epoch":99,"train_precision":0.0756953944368445,"train_loss":0.19487442219538034,"_runtime":3.380361,"val_recall":0.2,"train_accuracy":0.454172366621067,"_timestamp":1.728599082054268e+09,"train_recall":0.16666666666666666,"_wandb":{"runtime":3},"val_accuracy":0.2568306010928962,"_step":100,"train_f1_score":0.10410787080589524}