{"_step":5,"_timestamp":1.728610815487481e+09,"_wandb":{"runtime":0},"val_precision":0.3395348837209302,"train_f1_score":0.2318840579710145,"val_f1_score":0.22427035330261136,"epoch":4,"hamming_loss":0.419140625,"train_loss":36.36456011753838,"_runtime":0.778986,"train_accuracy":0.0140625,"val_accuracy":0.025,"train_hamming_loss":0.4037109375,"val_loss":36.589052495999965,"train_precision":0.3340471092077088,"train_recall":0.1775754126351736,"val_hamming_loss":0.39453125,"val_recall":0.16743119266055045}