{"train_f1_score":0.29332147585387763,"val_loss":0.16804840599163923,"_wandb":{"runtime":1},"val_accuracy":0.5792349726775956,"_timestamp":1.728596464813293e+09,"val_precision":0.32879439401178534,"train_accuracy":0.6046511627906976,"_runtime":1.491343,"train_recall":0.2875079264426125,"val_f1_score":0.339502166063396,"train_loss":0.16112705079631748,"val_recall":0.35093085106382976,"train_precision":0.29937498288952563,"_step":100,"epoch":99}