{"val_f1_score":0.14604462474645033,"hamming_loss":0.33046875,"val_precision":0.631578947368421,"train_precision":0.6460176991150443,"val_loss":5.084932642516803,"train_hamming_loss":0.3302734375,"train_accuracy":0.6697265625,"val_recall":0.08256880733944955,"train_f1_score":0.14725163893091275,"val_hamming_loss":0.32890625,"_wandb":{"runtime":1},"_timestamp":1.7286397991574469e+09,"_step":27,"val_accuracy":0.67109375,"train_recall":0.08309618668184406,"_runtime":1.4780389999999999,"epoch":26,"train_loss":5.0161496851328025}