{"rmse_train":0.2998602689417963,"r2_train":-1.42014585934999,"train_rmse":0.3027513008468963,"val_loss":0.03963189829864209,"val_mse":0.07926379659728418,"_timestamp":1.7286814329834812e+09,"rmse_val":0.2821398463393338,"train_loss":0.04582917508224395,"_wandb":{"runtime":1},"train_mse":0.0916583501644879,"epoch":71,"mse_train":0.0899161808898464,"mae_val":0.2502711686597106,"mae_train":0.23963640203077444,"_runtime":1.422754,"val_rmse":0.281538268441937,"mse_val":0.0796028928923829,"_step":73,"val_r_squared":-0.6192274579233845,"train_r_squared":-1.4670373500092255,"r2_val":-0.6261546309263841}