{"_timestamp":1.728597888017524e+09,"val_precision":0.05136612021857924,"_step":100,"train_f1_score":0.10410787080589524,"train_recall":0.16666666666666666,"val_accuracy":0.2568306010928962,"val_recall":0.2,"_wandb":{"runtime":1},"train_accuracy":0.454172366621067,"val_loss":0.21216696359208867,"val_f1_score":0.08173913043478262,"train_precision":0.0756953944368445,"_runtime":1.556705,"train_loss":0.19511677368527733,"epoch":99}