{"_step":14,"val_accuracy":0.66484375,"val_loss":5.142329809868859,"val_hamming_loss":0.33515625,"epoch":13,"hamming_loss":0.330859375,"val_f1_score":0.13333333333333333,"train_precision":0.6190476190476191,"train_f1_score":0.1665024630541872,"train_recall":0.09618668184405237,"val_precision":0.559322033898305,"train_loss":4.953625472737511,"train_hamming_loss":0.33046875,"val_recall":0.07568807339449542,"_timestamp":1.728639219362463e+09,"train_accuracy":0.66953125,"_wandb":{"runtime":0},"_runtime":0.619544}