{"train_accuracy":0.6685546875,"train_f1_score":0.12480660134089737,"epoch":7,"train_loss":4.9340090064727296,"val_recall":0.06880733944954129,"hamming_loss":0.3345703125,"_wandb":{"runtime":0},"val_hamming_loss":0.33671875,"val_accuracy":0.66328125,"val_precision":0.5454545454545454,"train_precision":0.6648351648351648,"train_hamming_loss":0.3314453125,"train_recall":0.0688673875924872,"_timestamp":1.7286393150202382e+09,"_step":8,"val_loss":5.138496865851641,"val_f1_score":0.12219959266802444,"_runtime":0.680148}