{"val_precision":0.625,"train_accuracy":0.028125,"_runtime":1.416206,"train_recall":0.07228229937393284,"train_f1_score":0.12972420837589377,"val_recall":0.05733944954128441,"hamming_loss":0.333203125,"train_hamming_loss":0.3328125,"train_precision":0.6318407960199005,"val_hamming_loss":0.3328125,"val_accuracy":0.01875,"_step":24,"_timestamp":1.728608451435081e+09,"train_loss":5.0266714727216,"epoch":23,"_wandb":{"runtime":1},"val_loss":5.081820721040918,"val_f1_score":0.10504201680672269}