{"train_rmse":0.36527240729431565,"mae_val":0.2984349541904706,"train_loss":0.06671196576529222,"mae_train":0.28987683261221125,"_step":101,"_timestamp":1.728681012977659e+09,"r2_val":-1.8899888760949368,"_runtime":1.422879,"val_r_squared":-1.8899888760949368,"r2_train":-2.5911820568482784,"rmse_train":0.36527240729431565,"rmse_val":0.37612447184205805,"val_rmse":0.37612447184205805,"val_loss":0.07073480915923355,"mse_train":0.13342393153058443,"val_mse":0.1414696183184671,"train_r_squared":-2.5911820568482784,"train_mse":0.13342393153058443,"_wandb":{"runtime":1},"mse_val":0.1414696183184671,"epoch":99}