{"train_accuracy":0.6744140625,"_runtime":0.661492,"val_f1_score":0.18081180811808117,"val_loss":5.174519007083781,"_timestamp":1.72864031299778e+09,"val_precision":0.46226415094339623,"train_f1_score":0.25145936237090255,"train_loss":4.903651361741437,"hamming_loss":0.3271484375,"train_recall":0.1593625498007968,"val_recall":0.11238532110091744,"_wandb":{"runtime":0},"train_precision":0.5957446808510638,"val_hamming_loss":0.346875,"val_accuracy":0.653125,"epoch":6,"train_hamming_loss":0.3255859375,"_step":7}