{"_timestamp":1.728640280234921e+09,"train_hamming_loss":0.597265625,"val_recall":0.8096330275229358,"train_loss":50.19915520608911,"val_hamming_loss":0.60234375,"_wandb":{"runtime":0},"val_loss":49.81210574677487,"train_f1_score":0.4863957003694996,"_step":5,"val_accuracy":0.39765625000000004,"hamming_loss":0.34765625,"train_precision":0.34500833928996905,"train_recall":0.8241320432555492,"epoch":4,"train_accuracy":0.402734375,"val_precision":0.3390970220941403,"val_f1_score":0.47799593771157756,"_runtime":0.677121}