{"train_f1_score":0.2639821029082774,"train_recall":0.16789982925441094,"hamming_loss":0.3224609375,"val_loss":5.188155883966204,"val_recall":0.12155963302752294,"_wandb":{"runtime":0},"train_hamming_loss":0.3212890625,"val_f1_score":0.1906474820143885,"val_accuracy":0.6484375,"_timestamp":1.728641618612892e+09,"val_hamming_loss":0.3515625,"_runtime":0.868325,"_step":9,"train_accuracy":0.6787109375,"val_precision":0.44166666666666665,"train_loss":4.875485081071052,"epoch":8,"train_precision":0.6171548117154811}