{"train_hamming_loss":0.337890625,"val_recall":0.034403669724770644,"_step":12,"val_f1_score":0.06382978723404256,"train_accuracy":0.662109375,"train_f1_score":0.08562367864693445,"_wandb":{"runtime":0},"val_loss":5.172061805836708,"train_precision":0.6,"_runtime":0.604141,"epoch":11,"val_accuracy":0.65625,"hamming_loss":0.3380859375,"val_precision":0.4411764705882353,"val_hamming_loss":0.34375,"_timestamp":1.728641014607071e+09,"train_loss":5.070384668192803,"train_recall":0.04610130904951622}