{"_timestamp":1.728598123692127e+09,"train_precision":0.2855567042040073,"train_f1_score":0.29419184045661867,"epoch":9,"_runtime":0.503448,"train_loss":0.16094054524475593,"_step":10,"val_recall":0.3582446808510638,"val_f1_score":0.33213072402436616,"_wandb":{"runtime":0},"train_recall":0.30336550881890134,"val_loss":0.17888390725252692,"train_accuracy":0.5964432284541724,"val_accuracy":0.5136612021857924,"val_precision":0.3095652173913043}