{"train_recall":0,"val_accuracy":0,"_step":200,"val_loss":5.1298109952300575,"train_f1_score":0,"val_hamming_loss":0.340625,"train_loss":5.1190230772531695,"epoch":199,"train_accuracy":0,"train_precision":0,"_wandb":{"runtime":1},"_timestamp":1.728608759368314e+09,"_runtime":1.445994,"val_precision":0,"train_hamming_loss":0.3431640625,"hamming_loss":0.3431640625,"val_f1_score":0,"val_recall":0}