{"_step":23,"train_accuracy":0.0328125,"hamming_loss":0.3294921875,"train_f1_score":0.13126614987080104,"train_loss":5.019142749542983,"val_precision":0.5909090909090909,"_timestamp":1.728608489195758e+09,"val_hamming_loss":0.334375,"_runtime":1.445906,"epoch":22,"train_precision":0.7134831460674157,"train_hamming_loss":0.3283203125,"val_accuracy":0.0125,"val_loss":5.068373448527811,"val_f1_score":0.10833333333333334,"_wandb":{"runtime":1},"val_recall":0.05963302752293578,"train_recall":0.07228229937393284}