{"val_accuracy":0.5737704918032787,"train_loss":0.152516350424528,"train_accuracy":0.6087551299589603,"val_f1_score":0.3541710367078208,"_wandb":{"runtime":1},"_timestamp":1.728597914757241e+09,"train_f1_score":0.291817413439204,"_step":28,"train_precision":0.2912897711607389,"epoch":27,"_runtime":1.768065,"val_precision":0.3331228070175438,"val_recall":0.3780585106382979,"train_recall":0.29234697072891963,"val_loss":0.17061561228372127}