{"_runtime":1.637875,"train_loss":4.995987210406658,"train_recall":0.08935685828116106,"val_f1_score":0.11717171717171718,"_wandb":{"runtime":1},"val_hamming_loss":0.34140625,"train_f1_score":0.15467980295566502,"_step":26,"val_recall":0.06651376146788991,"epoch":25,"_timestamp":1.7286418253167748e+09,"train_precision":0.575091575091575,"val_loss":5.1229501959539165,"hamming_loss":0.334765625,"train_accuracy":0.66484375,"train_hamming_loss":0.33515625,"val_accuracy":0.65859375,"val_precision":0.4915254237288136}