{"train_accuracy":0.6265389876880985,"train_recall":0.31849698990895353,"train_loss":0.14497456184685578,"train_precision":0.3025109505883841,"val_accuracy":0.5792349726775956,"epoch":52,"train_f1_score":0.31029821325548607,"_timestamp":1.728596563009523e+09,"_step":53,"_runtime":1.614527,"_wandb":{"runtime":1},"val_recall":0.38218085106382976,"val_loss":0.16700769339956578,"val_precision":0.3383745883745884,"val_f1_score":0.35894611596898657}