{"_timestamp":1.728596291329773e+09,"val_loss":0.17238763995971365,"val_precision":0.3279716981132076,"train_f1_score":0.2876521021397715,"val_recall":0.36542553191489363,"train_precision":0.28627403254545736,"epoch":94,"val_f1_score":0.34568708107239676,"_step":95,"_wandb":{"runtime":4},"train_accuracy":0.6046511627906976,"_runtime":4.029188,"val_accuracy":0.5628415300546448,"train_recall":0.2890435034484918,"train_loss":0.15768924446399338}