{"val_precision":0.05136612021857924,"_timestamp":1.72859845619272e+09,"val_f1_score":0.08173913043478262,"train_f1_score":0.10410787080589524,"val_accuracy":0.2568306010928962,"_wandb":{"runtime":0},"train_recall":0.16666666666666666,"epoch":8,"train_precision":0.0756953944368445,"_runtime":0.521891,"_step":9,"val_recall":0.2,"val_loss":0.26295157260411306,"train_accuracy":0.454172366621067,"train_loss":0.32508064858338}