{"epoch":99,"_wandb":{"runtime":2},"train_loss":0.15433008973850934,"_step":99,"_runtime":2.935397,"val_loss":0.16184749650307687,"train_accuracy":0,"_timestamp":1.728593249107402e+09,"val_accuracy":0}