{"val_mse":0.07984062180882402,"val_r_squared":-0.6310110370735638,"_runtime":1.42088,"val_loss":0.03992031090441201,"train_rmse":0.33244987154346556,"r2_train":-1.9143654715751106,"train_r_squared":-1.9747880471542132,"rmse_train":0.32905626359507223,"_timestamp":1.728681901086365e+09,"rmse_val":0.2830166693397444,"r2_val":-0.6362777340668311,"train_mse":0.11052291708926675,"val_rmse":0.2825608285110022,"mse_train":0.10827802461114966,"_step":98,"mse_val":0.08009843512416222,"train_loss":0.05526145854463337,"mae_train":0.22052597304552415,"mae_val":0.20891602145319313,"_wandb":{"runtime":1},"epoch":96}