{"val_loss":0.16441750608519015,"val_precision":0.32475226649799704,"_wandb":{"runtime":2},"epoch":128,"train_loss":0.1552025406810695,"train_f1_score":0.284758581082371,"train_accuracy":0.5978112175102599,"val_f1_score":0.34031609091476983,"_timestamp":1.7285994497198641e+09,"train_precision":0.28917948717948716,"_runtime":2.227225,"train_recall":0.28047081111972255,"_step":129,"val_recall":0.35744680851063826,"val_accuracy":0.5683060109289617}