{"train_precision":0.5807453416149069,"epoch":32,"_step":33,"_wandb":{"runtime":1},"val_accuracy":0.65703125,"val_precision":0.4819277108433735,"_runtime":1.520873,"train_recall":0.1064314171883893,"val_recall":0.09174311926605505,"train_accuracy":0.6669921875,"hamming_loss":0.333203125,"val_loss":5.122402205667001,"train_f1_score":0.17989417989417988,"val_hamming_loss":0.34296875,"_timestamp":1.728641004377405e+09,"train_hamming_loss":0.3330078125,"train_loss":4.9513986307632525,"val_f1_score":0.15414258188824664}