{"epoch":199,"_step":200,"val_f1_score":0,"train_f1_score":0,"train_recall":0,"val_recall":0,"hamming_loss":0.3431640625,"_timestamp":1.7286402420534139e+09,"val_loss":5.12263417040487,"val_accuracy":0.659375,"_wandb":{"runtime":8},"train_precision":0,"train_hamming_loss":0.3431640625,"train_accuracy":0.6568359375,"val_hamming_loss":0.340625,"_runtime":8.677122,"val_precision":0,"train_loss":5.118514920451084}