{"val_recall":0.2,"train_precision":0.0756953944368445,"epoch":7,"val_f1_score":0.08173913043478262,"val_precision":0.05136612021857924,"_runtime":0.570038,"train_loss":0.272285749368159,"train_accuracy":0.454172366621067,"train_f1_score":0.10410787080589524,"_timestamp":1.728597729251787e+09,"val_loss":0.21909683926551882,"_wandb":{"runtime":0},"_step":8,"val_accuracy":0.2568306010928962,"train_recall":0.16666666666666666}