{"train_f1_score":0.12857142857142856,"train_loss":5.0028092712612,"val_f1_score":0.11203319502074689,"_step":141,"_runtime":2.752558,"hamming_loss":0.3341796875,"_wandb":{"runtime":2},"val_loss":5.079653663570566,"train_hamming_loss":0.33359375,"train_accuracy":0.03125,"val_precision":0.5869565217391305,"epoch":140,"_timestamp":1.728608628310594e+09,"train_precision":0.6206896551724138,"train_recall":0.07171314741035857,"val_accuracy":0.025,"val_hamming_loss":0.334375,"val_recall":0.06192660550458716}