{"hamming_loss":0.33671875,"_step":41,"_runtime":1.598961,"val_precision":0.5208333333333334,"val_accuracy":0.6609375,"train_precision":0.5775862068965517,"val_f1_score":0.10330578512396695,"val_recall":0.05733944954128441,"epoch":40,"val_loss":5.144948672739965,"_wandb":{"runtime":1},"train_f1_score":0.1347410759175465,"train_hamming_loss":0.3361328125,"_timestamp":1.7286405126795971e+09,"val_hamming_loss":0.3390625,"train_loss":4.973261901675239,"train_recall":0.07626636311895275,"train_accuracy":0.6638671875}