{"hamming_loss":0.33203125,"val_f1_score":0.147117296222664,"_step":68,"train_loss":4.959971528910095,"val_precision":0.5522388059701493,"train_precision":0.61328125,"val_hamming_loss":0.33515625,"train_hamming_loss":0.3318359375,"_timestamp":1.7286081427363079e+09,"epoch":67,"train_f1_score":0.15598609041231992,"_runtime":1.331177,"train_accuracy":0.0328125,"val_accuracy":0.01875,"val_recall":0.08486238532110092,"train_recall":0.08935685828116106,"val_loss":5.123026701405581,"_wandb":{"runtime":1}}