{"mse_val":0.08449154161561113,"val_mse":0.08449154161561113,"_step":401,"r2_val":-0.7260215889149253,"train_mse":0.17919651728728064,"mse_train":0.17919651728728064,"epoch":399,"r2_train":-3.8231775975232027,"train_r_squared":-3.8231775975232027,"_timestamp":1.728681481109053e+09,"mae_train":0.35597332276384497,"_runtime":1.385699,"train_loss":0.08959825864364032,"val_rmse":0.29067428784743093,"rmse_val":0.29067428784743093,"rmse_train":0.4233160961826052,"mae_val":0.22503976674405599,"_wandb":{"runtime":1},"val_loss":0.04224577080780557,"val_r_squared":-0.7260215889149253,"train_rmse":0.4233160961826052}