{"train_precision":0.0756953944368445,"_timestamp":1.72859702625366e+09,"epoch":99,"train_recall":0.16666666666666666,"val_accuracy":0.2568306010928962,"_wandb":{"runtime":1},"train_loss":0.19467795876000102,"val_recall":0.2,"_runtime":1.430567,"_step":100,"val_f1_score":0.08173913043478262,"train_f1_score":0.10410787080589524,"val_loss":0.21324660455146854,"val_precision":0.05136612021857924,"train_accuracy":0.454172366621067}