{"_runtime":1.6519089999999998,"_wandb":{"runtime":1},"epoch":199,"val_loss":0.17046585897524386,"_timestamp":1.728595442222096e+09,"_step":199,"val_accuracy":0.6550218340611353,"train_accuracy":0.5842450765864332,"train_loss":0.16727217737884884}