{"_runtime":1.4828999999999999,"val_loss":0.15542962486396233,"val_accuracy":0.6331877729257642,"_wandb":{"runtime":1},"_step":147,"epoch":147,"train_accuracy":0.6072210065645515,"train_loss":0.15178538706879083,"_timestamp":1.728595171609422e+09}