{"_timestamp":1.728596874706507e+09,"train_accuracy":0.5567715458276333,"_wandb":{"runtime":2},"val_accuracy":0.5027322404371585,"train_precision":0.17819085892580525,"epoch":199,"val_f1_score":0.23379181352028805,"train_recall":0.2178045515394913,"train_f1_score":0.19601631277074102,"val_precision":0.20023975065931432,"_step":200,"val_recall":0.28085106382978725,"val_loss":0.18618800527900725,"_runtime":2.948486,"train_loss":0.17375475618577735}