{"train_f1_score":0.2923693328591979,"val_f1_score":0.3450855924981808,"train_loss":0.15640520442930275,"val_precision":0.32850340136054423,"_runtime":1.554188,"_step":77,"train_recall":0.29330792957404667,"_timestamp":1.728597004717715e+09,"train_accuracy":0.612859097127223,"val_loss":0.1718108448471008,"val_accuracy":0.5683060109289617,"train_precision":0.2914367240742952,"epoch":76,"val_recall":0.3634308510638298,"_wandb":{"runtime":1}}