{"epoch":64,"train_f1_score":0.17170731707317075,"_runtime":1.461865,"train_loss":4.973761817884723,"val_loss":5.15035043070757,"val_f1_score":0.1583011583011583,"_wandb":{"runtime":1},"hamming_loss":0.33203125,"val_hamming_loss":0.340625,"train_hamming_loss":0.331640625,"train_accuracy":0.668359375,"_step":65,"val_precision":0.5,"val_recall":0.09403669724770643,"val_accuracy":0.659375,"_timestamp":1.728639479118334e+09,"train_recall":0.10017074558907228,"train_precision":0.6006825938566553}