{"_step":9,"train_accuracy":0.6580078125,"val_accuracy":0.6609375,"epoch":8,"train_precision":0.6875,"hamming_loss":0.3419921875,"_timestamp":1.72863923016147e+09,"train_hamming_loss":0.3419921875,"train_f1_score":0.012408347433728146,"_wandb":{"runtime":0},"val_hamming_loss":0.3390625,"val_f1_score":0.0091324200913242,"val_loss":5.167067523917922,"_runtime":0.555531,"train_loss":5.115731895544681,"train_recall":0.006260671599317018,"val_recall":0.0045871559633027525,"val_precision":1}