{"_runtime":1.944576,"_timestamp":1.728596713362635e+09,"val_accuracy":0.5683060109289617,"val_recall":0.376063829787234,"val_precision":0.33042840375586857,"epoch":199,"train_recall":0.2854447027877592,"_wandb":{"runtime":1},"train_accuracy":0.6032831737346102,"train_f1_score":0.28879596762945653,"train_loss":0.1500301515724442,"train_precision":0.29222685840021473,"val_loss":0.17072950699448347,"_step":200,"val_f1_score":0.35177222080342446}