{"val_precision":0.3524358974358974,"train_f1_score":0.2933669772641027,"val_accuracy":0.6120218579234973,"train_recall":0.29059571619812585,"_timestamp":1.7285985807366998e+09,"train_precision":0.2961916034125723,"_step":100,"val_loss":0.16778633852100286,"_runtime":1.731841,"_wandb":{"runtime":1},"val_recall":0.393218085106383,"train_loss":0.15310248778841434,"train_accuracy":0.6169630642954856,"val_f1_score":0.3717117375005373,"epoch":99}