{"val_accuracy":0.5792349726775956,"train_precision":0.28825032303239645,"_wandb":{"runtime":1},"train_recall":0.27902663284717816,"val_f1_score":0.35406274405122606,"epoch":199,"train_f1_score":0.28356349123377794,"val_precision":0.3343885281385281,"train_accuracy":0.6019151846785226,"_step":200,"val_loss":0.1706627249219518,"_timestamp":1.72859655122969e+09,"train_loss":0.15447286309211414,"val_recall":0.3761968085106383,"_runtime":1.549884}