{"_runtime":1.633375,"val_precision":0.33688366718027735,"_step":37,"train_recall":0.28922277805177826,"val_recall":0.3781914893617021,"val_accuracy":0.5846994535519126,"_timestamp":1.728598038821399e+09,"_wandb":{"runtime":1},"train_accuracy":0.6101231190150479,"val_loss":0.1694812745456275,"epoch":36,"train_loss":0.1523750833467995,"val_f1_score":0.35634446160502703,"train_precision":0.29257390664992583,"train_f1_score":0.2908886911589695}