{"epoch":26,"val_hamming_loss":0.35,"val_precision":0.4032258064516129,"train_hamming_loss":0.3328125,"hamming_loss":0.3328125,"val_recall":0.05733944954128441,"_timestamp":1.728641892153905e+09,"val_f1_score":0.10040160642570282,"_wandb":{"runtime":2},"_step":27,"_runtime":2.026961,"train_accuracy":0.6671875,"val_loss":5.178703842342084,"train_recall":0.07285145133750712,"train_f1_score":0.1306122448979592,"val_accuracy":0.65,"train_loss":4.98105802918507,"train_precision":0.6305418719211823}