{"mse_val":0.08694833248212012,"_wandb":{"runtime":0},"val_loss":0.04243854873000147,"_step":12,"_timestamp":1.7286810446433809e+09,"val_rmse":0.29133674237899165,"val_r_squared":-0.7338978531944922,"mse_train":0.11043600589867679,"val_mse":0.08487709746000294,"train_loss":0.05854906920398955,"rmse_val":0.2948700264220155,"train_r_squared":-2.1517639205877837,"_runtime":0.590373,"train_rmse":0.3421960525897093,"train_mse":0.1170981384079791,"mae_val":0.2098793823829011,"epoch":10,"r2_train":-1.9724487823416301,"r2_val":-0.7762097378581092,"mae_train":0.23654117373070002,"rmse_train":0.3323191326100211}