{"epoch":199,"val_loss":5.08564772565264,"val_accuracy":0.659375,"_wandb":{"runtime":6},"train_hamming_loss":0.340234375,"val_f1_score":0.035398230088495575,"hamming_loss":0.340234375,"val_recall":0.01834862385321101,"train_f1_score":0.04390779363336992,"val_hamming_loss":0.340625,"train_loss":5.042948575560662,"train_accuracy":0.659765625,"_step":200,"_runtime":6.818194,"val_precision":0.5,"train_precision":0.6153846153846154,"_timestamp":1.7286400744296849e+09,"train_recall":0.022766078542970972}