{"test_hamming_score":0.5899275362318841,"val_exact_match_accuracy":0.15433333333333332,"_step":5,"train_hamming_score":0.7116402116402116,"_wandb":{"runtime":249},"_timestamp":1.7305385688492968e+09,"val_loss":0.17754046095812576,"train_exact_match_accuracy":0.365,"_runtime":249.574879,"val_hamming_score":0.5876666666666667,"train_loss":0.14305565394650255,"test_exact_match_accuracy":0.07347826086956522}