{"train_precision":0.0756953944368445,"val_recall":0.2,"epoch":99,"train_f1_score":0.10410787080589524,"_wandb":{"runtime":4},"val_accuracy":0.2568306010928962,"_step":100,"val_f1_score":0.08173913043478262,"val_precision":0.05136612021857924,"_runtime":4.8321950000000005,"train_loss":0.19527931733004053,"train_accuracy":0.454172366621067,"train_recall":0.16666666666666666,"val_loss":0.21274068150205022,"_timestamp":1.728599105997247e+09}