{"val_loss":0.1609364504928758,"epoch":43,"val_accuracy":0.6506550218340611,"_wandb":{"runtime":1},"train_accuracy":0.6028446389496718,"_timestamp":1.72859456436235e+09,"_runtime":1.358466,"_step":43,"train_loss":0.15517621744832835}