{"train_loss":0.20443237062457403,"val_loss":0.19842356024237548,"_step":4,"_timestamp":1.7285955227237198e+09,"_runtime":0.662008,"_wandb":{"runtime":0},"val_accuracy":0.4279475982532751,"epoch":4,"train_accuracy":0.3982494529540481}