{"_wandb":{"runtime":1},"val_accuracy":0.659375,"_step":34,"val_f1_score":0,"train_precision":0,"hamming_loss":0.3431640625,"val_precision":0,"train_hamming_loss":0.3431640625,"epoch":33,"train_loss":5.1334870402720565,"train_accuracy":0.6568359375,"val_hamming_loss":0.340625,"train_f1_score":0,"_runtime":1.4806949999999999,"_timestamp":1.728639597181004e+09,"val_loss":5.141116119858855,"val_recall":0,"train_recall":0}