{"epoch":15,"val_loss":0.18938932686259313,"val_accuracy":0.4279475982532751,"_runtime":1.048112,"_step":15,"train_accuracy":0.40043763676148797,"train_loss":0.19891771036266864,"_wandb":{"runtime":1},"_timestamp":1.7285948516582289e+09}