{"_timestamp":1.7286402863703659e+09,"val_loss":5.135775108965365,"train_precision":0.6066536203522505,"val_precision":0.45901639344262296,"train_f1_score":0.27336860670193996,"train_loss":4.885213960558502,"epoch":9,"val_f1_score":0.20071684587813624,"_wandb":{"runtime":1},"_runtime":1.02778,"hamming_loss":0.32421875,"train_recall":0.17643710870802504,"val_accuracy":0.6515625,"val_hamming_loss":0.3484375,"train_hamming_loss":0.321875,"train_accuracy":0.678125,"_step":10,"val_recall":0.12844036697247707}