{"train_loss":4.970085394205681,"train_hamming_loss":0.32890625,"val_f1_score":0.12903225806451615,"_runtime":1.470514,"train_precision":0.6196721311475409,"val_loss":5.150394475457524,"train_accuracy":0.67109375,"val_precision":0.5333333333333333,"_timestamp":1.728639517575254e+09,"epoch":28,"_wandb":{"runtime":1},"train_recall":0.10756972111553785,"val_accuracy":0.6625,"hamming_loss":0.329296875,"val_recall":0.07339449541284404,"val_hamming_loss":0.3375,"train_f1_score":0.1833171677982541,"_step":29}