{"train_precision":0.34444013948082136,"train_loss":21.79804442861722,"hamming_loss":0.38671875,"epoch":4,"val_hamming_loss":0.49921875,"val_accuracy":0.50078125,"train_accuracy":0.5,"val_precision":0.3421461897356143,"_step":5,"_wandb":{"runtime":0},"train_recall":0.5059760956175299,"_timestamp":1.728640307370655e+09,"val_f1_score":0.40778498609823904,"_runtime":0.487056,"val_loss":21.782527144902822,"train_f1_score":0.4098662978331028,"val_recall":0.5045871559633027,"train_hamming_loss":0.5}