{"val_acc":0.9996666666666667,"test_acc":0.9995652173913043,"_wandb":{"runtime":134},"_timestamp":1.7304711713353012e+09,"_runtime":134.275371,"_step":10,"train_loss":0.022794783133115185,"val_loss":0.0075396716921649716}