{"val_loss":0.039331555125453346,"val_mse":0.07866311025090669,"val_r_squared":-0.6069564354968935,"epoch":99,"val_rmse":0.2804694461985239,"train_rmse":0.20116380959883134,"_wandb":{"runtime":2},"mae_train":0.14335270586290488,"train_mse":0.04046687829231487,"train_loss":0.020233439146157436,"mse_train":0.04046687829231487,"_runtime":2.544192,"rmse_val":0.2804694461985239,"_timestamp":1.7286807153655071e+09,"mae_val":0.23560748311530522,"_step":101,"r2_val":-0.6069564354968935,"train_r_squared":-0.0891893647033779,"mse_val":0.07866311025090669,"rmse_train":0.20116380959883134,"r2_train":-0.0891893647033779}