{"train_recall":0.2911542857590205,"val_precision":0.31633662592196826,"_step":200,"_timestamp":1.7285986130361311e+09,"_runtime":1.561076,"epoch":199,"val_f1_score":0.3318978011919505,"val_recall":0.34906914893617025,"_wandb":{"runtime":1},"val_accuracy":0.5573770491803278,"train_precision":0.2958360385292769,"train_f1_score":0.29347649164133566,"val_loss":0.17055386515243054,"train_loss":0.14878466684941422,"train_accuracy":0.6196990424076607}