{"val_recall":0.376063829787234,"train_recall":0.2958126854396142,"train_accuracy":0.612859097127223,"train_loss":0.1555178489664883,"_timestamp":1.728598787553498e+09,"_wandb":{"runtime":1},"_runtime":1.557663,"val_loss":0.17089328160007486,"epoch":80,"train_f1_score":0.29446911493589867,"train_precision":0.2931376941457587,"val_precision":0.33999010390895595,"val_f1_score":0.3571182966785004,"val_accuracy":0.5901639344262295,"_step":81}