{"train_precision":0.6076294277929155,"val_accuracy":0.66796875,"epoch":116,"train_loss":4.890795411317606,"_runtime":1.7410290000000002,"hamming_loss":0.3279296875,"train_recall":0.12692088787706318,"train_accuracy":0.672265625,"val_loss":5.082721476825778,"val_precision":0.5647058823529412,"train_f1_score":0.20998116760828628,"_timestamp":1.728639456388171e+09,"val_f1_score":0.18426103646833014,"_step":117,"_wandb":{"runtime":1},"train_hamming_loss":0.327734375,"val_hamming_loss":0.33203125,"val_recall":0.11009174311926606}