{"_step":200,"_timestamp":1.728597091328046e+09,"train_accuracy":0.4746922024623803,"train_recall":0.1765023055183698,"train_loss":0.19044432188736618,"val_recall":0.20851063829787236,"_runtime":1.431588,"_wandb":{"runtime":1},"train_f1_score":0.15092971942220282,"val_f1_score":0.18920967159870083,"val_loss":0.20883913139430169,"val_accuracy":0.28415300546448086,"val_precision":0.17317919075144508,"train_precision":0.13182955703410656,"epoch":199}