{"_wandb":{"runtime":1},"train_f1_score":0.18170270522006707,"val_loss":0.20299231481960886,"val_precision":0.18807931199235547,"_runtime":1.476446,"val_recall":0.26595744680851063,"val_f1_score":0.22033940047980421,"train_precision":0.16470635924376562,"_step":200,"_timestamp":1.728596593990746e+09,"train_loss":0.18875316960070687,"val_accuracy":0.46994535519125685,"train_recall":0.20261044176706824,"train_accuracy":0.5266757865937073,"epoch":199}