{"train_loss":0.1529623676665396,"val_accuracy":0.5628415300546448,"train_accuracy":0.6142270861833106,"_runtime":0.544586,"val_recall":0.37792553191489364,"_step":19,"train_precision":0.29453936885926096,"_wandb":{"runtime":0},"val_f1_score":0.35388942725643785,"epoch":18,"val_precision":0.33272789705776046,"train_f1_score":0.29728754353829295,"val_loss":0.16814088024535245,"train_recall":0.3000874844406867,"_timestamp":1.728599274690018e+09}