{"val_rmse":0.23884359266122882,"val_mse":0.05704626175532299,"rmse_train":0.1843692435427642,"_step":9,"_timestamp":1.728680997206809e+09,"r2_train":0.08508523478558794,"mae_val":0.18761645764772977,"_runtime":0.637951,"train_loss":0.017214370228205482,"train_rmse":0.1855498328115953,"rmse_val":0.2419560942356749,"val_r_squared":-0.16536019433200555,"r2_val":-0.19593099020962468,"mse_val":0.058542751537782795,"_wandb":{"runtime":0},"mae_train":0.13545009914439088,"epoch":7,"train_r_squared":0.0733305970780227,"mse_train":0.03399201796453111,"val_loss":0.028523130877661496,"train_mse":0.034428740456410964}