{"train_loss":0.15128324889641764,"val_precision":0.3274035087719298,"_step":31,"_timestamp":1.728598076450944e+09,"val_loss":0.16711517123829067,"train_precision":0.29448821478378334,"val_accuracy":0.5573770491803278,"_wandb":{"runtime":1},"train_recall":0.3021876981610653,"train_f1_score":0.2982882795515105,"epoch":30,"val_f1_score":0.3471427618678508,"_runtime":1.403508,"val_recall":0.3694148936170213,"train_accuracy":0.615595075239398}