{"train_f1_score":0.09398099260823653,"train_hamming_loss":0.33515625,"val_precision":0.5555555555555556,"val_recall":0.034403669724770644,"_wandb":{"runtime":1},"train_recall":0.050654524758110414,"_step":199,"val_loss":5.053206547906064,"train_accuracy":0.66484375,"epoch":198,"_timestamp":1.728641442870305e+09,"val_f1_score":0.06479481641468683,"_runtime":1.888271,"val_hamming_loss":0.33828125,"val_accuracy":0.66171875,"hamming_loss":0.33515625,"train_precision":0.6496350364963503,"train_loss":5.021690440465305}