{"_runtime":5.17471,"train_precision":0.29385150524856407,"val_f1_score":0.3293085992576686,"val_loss":0.1670069673555012,"val_accuracy":0.5628415300546448,"_wandb":{"runtime":5},"train_accuracy":0.612859097127223,"train_loss":0.15161552978200182,"epoch":199,"val_precision":0.31854549825700207,"_timestamp":1.728598639139421e+09,"val_recall":0.34082446808510636,"train_f1_score":0.28947002339472744,"train_recall":0.28521728238490024,"_step":200}