{"train_loss":0.017534113585717225,"val_rmse":0.2688101974596852,"train_rmse":0.18726512534755224,"mae_train":0.14791407949948462,"_timestamp":1.728681885971061e+09,"r2_val":-0.4878713144727409,"val_loss":0.03612946112915748,"mse_val":0.07283370143966603,"train_mse":0.03506822717143445,"_runtime":0.889571,"r2_train":0.05501331824374123,"mae_val":0.22946242539482178,"val_r_squared":-0.476129532314425,"val_mse":0.07225892225831496,"_wandb":{"runtime":0},"rmse_val":0.2698771969612587,"rmse_train":0.18737472111981207,"epoch":5,"_step":7,"mse_train":0.03510928611472735,"train_r_squared":0.05611844337935301}