{"_runtime":0.492985,"val_recall":0,"hamming_loss":0.3431640625,"train_precision":0,"train_recall":0,"val_accuracy":0.659375,"val_precision":0,"val_loss":5.138081408759546,"_wandb":{"runtime":0},"_timestamp":1.728641258905312e+09,"val_hamming_loss":0.340625,"train_f1_score":0,"train_loss":5.143951562763431,"train_hamming_loss":0.3431640625,"_step":6,"val_f1_score":0,"train_accuracy":0.6568359375,"epoch":5}