{"_step":18,"train_precision":0.5555555555555556,"train_accuracy":0,"_runtime":0.481911,"train_hamming_loss":0.34296875,"val_loss":5.147886938832086,"train_f1_score":0.0056625141562853904,"train_loss":5.112128495527891,"hamming_loss":0.3431640625,"_wandb":{"runtime":0},"val_precision":0.3333333333333333,"val_f1_score":0.004555808656036446,"val_recall":0.0022935779816513763,"_timestamp":1.72860832553148e+09,"epoch":17,"val_accuracy":0,"train_recall":0.0028457598178713715,"val_hamming_loss":0.34140625}