{"_step":5,"val_accuracy":0.17486338797814208,"epoch":4,"train_loss":2.494865202016425,"_wandb":{"runtime":0},"val_f1_score":0.05953488372093023,"train_f1_score":0.038337368845843434,"_timestamp":1.728597080308424e+09,"val_loss":3.4329601775768634,"val_precision":0.034972677595628415,"_runtime":0.476952,"train_recall":0.16666666666666666,"val_recall":0.2,"train_precision":0.021659826721386232,"train_accuracy":0.12995896032831739}