{"train_accuracy":0.600547195622435,"_timestamp":1.7285995807892969e+09,"val_f1_score":0.3409897826004036,"val_recall":0.36555851063829786,"epoch":71,"train_recall":0.28025376359238124,"train_loss":0.15315843715993124,"val_loss":0.17159292438347237,"_wandb":{"runtime":2},"val_accuracy":0.546448087431694,"train_precision":0.2825915128503865,"train_f1_score":0.28141778336000195,"_runtime":2.623303,"val_precision":0.3195155444496972,"_step":72}