{"_wandb":{"runtime":1},"train_f1_score":0.20370723242613462,"val_loss":0.19052674452834617,"val_recall":0.22101063829787235,"val_accuracy":0.2896174863387978,"_runtime":1.9724599999999999,"train_precision":0.22564403105464811,"train_recall":0.18565783602245237,"_step":52,"train_accuracy":0.47332421340629277,"train_loss":0.21163841354223084,"_timestamp":1.728597939622654e+09,"val_precision":0.2130952380952381,"epoch":51,"val_f1_score":0.21698077428012952}