{"train_recall":0.18440523619806487,"hamming_loss":0.32265625,"val_precision":0.46788990825688076,"val_hamming_loss":0.34609375,"train_f1_score":0.2819843342036554,"val_loss":5.128940611133374,"epoch":10,"val_f1_score":0.18715596330275233,"_timestamp":1.728641645610832e+09,"train_accuracy":0.677734375,"train_precision":0.5988909426987061,"val_accuracy":0.65390625,"_runtime":0.628109,"_step":11,"_wandb":{"runtime":0},"val_recall":0.11697247706422019,"train_hamming_loss":0.322265625,"train_loss":4.833195360205864}