{"val_loss":0.16603993630582964,"train_accuracy":0.6028446389496718,"_timestamp":1.7285956860774431e+09,"_runtime":2.16597,"val_accuracy":0.6375545851528385,"_wandb":{"runtime":2},"_step":99,"train_loss":0.15880200017727086,"epoch":99}