{"_step":78,"val_recall":0.06880733944954129,"_wandb":{"runtime":1},"val_f1_score":0.11952191235059761,"val_loss":5.08261036901506,"_runtime":1.860419,"_timestamp":1.728640476477359e+09,"hamming_loss":0.33359375,"train_accuracy":0.6662109375,"train_hamming_loss":0.3337890625,"train_precision":0.5764331210191083,"train_loss":4.9783629454622,"train_recall":0.10301650540694365,"train_f1_score":0.1747947851279575,"val_hamming_loss":0.3453125,"val_precision":0.45454545454545453,"epoch":77,"val_accuracy":0.6546875}