{"rmse_train":0.2076301699551225,"mse_val":0.05386714464966702,"_runtime":1.422287,"mae_val":0.1600739564523604,"train_mse":0.04339123966841129,"train_r_squared":-0.16790023749137006,"mae_train":0.143440666955795,"epoch":29,"mse_train":0.04311028747559306,"r2_train":-0.16033824720891676,"val_loss":0.026856229161751864,"val_mse":0.05371245832350373,"_step":31,"r2_val":-0.10041612237963515,"val_rmse":0.23175948378330438,"_timestamp":1.728681966364326e+09,"train_rmse":0.20830564003024807,"rmse_val":0.2320929655324931,"train_loss":0.021695619834205645,"_wandb":{"runtime":1},"val_r_squared":-0.09725613815680689}