{"_wandb":{"runtime":0},"train_recall":0.08309618668184406,"val_recall":0.07110091743119266,"_timestamp":1.728639651502956e+09,"hamming_loss":0.33125,"train_accuracy":0.6693359375,"val_loss":5.108228106185696,"val_accuracy":0.6671875,"train_hamming_loss":0.3306640625,"epoch":15,"_runtime":0.55424,"train_loss":5.00226321429745,"val_f1_score":0.12704918032786885,"val_precision":0.5961538461538461,"val_hamming_loss":0.3328125,"train_f1_score":0.14710327455919395,"_step":16,"train_precision":0.6403508771929824}