{"val_loss":5.1361703240057714,"train_f1_score":0.08891213389121339,"train_accuracy":0.659765625,"val_recall":0.03211009174311927,"val_hamming_loss":0.346875,"train_recall":0.048377916903813316,"val_accuracy":0.653125,"_wandb":{"runtime":1},"epoch":69,"train_loss":5.013666682192574,"train_hamming_loss":0.340234375,"val_precision":0.3888888888888889,"hamming_loss":0.3412109375,"_runtime":1.454744,"val_f1_score":0.05932203389830509,"_step":70,"train_precision":0.5483870967741935,"_timestamp":1.728639414095511e+09}