{"val_accuracy":0.4279475982532751,"val_loss":0.1978125317107861,"_step":5,"_runtime":0.560928,"train_loss":0.20320298385366833,"_wandb":{"runtime":0},"epoch":5,"train_accuracy":0.3982494529540481,"_timestamp":1.728594992071201e+09}