{"train_f1_score":0.29126563397849786,"train_precision":0.2947041816207541,"train_loss":0.1555144576899084,"val_f1_score":0.3612439318727586,"train_accuracy":0.6046511627906976,"val_accuracy":0.6010928961748634,"val_recall":0.3761968085106383,"_runtime":1.436769,"val_loss":0.166820813125771,"_step":30,"val_precision":0.34743429286608263,"train_recall":0.2879064014341968,"epoch":29,"_wandb":{"runtime":1},"_timestamp":1.728597036916129e+09}