{"train_f1_score":0.21185254316378907,"epoch":6,"val_accuracy":0.65078125,"val_f1_score":0.17068645640074212,"val_loss":5.204223116326288,"train_recall":0.12919749573136027,"_timestamp":1.72864026460339e+09,"_wandb":{"runtime":0},"train_precision":0.5880829015544041,"train_hamming_loss":0.3298828125,"_runtime":0.612916,"val_hamming_loss":0.34921875,"hamming_loss":0.3326171875,"train_loss":4.909866094369373,"val_precision":0.44660194174757284,"val_recall":0.10550458715596331,"train_accuracy":0.6701171875,"_step":7}