{"val_f1_score":0.21778584392014522,"hamming_loss":0.3294921875,"val_recall":0.13761467889908258,"val_loss":5.113567915929047,"_timestamp":1.728641552905476e+09,"train_precision":0.5990888382687927,"epoch":10,"val_hamming_loss":0.33671875,"val_accuracy":0.66328125,"train_accuracy":0.673828125,"train_f1_score":0.23952641165755917,"val_precision":0.5217391304347826,"train_loss":4.924337924131115,"train_recall":0.14968696642003415,"_wandb":{"runtime":0},"_runtime":0.52043,"_step":11,"train_hamming_loss":0.326171875}