{"hamming_loss":0.34375,"val_hamming_loss":0.3421875,"val_precision":0.25,"train_loss":5.110963200531559,"val_accuracy":0.6578125,"_step":6,"train_hamming_loss":0.34375,"_timestamp":1.728639380603421e+09,"val_f1_score":0.004545454545454546,"train_precision":0.42857142857142855,"train_recall":0.005122367672168469,"train_accuracy":0.65625,"train_f1_score":0.010123734533183352,"_wandb":{"runtime":0},"_runtime":0.702973,"val_recall":0.0022935779816513763,"epoch":5,"val_loss":5.176623391790087}