{"_step":22,"train_precision":0.29416577586201664,"_wandb":{"runtime":1},"val_accuracy":0.546448087431694,"_runtime":1.6581329999999999,"epoch":21,"val_f1_score":0.33665232249236204,"train_accuracy":0.6114911080711354,"train_recall":0.29852274595457856,"_timestamp":1.7285992268897731e+09,"val_recall":0.356781914893617,"val_loss":0.16591107670335628,"train_f1_score":0.29632824643552763,"train_loss":0.15157488313713216,"val_precision":0.3186728395061728}