{"train_f1_score":0.24751580849141824,"_step":9,"_timestamp":1.728609280657928e+09,"train_loss":4.885206805157396,"val_loss":5.189863060210341,"train_recall":0.15594763801935116,"_runtime":0.506152,"val_accuracy":0.0375,"train_precision":0.5995623632385121,"train_accuracy":0.0328125,"val_precision":0.41509433962264153,"val_f1_score":0.16236162361623616,"val_hamming_loss":0.3546875,"train_hamming_loss":0.325390625,"hamming_loss":0.3251953125,"_wandb":{"runtime":0},"epoch":8,"val_recall":0.10091743119266056}