{"val_loss":0.20094307336187703,"train_loss":0.21313781896734865,"_step":7,"_runtime":0.884896,"epoch":7,"val_accuracy":0.45414847161572053,"train_accuracy":0.41466083150984684,"_wandb":{"runtime":0},"_timestamp":1.728595781931798e+09}