{"val_precision":0.4496124031007752,"val_f1_score":0.20530973451327436,"train_recall":0.16277746158224246,"val_loss":5.2212145139747985,"_runtime":0.567665,"_step":7,"train_f1_score":0.25265017667844525,"epoch":6,"train_precision":0.5641025641025641,"_timestamp":1.7286403011907132e+09,"_wandb":{"runtime":0},"val_recall":0.13302752293577982,"val_accuracy":0.64921875,"train_loss":4.927466450728641,"hamming_loss":0.3326171875,"train_hamming_loss":0.33046875,"train_accuracy":0.66953125,"val_hamming_loss":0.35078125}