{"_runtime":1.552081,"train_precision":0,"val_hamming_loss":0.340625,"train_accuracy":0.6568359375,"val_loss":5.137220279869448,"val_f1_score":0,"train_hamming_loss":0.3431640625,"_timestamp":1.728639673236873e+09,"epoch":24,"val_precision":0,"val_accuracy":0.659375,"hamming_loss":0.3431640625,"train_loss":5.1420257221065,"train_f1_score":0,"_wandb":{"runtime":1},"val_recall":0,"train_recall":0,"_step":25}