{"_timestamp":1.7286415861457531e+09,"val_hamming_loss":0.3390625,"epoch":14,"val_f1_score":0.1653846153846154,"train_hamming_loss":0.3263671875,"_step":15,"train_f1_score":0.2151244715829028,"hamming_loss":0.32890625,"val_precision":0.5119047619047619,"_runtime":0.619222,"val_recall":0.09862385321100918,"val_accuracy":0.6609375,"train_recall":0.13033579965850883,"_wandb":{"runtime":0},"val_loss":5.157861696121477,"train_accuracy":0.6736328125,"train_loss":4.931586567085581,"train_precision":0.6155913978494624}