{"_wandb":{"runtime":1},"val_accuracy":0.6065573770491803,"val_f1_score":0.3507259666957471,"train_loss":0.15850719692474824,"val_precision":0.3814241698048614,"_step":20,"val_loss":0.17413885424153328,"train_recall":0.2581037600695178,"train_accuracy":0.600547195622435,"_runtime":0.539237,"val_recall":0.32460106382978726,"train_precision":0.2896276032237733,"train_f1_score":0.2729585282920896,"epoch":19,"_timestamp":1.7285984778028648e+09}