{"val_accuracy":0.5628415300546448,"_runtime":0.937708,"val_f1_score":0.3462701973755779,"_wandb":{"runtime":0},"train_precision":0.2961126184619391,"train_f1_score":0.2991357100319459,"train_recall":0.3022211653632072,"val_recall":0.36542553191489363,"train_loss":0.15447995310896542,"epoch":18,"val_loss":0.17313874868284385,"_step":19,"val_precision":0.3290230536659108,"_timestamp":1.728597522748492e+09,"train_accuracy":0.612859097127223}