{"val_mse":0.08819168043432492,"_step":12,"r2_train":-0.39890882557201435,"r2_val":-0.9029056938837055,"mse_train":0.05197394963720055,"mae_train":0.1701836213594655,"_wandb":{"runtime":0},"rmse_val":0.30520534717847475,"val_rmse":0.2969708410506407,"train_loss":0.02747620464041119,"_timestamp":1.72868241112748e+09,"rmse_train":0.22797795866530726,"_runtime":0.865727,"epoch":10,"val_r_squared":-0.8016092674086757,"train_rmse":0.23441930227867835,"train_r_squared":-0.4790757844265401,"mse_val":0.09315030394633332,"mae_val":0.2503066093695923,"val_loss":0.04409584021716246,"train_mse":0.05495240928082238}