{"test_hamming_score":0.9217918313570488,"_timestamp":1.7305314907027469e+09,"val_hamming_score":0.9319999999999999,"_wandb":{"runtime":248},"_step":5,"train_hamming_score":0.9445502645502646,"val_loss":0.20535030120864828,"test_exact_match_accuracy":0.14282608695652174,"val_exact_match_accuracy":0.178,"_runtime":248.115164,"train_loss":0.10304269892385769,"train_exact_match_accuracy":0.32666666666666666}