{"val_recall":0.09174311926605505,"_timestamp":1.728607970399395e+09,"train_precision":0.6518218623481782,"val_loss":5.086104283743961,"_step":10,"epoch":9,"train_loss":4.950069948648445,"val_accuracy":0.01875,"train_f1_score":0.16067864271457086,"hamming_loss":0.32890625,"val_precision":0.5797101449275363,"val_f1_score":0.15841584158415842,"val_hamming_loss":0.33203125,"_wandb":{"runtime":0},"train_accuracy":0.028125,"train_recall":0.09163346613545817,"train_hamming_loss":0.328515625,"_runtime":0.486822}