{"val_recall":0.3761968085106383,"train_loss":0.15356065072334418,"val_accuracy":0.5846994535519126,"train_accuracy":0.6087551299589603,"train_precision":0.29101950825803663,"epoch":91,"val_precision":0.33616830970853023,"_step":92,"_wandb":{"runtime":1},"_timestamp":1.72859693417254e+09,"val_loss":0.16893468974697126,"train_f1_score":0.29263837194995684,"train_recall":0.2942753470020433,"val_f1_score":0.35505793868996305,"_runtime":1.531982}