{"_wandb":{"runtime":1},"val_precision":0.55,"epoch":99,"val_recall":0.02522935779816514,"hamming_loss":0.338671875,"val_f1_score":0.048245614035087724,"train_f1_score":0.06774193548387097,"train_hamming_loss":0.338671875,"_timestamp":1.72863992712006e+09,"val_accuracy":0.6609375,"_runtime":1.372763,"train_loss":5.026789047713966,"train_precision":0.6116504854368932,"val_hamming_loss":0.3390625,"train_accuracy":0.661328125,"_step":100,"train_recall":0.035856573705179286,"val_loss":5.092301513289261}