{"r2_val":-0.6523000346226511,"train_loss":0.05597219422965776,"rmse_train":0.334283847421777,"train_rmse":0.3345809146668643,"val_loss":0.0404399833990062,"_step":171,"mae_val":0.2485911003608357,"train_r_squared":-2.0130477687789843,"_runtime":1.4654,"train_mse":0.11194438845931552,"mse_train":0.1117456906471059,"val_r_squared":-0.6522431255804946,"r2_train":-2.0076997025830887,"epoch":169,"rmse_val":0.2843989321137572,"_timestamp":1.728681447985131e+09,"mae_train":0.2701937197311159,"val_rmse":0.28439403439244715,"mse_val":0.08088275258744548,"val_mse":0.0808799667980124,"_wandb":{"runtime":1}}