{"train_loss":4.9683362844005,"val_loss":5.112373999825489,"val_recall":0.08944954128440367,"val_f1_score":0.15476190476190477,"epoch":59,"train_precision":0.5865724381625441,"val_accuracy":0.6671875,"_wandb":{"runtime":1},"train_hamming_loss":0.33359375,"val_hamming_loss":0.3328125,"_runtime":1.588237,"hamming_loss":0.33359375,"train_accuracy":0.66640625,"_timestamp":1.7286409172823648e+09,"train_recall":0.09447922595332954,"val_precision":0.5735294117647058,"train_f1_score":0.16274509803921566,"_step":60}