{"train_f1_score":0,"hamming_loss":0.3431640625,"val_loss":5.214942251176952,"train_precision":0,"train_recall":0,"epoch":7,"_wandb":{"runtime":3},"train_accuracy":0.6568359375,"train_loss":5.095014903507182,"val_f1_score":0,"train_hamming_loss":0.3431640625,"_timestamp":1.728640887974545e+09,"_step":8,"_runtime":3.488075,"val_hamming_loss":0.340625,"val_accuracy":0.659375,"val_precision":0,"val_recall":0}