{"val_recall":0.2,"_runtime":0.583741,"_timestamp":1.72859714511715e+09,"train_loss":0.27648117413641726,"val_accuracy":0.2568306010928962,"_wandb":{"runtime":0},"val_loss":0.22175229865007456,"epoch":9,"train_recall":0.16666666666666666,"_step":10,"val_precision":0.05136612021857924,"train_f1_score":0.10410787080589524,"val_f1_score":0.08173913043478262,"train_precision":0.0756953944368445,"train_accuracy":0.454172366621067}