{"val_precision":0,"_timestamp":1.728639629722114e+09,"_runtime":1.226677,"train_precision":0,"hamming_loss":0.3431640625,"val_accuracy":0.659375,"_wandb":{"runtime":1},"train_accuracy":0.6568359375,"_step":21,"epoch":20,"train_loss":5.139205277498051,"train_hamming_loss":0.3431640625,"train_f1_score":0,"val_f1_score":0,"val_loss":5.144291540200157,"train_recall":0,"val_hamming_loss":0.340625,"val_recall":0}