{"train_rmse":0.2401174262640185,"val_r_squared":-1.4270906074991307,"train_mse":0.057656378395656356,"mae_val":0.31720752288366527,"rmse_val":0.3446882667143217,"rmse_train":0.2401174262640185,"_step":201,"val_loss":0.05940500060526168,"train_r_squared":-0.5518546724121469,"_wandb":{"runtime":1},"r2_val":-1.4270906074991307,"mae_train":0.21355088802096328,"_timestamp":1.728681988651455e+09,"epoch":199,"_runtime":1.507957,"train_loss":0.028828189197828178,"val_mse":0.11881000121052336,"val_rmse":0.3446882667143217,"mse_val":0.11881000121052336,"r2_train":-0.5518546724121469,"mse_train":0.057656378395656356}