{"train_hamming_loss":0.3318359375,"val_precision":0.4329896907216495,"epoch":7,"val_loss":5.161598861944908,"train_f1_score":0.21451687471104947,"val_recall":0.0963302752293578,"_timestamp":1.728609748551643e+09,"val_f1_score":0.1575984990619137,"train_loss":4.95516779881215,"train_accuracy":0.0234375,"_wandb":{"runtime":0},"hamming_loss":0.334765625,"_step":8,"train_recall":0.13204325554923166,"_runtime":0.565964,"train_precision":0.5714285714285714,"val_accuracy":0.01875,"val_hamming_loss":0.35078125}