{"_wandb":{"runtime":1},"_runtime":1.450446,"val_accuracy":0.0125,"train_f1_score":0.1546134663341646,"_step":28,"val_recall":0.07110091743119266,"_timestamp":1.7286082377044501e+09,"hamming_loss":0.33203125,"epoch":27,"train_hamming_loss":0.3310546875,"val_precision":0.4305555555555556,"val_loss":5.244314362923783,"val_f1_score":0.1220472440944882,"train_precision":0.625,"val_hamming_loss":0.3484375,"train_accuracy":0.025,"train_loss":4.974183016977735,"train_recall":0.08821855435401252}