{"train_accuracy":0.615595075239398,"val_f1_score":0.3206093179056033,"train_precision":0.2970103627473711,"epoch":128,"val_loss":0.16912837764360786,"val_recall":0.3325797872340425,"val_precision":0.3094706119162641,"_runtime":1.459363,"train_f1_score":0.29362925473064955,"train_loss":0.15275706145753445,"_step":129,"_timestamp":1.728597273259518e+09,"_wandb":{"runtime":1},"train_recall":0.2903242600029749,"val_accuracy":0.5519125683060109}