{"val_loss":0.21350900802143424,"val_f1_score":0.08173913043478262,"_wandb":{"runtime":1},"train_recall":0.16666666666666666,"train_f1_score":0.10410787080589524,"val_recall":0.2,"train_precision":0.0756953944368445,"val_accuracy":0.2568306010928962,"train_accuracy":0.454172366621067,"val_precision":0.05136612021857924,"train_loss":0.19502456403185392,"_step":200,"epoch":199,"_timestamp":1.728596885287018e+09,"_runtime":1.456365}