{"val_accuracy":0.45414847161572053,"epoch":7,"train_loss":0.4778430554291148,"val_loss":0.45535604631920634,"_step":7,"train_accuracy":0.41466083150984684,"_timestamp":1.728595338862721e+09,"_runtime":0.515783,"_wandb":{"runtime":0}}