{"_step":23,"val_mse":0.05992864577402808,"train_rmse":0.21061507091629028,"_wandb":{"runtime":1},"epoch":21,"val_loss":0.02996432288701404,"train_mse":0.044358708097073984,"_runtime":1.348785,"mse_val":0.060835599330092346,"val_r_squared":-0.22424250312525773,"mae_train":0.14819264163523227,"mse_train":0.04149577792170096,"val_rmse":0.24480327974524377,"_timestamp":1.728681324572146e+09,"train_loss":0.022179354048536992,"r2_val":-0.24277005497218562,"rmse_val":0.2466487367291638,"rmse_train":0.2037051249274327,"mae_val":0.1835163824127351,"r2_train":-0.1168827915493873,"train_r_squared":-0.19394020814524238}