{"train_f1_score":0.007851934941110488,"train_accuracy":0,"_step":5,"val_hamming_loss":0.340625,"hamming_loss":0.654296875,"_timestamp":1.728609727297302e+09,"train_loss":58.7323413420843,"val_loss":59.79765915138428,"_runtime":0.499751,"val_f1_score":0,"epoch":4,"val_precision":0,"train_precision":0.2692307692307692,"_wandb":{"runtime":0},"val_recall":0,"train_hamming_loss":0.3455078125,"train_recall":0.00398406374501992,"val_accuracy":0}