{"train_recall":0.09391007398975526,"val_hamming_loss":0.34453125,"_wandb":{"runtime":0},"epoch":13,"train_hamming_loss":0.3259765625,"val_precision":0.45614035087719296,"train_loss":4.923944877849908,"train_accuracy":0.0328125,"train_precision":0.6818181818181818,"_step":14,"val_loss":5.108980297089334,"val_accuracy":0.0125,"hamming_loss":0.3271484375,"val_recall":0.05963302752293578,"train_f1_score":0.16508254127063532,"_runtime":0.799437,"val_f1_score":0.10547667342799188,"_timestamp":1.728608062213054e+09}