{"test_acc":0.9952173913043478,"_wandb":{"runtime":131},"_runtime":131.966462,"_step":10,"train_loss":0.0492018181357892,"val_loss":0.02673349924821486,"_timestamp":1.7304713183424299e+09,"val_acc":0.992}