{"_timestamp":1.728594840505156e+09,"epoch":8,"val_loss":0.19158646696378157,"_step":8,"_wandb":{"runtime":0},"_runtime":0.760495,"train_loss":0.19545466334799497,"train_accuracy":0.3479212253829322,"val_accuracy":0.4104803493449782}