{"train_f1_score":0.28315105726429374,"_step":100,"val_precision":0.3246407874890847,"val_loss":0.16823281813224147,"_runtime":1.907207,"val_f1_score":0.34400440121541626,"val_recall":0.3658244680851064,"train_precision":0.28602142821870796,"train_loss":0.15848446583094308,"_timestamp":1.728599417238055e+09,"epoch":99,"train_recall":0.28033772516968464,"val_accuracy":0.5628415300546448,"train_accuracy":0.600547195622435,"_wandb":{"runtime":1}}