{"train_recall":0.16666666666666666,"train_loss":1.5241157763327602,"train_f1_score":0.0899100899100899,"epoch":4,"val_f1_score":0.13574007220216605,"val_loss":2.0871672703379263,"val_precision":0.10273224043715848,"train_precision":0.061559507523939815,"_timestamp":1.7285991622485042e+09,"_wandb":{"runtime":0},"_runtime":0.502541,"val_accuracy":0.5136612021857924,"train_accuracy":0.3693570451436389,"_step":5,"val_recall":0.2}