{"val_recall":0.20638297872340425,"val_precision":0.13232323232323231,"train_recall":0.17195076602707124,"val_accuracy":0.28415300546448086,"_timestamp":1.728596648081128e+09,"train_precision":0.13933269931843398,"_runtime":0.514283,"epoch":6,"train_f1_score":0.15393277862562996,"train_loss":0.19470996009433386,"_step":7,"val_loss":0.21127985882284664,"train_accuracy":0.46511627906976744,"val_f1_score":0.16125634517766496,"_wandb":{"runtime":0}}