{"val_loss":9.189031860205717e-05,"_timestamp":1.730470890480294e+09,"_runtime":120.984663,"_step":9,"val_acc":1,"test_acc":0.9991304347826087,"_wandb":{"runtime":120},"train_loss":0.009887827870677613}