{"train_r_squared":-6.734745863966296,"epoch":399,"train_mse":0.287370616756206,"val_r_squared":-2.321479308590002,"val_mse":0.16259177117451218,"_runtime":1.335078,"_wandb":{"runtime":1},"rmse_train":0.5360696006641358,"mse_train":0.287370616756206,"val_rmse":0.40322669948121265,"mae_val":0.333814051888923,"rmse_val":0.40322669948121265,"_step":401,"_timestamp":1.728681562149917e+09,"r2_val":-2.321479308590002,"val_loss":0.08129588558725609,"mse_val":0.16259177117451218,"train_rmse":0.5360696006641358,"mae_train":0.48542109508216874,"train_loss":0.143685308378103,"r2_train":-6.734745863966296}