{"_runtime":1.6843979999999998,"_step":22,"train_loss":5.128611344967323,"train_f1_score":0,"val_recall":0,"train_hamming_loss":0.3431640625,"train_accuracy":0.6568359375,"epoch":21,"train_recall":0,"val_hamming_loss":0.340625,"val_accuracy":0.659375,"train_precision":0,"val_loss":5.143565190720307,"val_f1_score":0,"val_precision":0,"_timestamp":1.7286410582182631e+09,"hamming_loss":0.3431640625,"_wandb":{"runtime":1}}