{"val_accuracy":0.45414847161572053,"_timestamp":1.7285946941758988e+09,"epoch":4,"train_loss":6.812464068457244,"_wandb":{"runtime":0},"_runtime":0.538132,"train_accuracy":0.41466083150984684,"_step":4,"val_loss":6.196832796540354}