{"val_recall":0.08944954128440367,"val_accuracy":0.025,"train_f1_score":0.1746810598626104,"train_precision":0.6334519572953736,"hamming_loss":0.32890625,"train_recall":0.10130904951622083,"train_hamming_loss":0.328515625,"val_precision":0.5342465753424658,"_wandb":{"runtime":0},"_timestamp":1.728607992052225e+09,"val_loss":5.139596484284388,"_step":11,"val_hamming_loss":0.33671875,"epoch":10,"train_accuracy":0.03125,"_runtime":0.690204,"train_loss":4.921667282503796,"val_f1_score":0.15324165029469547}