{"rmse_train":0.21523978461870033,"mae_train":0.1693908474787878,"train_mse":0.04632816488270451,"_wandb":{"runtime":1},"rmse_val":0.22386480017390314,"val_r_squared":-0.023775218661526765,"mae_val":0.15175039914730573,"r2_val":-0.023775218661526765,"val_rmse":0.22386480017390314,"epoch":199,"train_rmse":0.21523978461870033,"val_loss":0.02505772437845079,"_runtime":1.49619,"train_r_squared":-0.24694927322944116,"val_mse":0.05011544875690158,"r2_train":-0.24694927322944116,"mse_val":0.05011544875690158,"_timestamp":1.7286813031677282e+09,"_step":201,"mse_train":0.04632816488270451,"train_loss":0.023164082441352256}