{"_step":9,"train_loss":5.141723599441205,"val_accuracy":0.659375,"train_precision":0,"train_accuracy":0.6568359375,"_runtime":0.507589,"train_recall":0,"val_hamming_loss":0.340625,"hamming_loss":0.3431640625,"_wandb":{"runtime":0},"val_loss":5.138877178390364,"train_hamming_loss":0.3431640625,"val_f1_score":0,"_timestamp":1.7286413117348638e+09,"val_recall":0,"val_precision":0,"epoch":8,"train_f1_score":0}