{"train_loss":4.9003166662371065,"val_loss":5.095409037136484,"train_recall":0.061468412066021626,"val_hamming_loss":0.33203125,"_runtime":1.534545,"train_precision":0.7058823529411765,"train_accuracy":0.669140625,"epoch":59,"hamming_loss":0.3302734375,"train_hamming_loss":0.330859375,"_timestamp":1.728639559334391e+09,"val_accuracy":0.66796875,"_wandb":{"runtime":1},"_step":60,"train_f1_score":0.1130890052356021,"val_precision":0.6571428571428571,"val_f1_score":0.09766454352441616,"val_recall":0.052752293577981654}