{"_wandb":{"runtime":1},"train_hamming_loss":0.3302734375,"train_loss":5.022522526668554,"_runtime":1.414849,"val_recall":0.06651376146788991,"val_loss":5.079128001694866,"epoch":27,"train_accuracy":0.6697265625,"train_recall":0.07000569151963575,"hamming_loss":0.3302734375,"val_precision":0.6590909090909091,"train_f1_score":0.12700051626226122,"train_precision":0.6833333333333333,"val_f1_score":0.12083333333333335,"_step":28,"_timestamp":1.7286412527879412e+09,"val_hamming_loss":0.3296875,"val_accuracy":0.6703125}