{"mae_val":0.1669182107262493,"rmse_train":0.18469568743189288,"r2_train":0.08184247325690575,"val_mse":0.06602793712536839,"_timestamp":1.728681604846613e+09,"_step":136,"val_rmse":0.2569590183771887,"train_mse":0.034159502892296294,"train_loss":0.017079751446148147,"mse_val":0.06602864046985722,"train_rmse":0.18482289601750182,"train_r_squared":0.08057728137360953,"val_loss":0.033013968562684196,"mae_train":0.13994743429097534,"_runtime":1.408027,"val_r_squared":-0.34884087531959773,"rmse_val":0.2569603869662739,"r2_val":-0.3488552434770362,"epoch":134,"_wandb":{"runtime":1},"mse_train":0.03411249695593947}