{"val_loss":5.129416959363015,"epoch":8,"val_precision":0.5189873417721519,"train_f1_score":0.20525059665871123,"train_loss":4.9100060046679745,"train_precision":0.636094674556213,"train_accuracy":0.6748046875,"val_accuracy":0.66171875,"_step":9,"hamming_loss":0.3251953125,"val_recall":0.09403669724770643,"_timestamp":1.728639343822746e+09,"train_recall":0.12236767216846899,"val_f1_score":0.15922330097087378,"_runtime":0.720921,"_wandb":{"runtime":0},"train_hamming_loss":0.3251953125,"val_hamming_loss":0.33828125}