{"train_f1_score":0.15054835493519442,"train_hamming_loss":0.3328125,"val_loss":5.099981404411213,"val_f1_score":0.1376518218623482,"epoch":18,"hamming_loss":0.3330078125,"_runtime":0.871079,"val_accuracy":0.6671875,"val_precision":0.5862068965517241,"train_accuracy":0.6671875,"train_recall":0.08594194649971543,"_wandb":{"runtime":0},"train_loss":4.991807272324955,"_step":19,"val_recall":0.0779816513761468,"val_hamming_loss":0.3328125,"train_precision":0.606425702811245,"_timestamp":1.728641150850485e+09}