{"epoch":48,"_timestamp":1.7286110670755699e+09,"train_precision":0.6275862068965518,"hamming_loss":0.329296875,"val_loss":5.149950413722598,"val_hamming_loss":0.34375,"_wandb":{"runtime":2},"val_precision":0.4696969696969697,"val_accuracy":0.0125,"val_f1_score":0.12350597609561753,"train_recall":0.10358565737051793,"train_hamming_loss":0.3287109375,"_runtime":2.718535,"train_accuracy":0.028125,"train_loss":4.952593131160077,"_step":49,"val_recall":0.07110091743119266,"train_f1_score":0.17782120175867122}