{"val_accuracy":0.66875,"_wandb":{"runtime":1},"train_recall":0.07512805919180421,"train_f1_score":0.1337386018237082,"_runtime":1.439396,"train_loss":4.9998165798446825,"val_f1_score":0.1203319502074689,"val_precision":0.6304347826086957,"train_hamming_loss":0.333984375,"_step":179,"_timestamp":1.7286399595936692e+09,"train_precision":0.6082949308755761,"epoch":178,"val_hamming_loss":0.33125,"train_accuracy":0.666015625,"val_loss":5.112032981951906,"hamming_loss":0.3341796875,"val_recall":0.06651376146788991}