{"_runtime":0.557651,"val_accuracy":0.66171875,"train_loss":4.991207822923196,"train_accuracy":0.6685546875,"val_f1_score":0.1108829568788501,"_timestamp":1.7286411657355268e+09,"train_hamming_loss":0.3314453125,"val_loss":5.082529639483869,"_step":20,"train_recall":0.08195788275469551,"epoch":19,"val_recall":0.06192660550458716,"val_hamming_loss":0.33828125,"val_precision":0.5294117647058824,"train_precision":0.631578947368421,"train_f1_score":0.14508816120906803,"_wandb":{"runtime":1},"hamming_loss":0.330859375}