{"train_accuracy":0.6716796875,"_runtime":1.305176,"val_loss":5.063793812740853,"val_f1_score":0.1491935483870968,"_timestamp":1.728639729155931e+09,"train_precision":0.6844660194174758,"val_recall":0.08486238532110092,"val_accuracy":0.6703125,"_wandb":{"runtime":1},"train_f1_score":0.1436576668364748,"val_hamming_loss":0.3296875,"val_precision":0.6166666666666667,"_step":32,"train_loss":5.012886224844083,"epoch":31,"train_recall":0.08025042686397268,"hamming_loss":0.3283203125,"train_hamming_loss":0.3283203125}