{"train_accuracy":0,"val_accuracy":0,"_timestamp":1.728593257475703e+09,"_wandb":{"runtime":1},"_step":28,"train_loss":0.15397592853610906,"_runtime":1.398943,"epoch":28,"val_loss":0.15646747348995435}