{"_step":300,"_timestamp":1.7286821824631019e+09,"val_rmse":0.27893589535403857,"train_r_squared":-0.21868022957016175,"rmse_train":0.21192212538572855,"val_mse":0.07780523371695916,"train_mse":0.04527787924251032,"mae_train":0.1597490971473749,"_runtime":1.546329,"train_rmse":0.21278599399986436,"mae_val":0.2235295346162588,"r2_train":-0.20880511942927704,"train_loss":0.02263893962125516,"val_loss":0.03890261685847958,"r2_val":-0.5897516023869949,"_wandb":{"runtime":1},"val_r_squared":-0.5894314455404628,"mse_train":0.044910987228004455,"rmse_val":0.2789639867637969,"mse_val":0.07782090591115187,"epoch":298}