{"train_hamming_loss":0.3431640625,"train_loss":5.141841224654646,"_wandb":{"runtime":0},"val_hamming_loss":0.340625,"train_precision":0,"train_recall":0,"train_f1_score":0,"val_accuracy":0.659375,"epoch":9,"val_recall":0,"_runtime":0.506128,"_timestamp":1.728639819949311e+09,"hamming_loss":0.3431640625,"val_f1_score":0,"val_precision":0,"val_loss":5.1392916311025685,"train_accuracy":0.6568359375,"_step":10}