{"val_loss":0.22390487987589405,"val_accuracy":0.2568306010928962,"train_precision":0.0756953944368445,"train_f1_score":0.10410787080589524,"_runtime":0.539889,"_step":10,"val_recall":0.2,"epoch":9,"val_f1_score":0.08173913043478262,"train_recall":0.16666666666666666,"train_loss":0.2790740543873456,"train_accuracy":0.454172366621067,"_wandb":{"runtime":0},"_timestamp":1.728598765788749e+09,"val_precision":0.05136612021857924}