{"val_accuracy":0.45414847161572053,"_step":15,"train_accuracy":0.4179431072210066,"_wandb":{"runtime":0},"_runtime":0.652451,"val_loss":0.1846814793152298,"epoch":15,"_timestamp":1.728595323055823e+09,"train_loss":0.20006463567525123}