{"epoch":4,"rmse_train":0.2737559101094597,"train_loss":0.039468546350449454,"val_loss":0.17125153107366145,"_step":6,"r2_train":-1.0171151752004457,"mae_train":0.2107225985211158,"mse_train":0.07494229831985859,"train_mse":0.07893709270089891,"mse_val":0.35158418172605793,"_wandb":{"runtime":0},"mae_val":0.46736250322374023,"train_rmse":0.2809574571014247,"val_mse":0.3425030621473229,"val_rmse":0.5852376116991481,"_timestamp":1.7286825576697862e+09,"rmse_val":0.5929453446364664,"val_r_squared":-5.996767584443295,"_runtime":0.672262,"r2_val":-6.182279745124698,"train_r_squared":-1.124637369588053}