{"epoch":99,"_step":100,"val_recall":0.027522935779816515,"_runtime":1.416277,"_wandb":{"runtime":1},"train_recall":0.02902675014228799,"_timestamp":1.728608581135411e+09,"val_loss":5.125249941431536,"val_f1_score":0.052060737527114966,"train_loss":5.030801769715017,"train_hamming_loss":0.338671875,"val_accuracy":0.0125,"train_accuracy":0.0078125,"hamming_loss":0.338671875,"val_hamming_loss":0.34140625,"train_precision":0.6455696202531646,"train_f1_score":0.05555555555555555,"val_precision":0.48}