{"_runtime":294.747843,"test_hamming_score":0.5832608695652174,"val_loss":0.15827974042993911,"train_exact_match_accuracy":0.36103174603174604,"val_hamming_score":0.5756666666666667,"val_exact_match_accuracy":0.15266666666666667,"_step":5,"train_loss":0.14151406378915468,"test_exact_match_accuracy":0.06239130434782609,"train_hamming_score":0.6955026455026455,"_timestamp":1.7305373390797598e+09,"_wandb":{"runtime":294}}