{"train_accuracy":0.6196990424076607,"train_precision":0.30063050375550376,"_step":15,"_runtime":0.939208,"train_f1_score":0.30687411936321435,"_wandb":{"runtime":0},"val_accuracy":0.5519125683060109,"_timestamp":1.728596912033416e+09,"val_loss":0.1701130196901076,"epoch":14,"val_recall":0.369281914893617,"val_precision":0.326211715730003,"train_recall":0.31338257513484735,"val_f1_score":0.34641319989513825,"train_loss":0.15527000819881362}