{"val_accuracy":0.5956284153005464,"train_recall":0.2824766903872801,"_timestamp":1.728597200976352e+09,"train_precision":0.29148200944326946,"_step":66,"val_recall":0.3702127659574468,"val_precision":0.3400352500550782,"train_loss":0.15375545196318238,"epoch":65,"train_accuracy":0.6060191518467852,"val_f1_score":0.35448290627453893,"_wandb":{"runtime":2},"train_f1_score":0.2869087039164215,"val_loss":0.1722240713218132,"_runtime":2.860683}