{"_timestamp":1.728640377745686e+09,"epoch":8,"hamming_loss":0.3345703125,"_step":9,"train_hamming_loss":0.33203125,"train_f1_score":0.21003717472118963,"val_precision":0.4636363636363636,"train_loss":4.930071462112718,"_runtime":1.6418300000000001,"val_hamming_loss":0.346875,"_wandb":{"runtime":1},"train_precision":0.5721518987341773,"train_recall":0.128628343767786,"train_accuracy":0.66796875,"val_accuracy":0.653125,"val_recall":0.11697247706422019,"val_loss":5.150292008667769,"val_f1_score":0.18681318681318682}