{"val_accuracy":0.4279475982532751,"epoch":12,"train_loss":0.21422525970707837,"_wandb":{"runtime":0},"_runtime":0.521497,"_step":12,"train_accuracy":0.3982494529540481,"val_loss":0.2076235438861665,"_timestamp":1.728595263929949e+09}