{"train_hamming_loss":0.3431640625,"val_loss":5.134962684670387,"val_accuracy":0.659375,"val_recall":0,"val_precision":0,"_step":20,"_runtime":0.640728,"train_precision":0,"train_recall":0,"_timestamp":1.728641479248072e+09,"train_loss":5.141582949443525,"val_f1_score":0,"hamming_loss":0.3431640625,"epoch":19,"_wandb":{"runtime":1},"train_f1_score":0,"train_accuracy":0.6568359375,"val_hamming_loss":0.340625}