{"val_precision":0.33187819155561094,"_runtime":2.674506,"train_precision":0.27768246888164544,"val_loss":0.17032639286178605,"train_recall":0.274549464916195,"epoch":94,"train_loss":0.1543666247650345,"val_accuracy":0.5846994535519126,"_wandb":{"runtime":2},"_step":95,"train_accuracy":0.5909712722298222,"train_f1_score":0.2761070795879492,"_timestamp":1.728598778796237e+09,"val_recall":0.36595744680851067,"val_f1_score":0.34808567793364675}