{"_wandb":{"runtime":1},"val_loss":0.18982816215903314,"_timestamp":1.7285956686725109e+09,"epoch":27,"train_accuracy":0.4135667396061269,"val_accuracy":0.45414847161572053,"_step":27,"_runtime":1.539818,"train_loss":0.1988083133803748}