{"train_recall":0.16666666666666666,"train_loss":2.0946909532784868,"val_accuracy":0.5136612021857924,"train_f1_score":0.0899100899100899,"train_accuracy":0.3693570451436389,"val_precision":0.10273224043715848,"_step":5,"_runtime":0.71675,"train_precision":0.061559507523939815,"_timestamp":1.7285992003771431e+09,"epoch":4,"val_recall":0.2,"_wandb":{"runtime":0},"val_f1_score":0.13574007220216605,"val_loss":2.8520179658256852}