{"_wandb":{"runtime":1},"val_accuracy":0.5245901639344263,"val_precision":0.208452064718667,"_timestamp":1.7285989774207711e+09,"train_recall":0.21591179532946603,"val_recall":0.28936170212765955,"train_loss":0.170670257118164,"train_f1_score":0.19430574742027137,"epoch":199,"val_f1_score":0.24233176451160104,"val_loss":0.18449521803006588,"train_precision":0.1766305309794759,"train_accuracy":0.5512995896032832,"_step":200,"_runtime":1.523334}