{"_wandb":{"runtime":0},"val_accuracy":0.06986899563318777,"val_loss":2.12177255242762,"_step":4,"_runtime":0.534637,"epoch":4,"train_accuracy":0.1389496717724289,"_timestamp":1.728595652985767e+09,"train_loss":1.9862237325289136}