{"_runtime":0.779792,"val_hamming_loss":0.340625,"train_hamming_loss":0.33125,"val_recall":0.07110091743119266,"epoch":10,"train_recall":0.07911212293682413,"val_accuracy":0.659375,"_wandb":{"runtime":0},"_timestamp":1.728639283040579e+09,"train_accuracy":0.66875,"train_precision":0.6405529953917051,"val_f1_score":0.12449799196787151,"hamming_loss":0.3322265625,"_step":11,"val_precision":0.5,"train_loss":4.966531154947775,"val_loss":5.132754674011503,"train_f1_score":0.1408308004052685}