{"train_mse":0.06767434759532835,"_runtime":1.578927,"mse_train":0.06596331491789893,"val_loss":0.03139017022665512,"val_mse":0.06278034045331024,"epoch":49,"val_rmse":0.2505600535865808,"r2_val":-0.28647803282706863,"train_rmse":0.2601429368545845,"_timestamp":1.728682498682122e+09,"_wandb":{"runtime":1},"_step":51,"mae_train":0.20004616535577505,"val_r_squared":-0.28249787978565255,"rmse_val":0.2509485512339918,"mae_val":0.21118146197896853,"r2_train":-0.7754406591525911,"rmse_train":0.2568332434049357,"mse_val":0.06297517536643941,"train_r_squared":-0.8214940903427603,"train_loss":0.033837173797664176}