{"_step":81,"train_accuracy":0.6681640625,"_wandb":{"runtime":1},"val_recall":0.03669724770642202,"train_hamming_loss":0.3318359375,"_runtime":1.582433,"val_accuracy":0.66328125,"train_recall":0.056346044393853156,"train_loss":5.026159845084597,"_timestamp":1.72864132926262e+09,"val_precision":0.5925925925925926,"train_f1_score":0.1043753294675804,"train_precision":0.7071428571428572,"val_loss":5.108310145765825,"epoch":80,"val_f1_score":0.06911447084233262,"val_hamming_loss":0.33671875,"hamming_loss":0.3326171875}