{"val_f1_score":0.33955173040140074,"epoch":28,"train_recall":0.2767271816310075,"val_precision":0.32501296456352635,"val_recall":0.35545212765957446,"train_f1_score":0.2785870038585614,"_runtime":1.630798,"_wandb":{"runtime":1},"_step":29,"val_accuracy":0.5737704918032787,"val_loss":0.17415708275085406,"train_accuracy":0.600547195622435,"train_loss":0.15746754957648545,"_timestamp":1.728597225691416e+09,"train_precision":0.2804719941433601}