{"val_loss":0.17346282000577867,"epoch":26,"train_f1_score":0.3055864063323646,"train_accuracy":0.6169630642954856,"val_recall":0.3398936170212766,"train_recall":0.30931308078317166,"train_loss":0.15459909890690357,"train_precision":0.30194846248033996,"val_precision":0.3102688009664754,"val_accuracy":0.5300546448087432,"_timestamp":1.728597839549949e+09,"_runtime":1.425541,"val_f1_score":0.32440627785205683,"_step":27,"_wandb":{"runtime":1}}