{"_timestamp":1.728608072743551e+09,"train_recall":0.009675583380762664,"train_precision":0.7391304347826086,"val_accuracy":0.00625,"_step":7,"val_precision":0.375,"train_loss":5.0981105504278075,"_wandb":{"runtime":0},"val_hamming_loss":0.3421875,"epoch":6,"train_f1_score":0.019101123595505618,"_runtime":0.477616,"val_recall":0.006880733944954129,"val_loss":5.1685717913297955,"train_accuracy":0,"val_f1_score":0.013513513513513514,"hamming_loss":0.341796875,"train_hamming_loss":0.341015625}