{"train_exact_match_accuracy":0.04015873015873016,"_step":5,"test_hamming_score":0.3966666666666666,"train_hamming_score":0.3685978835978836,"train_loss":0.2969190833834827,"test_exact_match_accuracy":0.0002173913043478261,"val_loss":0.27095933892625446,"_wandb":{"runtime":331},"val_exact_match_accuracy":0.0003333333333333333,"_timestamp":1.730537038044035e+09,"val_hamming_score":0.3378888888888889,"_runtime":331.083295}