{"train_precision":0.5194401244167963,"hamming_loss":0.334765625,"train_f1_score":0.2783333333333334,"train_accuracy":0.66171875,"epoch":61,"_wandb":{"runtime":1},"train_hamming_loss":0.33828125,"val_recall":0.14908256880733944,"val_hamming_loss":0.3671875,"train_recall":0.19009675583380764,"val_loss":5.150404009500508,"_timestamp":1.7286396961152792e+09,"val_accuracy":0.6328125,"_runtime":1.496465,"val_precision":0.39634146341463417,"_step":62,"train_loss":4.999517141387854,"val_f1_score":0.21666666666666665}