{"train_precision":0.1530122386307185,"_wandb":{"runtime":3},"_timestamp":1.72859753593538e+09,"_step":100,"train_loss":0.19145841828089286,"val_recall":0.22340425531914893,"val_loss":0.20887139232843593,"val_f1_score":0.18106141882738044,"train_accuracy":0.4952120383036936,"val_precision":0.15221198156682028,"epoch":99,"_runtime":3.353055,"val_accuracy":0.3224043715846995,"train_recall":0.18737542763647183,"train_f1_score":0.168459297961398}