{"val_loss":5.1390675934089,"epoch":10,"train_precision":0,"_step":11,"train_hamming_loss":0.3431640625,"train_recall":0,"val_recall":0,"train_accuracy":0,"val_hamming_loss":0.340625,"val_precision":0,"_timestamp":1.7286087480776792e+09,"_wandb":{"runtime":0},"_runtime":0.577041,"hamming_loss":0.3431640625,"train_loss":5.141474747422282,"val_f1_score":0,"val_accuracy":0,"train_f1_score":0}