{"val_recall":0.3440159574468085,"train_recall":0.31308058745704065,"val_precision":0.314265605875153,"val_f1_score":0.3284685135405046,"train_f1_score":0.3068389157318208,"_timestamp":1.728597156055755e+09,"train_accuracy":0.6101231190150479,"val_loss":0.16586840657228413,"epoch":199,"_wandb":{"runtime":1},"val_accuracy":0.5355191256830601,"_step":200,"train_precision":0.3008412512112674,"_runtime":1.5235910000000001,"train_loss":0.15333801789068288}