{"train_loss":4.953777724288171,"val_f1_score":0.1014799154334038,"val_loss":5.067655617794811,"train_recall":0.064314171883893,"train_hamming_loss":0.3302734375,"_runtime":0.907315,"train_accuracy":0.6697265625,"_wandb":{"runtime":0},"epoch":13,"hamming_loss":0.3294921875,"val_precision":0.6486486486486487,"_step":14,"train_precision":0.70625,"val_accuracy":0.66796875,"train_f1_score":0.1178925404277517,"val_recall":0.05504587155963303,"_timestamp":1.7286409112973719e+09,"val_hamming_loss":0.33203125}