{"val_loss":5.127916061887845,"val_hamming_loss":0.33515625,"val_f1_score":0.16374269005847955,"_step":36,"val_accuracy":0.66484375,"_runtime":1.594653,"train_precision":0.5801282051282052,"train_hamming_loss":0.3333984375,"train_loss":4.958870716703625,"train_f1_score":0.17496375060415661,"val_recall":0.0963302752293578,"hamming_loss":0.334375,"_timestamp":1.728641886282049e+09,"val_precision":0.5454545454545454,"epoch":35,"train_accuracy":0.6666015625,"_wandb":{"runtime":1},"train_recall":0.10301650540694365}