{"epoch":199,"_wandb":{"runtime":1},"_runtime":1.436655,"r2_val":-0.360133886773891,"mae_val":0.17904950352175797,"val_rmse":0.2580324558203704,"train_mse":0.0900352908668115,"_step":201,"val_r_squared":-0.360133886773891,"train_loss":0.04501764543340575,"mse_train":0.0900352908668115,"train_rmse":0.3000588123465323,"train_r_squared":-1.4233517730654812,"val_mse":0.0665807482566914,"rmse_val":0.2580324558203704,"val_loss":0.0332903741283457,"r2_train":-1.4233517730654812,"_timestamp":1.728681051616081e+09,"mae_train":0.21994325753742153,"rmse_train":0.3000588123465323,"mse_val":0.0665807482566914}