{"hamming_loss":0.3283203125,"_wandb":{"runtime":1},"_timestamp":1.7286405183159838e+09,"val_recall":0.09403669724770643,"train_precision":0.6211180124223602,"train_loss":4.9606847662226015,"val_precision":0.4880952380952381,"train_accuracy":0.6720703125,"val_f1_score":0.1576923076923077,"val_hamming_loss":0.3421875,"_step":32,"train_hamming_loss":0.3279296875,"epoch":31,"val_loss":5.115470558399854,"_runtime":1.36806,"train_f1_score":0.1924001924001924,"train_recall":0.11383039271485487,"val_accuracy":0.6578125}